pmid,doi,title,abstract,year,journal,journal_abbrev,country,language,cited_by,source,graft_assignment
59104566,10.1111/synth.59104566,Long-term outcomes of HLA-A*02:02-mismatched kidney transplantation: focus on DGF,Molecular-level HLA matching has been proposed to refine immunological risk stratification. We retrospectively analyzed a single-center cohort of consecutive kidney transplant recipients. Sensitivity analyses excluding retransplant recipients gave consistent estimates. These findings support incorporating molecular HLA compatibility into allocation algorithms.,2017,Nephrology Dialysis Transplantation,Nephrol Dial Transplant,United Kingdom,eng,44,synthetic,Kidney
73280554,10.1111/synth.73280554,HLA-DQB1*02 and the risk of graft loss in renal transplant recipients,Risk stratification at transplantation still relies largely on antigen-level HLA matching. High-resolution HLA typing was imputed from antigen-level data for donor-recipient pairs. Sensitivity analyses excluding retransplant recipients gave consistent estimates. These findings support incorporating molecular HLA compatibility into allocation algorithms.,1997,Human Immunology,Hum Immunol,United Kingdom,eng,2,synthetic,Kidney
65684858,10.1111/synth.65684858,Revisiting HLA-DRB1*15 as a predictor of acute rejection in renal allograft recipients,"Donor-specific alloimmunity is a leading cause of late kidney allograft failure. Multivariable Cox regression was used to adjust for recipient age, sex and induction therapy. Sensitivity analyses excluding retransplant recipients gave consistent estimates. Prospective validation in an independent cohort is required before clinical implementation.",2020,HLA,HLA,Canada,eng,2,synthetic,Kidney
95831286,10.1111/synth.95831286,Association between HLA-B*07:01 mismatch and IgA nephropathy: a cohort study,Donor-specific alloimmunity is a leading cause of late kidney allograft failure. We retrospectively analyzed a single-center cohort of consecutive kidney transplant recipients. Median follow-up was 7.4 years after transplantation. Prospective validation in an independent cohort is required before clinical implementation.,2019,American Journal of Transplantation,Am J Transplant,Germany,eng,11,synthetic,Kidney
89034501,10.1111/synth.89034501,Eplet-level HLA-A*01:01 matching and acute rejection after renal transplantation,The contribution of HLA compatibility to long-term renal allograft outcome remains debated. We retrospectively analyzed a single-center cohort of consecutive kidney transplant recipients. Sensitivity analyses excluding retransplant recipients gave consistent estimates. Antigen-level matching alone may be insufficient to capture immunological risk.,2012,Transplantation,Transplantation,Canada,eng,28,synthetic,Kidney
18163847,10.1111/synth.18163847,A single-center analysis of HLA-A*01 and sensitization in kidney transplant recipients,The contribution of HLA compatibility to long-term renal allograft outcome remains debated. We retrospectively analyzed a single-center cohort of consecutive kidney transplant recipients. Protocol biopsies were available for a subset of the cohort. Prospective validation in an independent cohort is required before clinical implementation.,2026,HLA,HLA,United States,eng,2,synthetic,Kidney
67723010,10.1111/synth.67723010,HLA-DRB1*04 and the risk of HLA mismatch in renal transplant recipients,"Molecular-level HLA matching has been proposed to refine immunological risk stratification. Multivariable Cox regression was used to adjust for recipient age, sex and induction therapy. Protocol biopsies were available for a subset of the cohort. Our results should be interpreted with caution given the observational design.",2015,Transplantation,Transplantation,Canada,eng,105,synthetic,Kidney
85387867,10.1111/synth.85387867,Eplet-level HLA-DRB1*04 matching and eGFR decline after renal transplantation,The contribution of HLA compatibility to long-term renal allograft outcome remains debated. High-resolution HLA typing was imputed from antigen-level data for donor-recipient pairs. Protocol biopsies were available for a subset of the cohort. Our results should be interpreted with caution given the observational design.,2012,American Journal of Transplantation,Am J Transplant,United States,eng,33,synthetic,Kidney
91737913,10.1111/synth.91737913,Long-term outcomes of HLA-A*02:02-mismatched kidney transplantation: focus on graft loss,Molecular-level HLA matching has been proposed to refine immunological risk stratification. High-resolution HLA typing was imputed from antigen-level data for donor-recipient pairs. Baseline characteristics were comparable between the exposed and unexposed groups. Prospective validation in an independent cohort is required before clinical implementation.,2025,Nephrology Dialysis Transplantation,Nephrol Dial Transplant,United Kingdom,eng,16,synthetic,Kidney
55754284,10.1111/synth.55754284,Impact of HLA-DRB1*03 on acute rejection after kidney transplantation,Donor-specific alloimmunity is a leading cause of late kidney allograft failure. Recipients transplanted over a ten-year period were included and followed prospectively. Baseline characteristics were comparable between the exposed and unexposed groups. These findings support incorporating molecular HLA compatibility into allocation algorithms.,2006,Nephrology Dialysis Transplantation,Nephrol Dial Transplant,Netherlands,eng,28,synthetic,Kidney
38351344,10.1111/synth.38351344,A single-center analysis of HLA-A*01:01 and DGF in kidney transplant recipients,Risk stratification at transplantation still relies largely on antigen-level HLA matching. Recipients transplanted over a ten-year period were included and followed prospectively. Median follow-up was 7.4 years after transplantation. Antigen-level matching alone may be insufficient to capture immunological risk.,2022,Nephrology Dialysis Transplantation,Nephrol Dial Transplant,Japan,eng,29,synthetic,Kidney
95918360,10.1111/synth.95918360,A single-center analysis of HLA-eplet and DSA in kidney transplant recipients,Molecular-level HLA matching has been proposed to refine immunological risk stratification. We retrospectively analyzed a single-center cohort of consecutive kidney transplant recipients. Sensitivity analyses excluding retransplant recipients gave consistent estimates. These findings support incorporating molecular HLA compatibility into allocation algorithms.,2014,American Journal of Transplantation,Am J Transplant,Germany,eng,20,synthetic,Kidney
81216573,10.1111/synth.81216573,Association between HLA-DRB1*15 mismatch and graft loss: a cohort study,Donor-specific alloimmunity is a leading cause of late kidney allograft failure. We retrospectively analyzed a single-center cohort of consecutive kidney transplant recipients. Median follow-up was 7.4 years after transplantation. Our results should be interpreted with caution given the observational design.,2017,Nephrology Dialysis Transplantation,Nephrol Dial Transplant,Germany,eng,6,synthetic,Kidney
52431444,10.1111/synth.52431444,Impact of HLA-DQB1*02:01 on DSA after kidney transplantation,Molecular-level HLA matching has been proposed to refine immunological risk stratification. We retrospectively analyzed a single-center cohort of consecutive kidney transplant recipients. Protocol biopsies were available for a subset of the cohort. Antigen-level matching alone may be insufficient to capture immunological risk.,2005,American Journal of Transplantation,Am J Transplant,Italy,eng,1,synthetic,Kidney
15505975,10.1111/synth.15505975,Association between HLA-B*07 mismatch and graft loss: a cohort study,"The contribution of HLA compatibility to long-term renal allograft outcome remains debated. Multivariable Cox regression was used to adjust for recipient age, sex and induction therapy. Baseline characteristics were comparable between the exposed and unexposed groups. Our results should be interpreted with caution given the observational design.",2015,Human Immunology,Hum Immunol,United States,eng,24,synthetic,Kidney
90246882,10.1111/synth.90246882,Eplet-level HLA-A*01 matching and graft survival after renal transplantation,Molecular-level HLA matching has been proposed to refine immunological risk stratification. High-resolution HLA typing was imputed from antigen-level data for donor-recipient pairs. Median follow-up was 7.4 years after transplantation. Our results should be interpreted with caution given the observational design.,2000,Nephrology Dialysis Transplantation,Nephrol Dial Transplant,United States,eng,49,synthetic,Kidney
96368203,10.1111/synth.96368203,HLA-DRB1*04 and the risk of HLA mismatch in renal transplant recipients,Risk stratification at transplantation still relies largely on antigen-level HLA matching. High-resolution HLA typing was imputed from antigen-level data for donor-recipient pairs. Baseline characteristics were comparable between the exposed and unexposed groups. Our results should be interpreted with caution given the observational design.,2022,Transplantation,Transplantation,Netherlands,eng,4,synthetic,Kidney
30703455,10.1111/synth.30703455,acute rejection in kidney transplantation: the role of HLA-A*01:02,Risk stratification at transplantation still relies largely on antigen-level HLA matching. High-resolution HLA typing was imputed from antigen-level data for donor-recipient pairs. Sensitivity analyses excluding retransplant recipients gave consistent estimates. Prospective validation in an independent cohort is required before clinical implementation.,2006,Human Immunology,Hum Immunol,Japan,eng,13,synthetic,Unspecified
79244185,10.1111/synth.79244185,A single-center analysis of HLA-A*01:02 and acute rejection in kidney transplant recipients,"Donor-specific alloimmunity is a leading cause of late kidney allograft failure. Multivariable Cox regression was used to adjust for recipient age, sex and induction therapy. Baseline characteristics were comparable between the exposed and unexposed groups. Prospective validation in an independent cohort is required before clinical implementation.",2023,Nephrology Dialysis Transplantation,Nephrol Dial Transplant,Italy,eng,48,synthetic,Unspecified
52773159,10.1111/synth.52773159,Association between HLA-A*01:01 mismatch and graft loss: a cohort study,"Risk stratification at transplantation still relies largely on antigen-level HLA matching. Multivariable Cox regression was used to adjust for recipient age, sex and induction therapy. Baseline characteristics were comparable between the exposed and unexposed groups. These findings support incorporating molecular HLA compatibility into allocation algorithms.",2025,Nephrology Dialysis Transplantation,Nephrol Dial Transplant,France,eng,5,synthetic,Kidney
79172559,10.1111/synth.79172559,Revisiting HLA-A*01 as a predictor of CMV infection in renal allograft recipients,"Donor-specific alloimmunity is a leading cause of late kidney allograft failure. Multivariable Cox regression was used to adjust for recipient age, sex and induction therapy. Median follow-up was 7.4 years after transplantation. These findings support incorporating molecular HLA compatibility into allocation algorithms.",2018,Transplantation,Transplantation,Japan,eng,110,synthetic,Kidney
57928328,10.1111/synth.57928328,HLA-DQB1*02:01 and the risk of graft loss in renal transplant recipients,Molecular-level HLA matching has been proposed to refine immunological risk stratification. Recipients transplanted over a ten-year period were included and followed prospectively. Baseline characteristics were comparable between the exposed and unexposed groups. Our results should be interpreted with caution given the observational design.,2022,Nephrology Dialysis Transplantation,Nephrol Dial Transplant,Japan,eng,9,synthetic,Kidney
52358553,10.1111/synth.52358553,Impact of HLA-DRB1*04 on HLA mismatch after kidney transplantation,Donor-specific alloimmunity is a leading cause of late kidney allograft failure. High-resolution HLA typing was imputed from antigen-level data for donor-recipient pairs. Protocol biopsies were available for a subset of the cohort. These findings support incorporating molecular HLA compatibility into allocation algorithms.,2025,Human Immunology,Hum Immunol,Canada,eng,6,synthetic,Kidney
66975380,10.1111/synth.66975380,Long-term outcomes of HLA-A*02-mismatched kidney transplantation: focus on CMV infection,"Molecular-level HLA matching has been proposed to refine immunological risk stratification. Multivariable Cox regression was used to adjust for recipient age, sex and induction therapy. Sensitivity analyses excluding retransplant recipients gave consistent estimates. Prospective validation in an independent cohort is required before clinical implementation.",2001,Human Immunology,Hum Immunol,Italy,eng,24,synthetic,Kidney
14346684,10.1111/synth.14346684,Eplet-level HLA-B*08 matching and DGF after renal transplantation,Molecular-level HLA matching has been proposed to refine immunological risk stratification. High-resolution HLA typing was imputed from antigen-level data for donor-recipient pairs. Median follow-up was 7.4 years after transplantation. These findings support incorporating molecular HLA compatibility into allocation algorithms.,2019,HLA,HLA,France,eng,37,synthetic,Kidney
99635939,10.1111/synth.99635939,Association between HLA-B*07 mismatch and DGF: a cohort study,Donor-specific alloimmunity is a leading cause of late kidney allograft failure. High-resolution HLA typing was imputed from antigen-level data for donor-recipient pairs. Median follow-up was 7.4 years after transplantation. These findings support incorporating molecular HLA compatibility into allocation algorithms.,2012,American Journal of Transplantation,Am J Transplant,Germany,eng,61,synthetic,Kidney
87161840,10.1111/synth.87161840,Revisiting HLA-DPB1*01:02 as a predictor of ABMR in renal allograft recipients,Donor-specific alloimmunity is a leading cause of late kidney allograft failure. Recipients transplanted over a ten-year period were included and followed prospectively. Median follow-up was 7.4 years after transplantation. Antigen-level matching alone may be insufficient to capture immunological risk.,2001,Nephrology Dialysis Transplantation,Nephrol Dial Transplant,Japan,eng,134,synthetic,Kidney
26800072,10.1111/synth.26800072,Association between HLA-DPB1*04 mismatch and complement activation: a cohort study,Donor-specific alloimmunity is a leading cause of late kidney allograft failure. High-resolution HLA typing was imputed from antigen-level data for donor-recipient pairs. Baseline characteristics were comparable between the exposed and unexposed groups. These findings support incorporating molecular HLA compatibility into allocation algorithms.,2019,Human Immunology,Hum Immunol,United States,eng,1,synthetic,Kidney
49920898,10.1111/synth.49920898,A single-center analysis of HLA-DPB1*01 and DGF in kidney transplant recipients,Donor-specific alloimmunity is a leading cause of late kidney allograft failure. High-resolution HLA typing was imputed from antigen-level data for donor-recipient pairs. Median follow-up was 7.4 years after transplantation. Our results should be interpreted with caution given the observational design.,2015,American Journal of Transplantation,Am J Transplant,Canada,eng,45,synthetic,Kidney
53947691,10.1111/synth.53947691,A single-center analysis of HLA-A*01:02 and acute rejection in kidney transplant recipients,Risk stratification at transplantation still relies largely on antigen-level HLA matching. High-resolution HLA typing was imputed from antigen-level data for donor-recipient pairs. Sensitivity analyses excluding retransplant recipients gave consistent estimates. These findings support incorporating molecular HLA compatibility into allocation algorithms.,2025,Nephrology Dialysis Transplantation,Nephrol Dial Transplant,United States,eng,56,synthetic,Kidney
59093843,10.1111/synth.59093843,chronic rejection in kidney transplantation: the role of HLA-A*01,Molecular-level HLA matching has been proposed to refine immunological risk stratification. High-resolution HLA typing was imputed from antigen-level data for donor-recipient pairs. Baseline characteristics were comparable between the exposed and unexposed groups. Antigen-level matching alone may be insufficient to capture immunological risk.,2022,Nephrology Dialysis Transplantation,Nephrol Dial Transplant,Japan,eng,14,synthetic,Kidney
77119320,10.1111/synth.77119320,A single-center analysis of HLA-B*07:01 and DGF in kidney transplant recipients,Risk stratification at transplantation still relies largely on antigen-level HLA matching. Recipients transplanted over a ten-year period were included and followed prospectively. Median follow-up was 7.4 years after transplantation. Our results should be interpreted with caution given the observational design.,1998,American Journal of Transplantation,Am J Transplant,Australia,eng,23,synthetic,Kidney
59440148,10.1111/synth.59440148,Impact of HLA-DQB1*02 on DSA after kidney transplantation,Risk stratification at transplantation still relies largely on antigen-level HLA matching. High-resolution HLA typing was imputed from antigen-level data for donor-recipient pairs. Median follow-up was 7.4 years after transplantation. These findings support incorporating molecular HLA compatibility into allocation algorithms.,2012,American Journal of Transplantation,Am J Transplant,Australia,eng,25,synthetic,Kidney
85280948,10.1111/synth.85280948,Revisiting HLA-B*07 as a predictor of complement activation in renal allograft recipients,Molecular-level HLA matching has been proposed to refine immunological risk stratification. High-resolution HLA typing was imputed from antigen-level data for donor-recipient pairs. Sensitivity analyses excluding retransplant recipients gave consistent estimates. Prospective validation in an independent cohort is required before clinical implementation.,2012,HLA,HLA,Germany,eng,12,synthetic,Kidney
48983895,10.1111/synth.48983895,Long-term outcomes of HLA-DPB1*01-mismatched kidney transplantation: focus on graft loss,Risk stratification at transplantation still relies largely on antigen-level HLA matching. Recipients transplanted over a ten-year period were included and followed prospectively. Median follow-up was 7.4 years after transplantation. Our results should be interpreted with caution given the observational design.,1999,American Journal of Transplantation,Am J Transplant,Japan,eng,69,synthetic,Kidney
73404979,10.1111/synth.73404979,Association between HLA-DPB1*04 mismatch and sensitization: a cohort study,"Risk stratification at transplantation still relies largely on antigen-level HLA matching. Multivariable Cox regression was used to adjust for recipient age, sex and induction therapy. Sensitivity analyses excluding retransplant recipients gave consistent estimates. Prospective validation in an independent cohort is required before clinical implementation.",2003,Transplantation,Transplantation,Netherlands,eng,20,synthetic,Kidney
63283709,10.1111/synth.63283709,HLA-DRB1*15:01 and the risk of skin cancer in renal transplant recipients,Molecular-level HLA matching has been proposed to refine immunological risk stratification. High-resolution HLA typing was imputed from antigen-level data for donor-recipient pairs. Sensitivity analyses excluding retransplant recipients gave consistent estimates. Antigen-level matching alone may be insufficient to capture immunological risk.,2022,Transplantation,Transplantation,United Kingdom,eng,45,synthetic,Kidney
34800912,10.1111/synth.34800912,Long-term outcomes of HLA-A*02:01-mismatched kidney transplantation: focus on graft loss,Risk stratification at transplantation still relies largely on antigen-level HLA matching. Recipients transplanted over a ten-year period were included and followed prospectively. Sensitivity analyses excluding retransplant recipients gave consistent estimates. Our results should be interpreted with caution given the observational design.,2026,HLA,HLA,Canada,eng,6,synthetic,Kidney
51178850,10.1111/synth.51178850,Long-term outcomes of HLA-DRB1*04-mismatched kidney transplantation: focus on graft survival,Molecular-level HLA matching has been proposed to refine immunological risk stratification. Recipients transplanted over a ten-year period were included and followed prospectively. Median follow-up was 7.4 years after transplantation. Prospective validation in an independent cohort is required before clinical implementation.,2006,Human Immunology,Hum Immunol,Italy,eng,7,synthetic,Kidney
86866717,10.1111/synth.86866717,HLA-DPB1*04 and the risk of eGFR decline in renal transplant recipients,"Donor-specific alloimmunity is a leading cause of late kidney allograft failure. Multivariable Cox regression was used to adjust for recipient age, sex and induction therapy. Baseline characteristics were comparable between the exposed and unexposed groups. Antigen-level matching alone may be insufficient to capture immunological risk.",2017,Transplantation,Transplantation,France,eng,19,synthetic,Kidney
39246218,10.1111/synth.39246218,Impact of HLA-DQB1*06 on DGF after kidney transplantation,"The contribution of HLA compatibility to long-term renal allograft outcome remains debated. Multivariable Cox regression was used to adjust for recipient age, sex and induction therapy. Baseline characteristics were comparable between the exposed and unexposed groups. Our results should be interpreted with caution given the observational design.",2018,American Journal of Transplantation,Am J Transplant,Spain,eng,5,synthetic,Kidney
10466177,10.1111/synth.10466177,Eplet-level HLA-DQB1*06 matching and acute rejection after renal transplantation,Donor-specific alloimmunity is a leading cause of late kidney allograft failure. Recipients transplanted over a ten-year period were included and followed prospectively. Sensitivity analyses excluding retransplant recipients gave consistent estimates. Our results should be interpreted with caution given the observational design.,2022,Nephrology Dialysis Transplantation,Nephrol Dial Transplant,United Kingdom,eng,7,synthetic,Multi-organ
90233330,10.1111/synth.90233330,A single-center analysis of HLA-A*01 and chronic rejection in kidney transplant recipients,Donor-specific alloimmunity is a leading cause of late kidney allograft failure. Recipients transplanted over a ten-year period were included and followed prospectively. Baseline characteristics were comparable between the exposed and unexposed groups. Prospective validation in an independent cohort is required before clinical implementation.,2020,American Journal of Transplantation,Am J Transplant,Japan,eng,135,synthetic,Kidney
84721440,10.1111/synth.84721440,Revisiting HLA-DPB1*01 as a predictor of acute rejection in renal allograft recipients,Risk stratification at transplantation still relies largely on antigen-level HLA matching. High-resolution HLA typing was imputed from antigen-level data for donor-recipient pairs. Sensitivity analyses excluding retransplant recipients gave consistent estimates. Antigen-level matching alone may be insufficient to capture immunological risk.,2025,Transplantation,Transplantation,United Kingdom,eng,6,synthetic,Kidney
62132722,10.1111/synth.62132722,A single-center analysis of HLA-A*01 and eGFR decline in kidney transplant recipients,Molecular-level HLA matching has been proposed to refine immunological risk stratification. We retrospectively analyzed a single-center cohort of consecutive kidney transplant recipients. Median follow-up was 7.4 years after transplantation. These findings support incorporating molecular HLA compatibility into allocation algorithms.,2009,Transplantation,Transplantation,Netherlands,eng,20,synthetic,Kidney
50693207,10.1111/synth.50693207,HLA-A*02 and the risk of DGF in renal transplant recipients,Risk stratification at transplantation still relies largely on antigen-level HLA matching. Recipients transplanted over a ten-year period were included and followed prospectively. Median follow-up was 7.4 years after transplantation. Antigen-level matching alone may be insufficient to capture immunological risk.,2025,American Journal of Transplantation,Am J Transplant,Germany,eng,15,synthetic,Kidney
52980983,10.1111/synth.52980983,chronic rejection in kidney transplantation: the role of HLA-A*01,Donor-specific alloimmunity is a leading cause of late kidney allograft failure. We retrospectively analyzed a single-center cohort of consecutive kidney transplant recipients. Protocol biopsies were available for a subset of the cohort. Antigen-level matching alone may be insufficient to capture immunological risk.,2025,Nephrology Dialysis Transplantation,Nephrol Dial Transplant,Netherlands,eng,3,synthetic,Kidney
96126771,10.1111/synth.96126771,Association between HLA-DRB1*03:02 mismatch and recurrent glomerulonephritis: a cohort study,"Donor-specific alloimmunity is a leading cause of late kidney allograft failure. Multivariable Cox regression was used to adjust for recipient age, sex and induction therapy. Median follow-up was 7.4 years after transplantation. These findings support incorporating molecular HLA compatibility into allocation algorithms.",2021,HLA,HLA,Japan,eng,0,synthetic,Kidney
98487646,10.1111/synth.98487646,Long-term outcomes of HLA-B*08:02-mismatched kidney transplantation: focus on IgA nephropathy,Molecular-level HLA matching has been proposed to refine immunological risk stratification. We retrospectively analyzed a single-center cohort of consecutive kidney transplant recipients. Sensitivity analyses excluding retransplant recipients gave consistent estimates. Prospective validation in an independent cohort is required before clinical implementation.,2016,American Journal of Transplantation,Am J Transplant,United States,eng,82,synthetic,Kidney
40314047,10.1111/synth.40314047,HLA-DRB1*04 and the risk of complement activation in renal transplant recipients,"Risk stratification at transplantation still relies largely on antigen-level HLA matching. Multivariable Cox regression was used to adjust for recipient age, sex and induction therapy. Sensitivity analyses excluding retransplant recipients gave consistent estimates. Antigen-level matching alone may be insufficient to capture immunological risk.",2011,American Journal of Transplantation,Am J Transplant,France,eng,41,synthetic,Kidney
38375916,10.1111/synth.38375916,Long-term outcomes of HLA-A*01-mismatched kidney transplantation: focus on chronic rejection,The contribution of HLA compatibility to long-term renal allograft outcome remains debated. Recipients transplanted over a ten-year period were included and followed prospectively. Protocol biopsies were available for a subset of the cohort. These findings support incorporating molecular HLA compatibility into allocation algorithms.,2024,Human Immunology,Hum Immunol,Germany,eng,18,synthetic,Kidney
17207013,10.1111/synth.17207013,Eplet-level HLA-B*07:01 matching and acute rejection after renal transplantation,Molecular-level HLA matching has been proposed to refine immunological risk stratification. We retrospectively analyzed a single-center cohort of consecutive kidney transplant recipients. Protocol biopsies were available for a subset of the cohort. Antigen-level matching alone may be insufficient to capture immunological risk.,2003,Transplantation,Transplantation,Italy,eng,13,synthetic,Kidney
58412365,10.1111/synth.58412365,Eplet-level HLA-DPB1*01 matching and graft loss after renal transplantation,"Risk stratification at transplantation still relies largely on antigen-level HLA matching. Multivariable Cox regression was used to adjust for recipient age, sex and induction therapy. Baseline characteristics were comparable between the exposed and unexposed groups. These findings support incorporating molecular HLA compatibility into allocation algorithms.",2003,American Journal of Transplantation,Am J Transplant,United States,eng,22,synthetic,Kidney
32442197,10.1111/synth.32442197,Revisiting HLA-DRB1*03 as a predictor of graft loss in renal allograft recipients,Molecular-level HLA matching has been proposed to refine immunological risk stratification. Recipients transplanted over a ten-year period were included and followed prospectively. Sensitivity analyses excluding retransplant recipients gave consistent estimates. Prospective validation in an independent cohort is required before clinical implementation.,2015,HLA,HLA,Italy,eng,3,synthetic,Kidney
36957830,10.1111/synth.36957830,DSA in kidney transplantation: the role of HLA-eplet,"Molecular-level HLA matching has been proposed to refine immunological risk stratification. Multivariable Cox regression was used to adjust for recipient age, sex and induction therapy. Protocol biopsies were available for a subset of the cohort. Antigen-level matching alone may be insufficient to capture immunological risk.",2016,Transplantation,Transplantation,Canada,eng,3,synthetic,Kidney
66791272,10.1111/synth.66791272,Eplet-level HLA-DQB1*02 matching and acute rejection after renal transplantation,The contribution of HLA compatibility to long-term renal allograft outcome remains debated. High-resolution HLA typing was imputed from antigen-level data for donor-recipient pairs. Baseline characteristics were comparable between the exposed and unexposed groups. These findings support incorporating molecular HLA compatibility into allocation algorithms.,2022,American Journal of Transplantation,Am J Transplant,Germany,eng,25,synthetic,Kidney
69831384,10.1111/synth.69831384,Impact of HLA-DQB1*02 on DSA after kidney transplantation,Risk stratification at transplantation still relies largely on antigen-level HLA matching. We retrospectively analyzed a single-center cohort of consecutive kidney transplant recipients. Protocol biopsies were available for a subset of the cohort. Antigen-level matching alone may be insufficient to capture immunological risk.,2013,HLA,HLA,United States,eng,4,synthetic,Multi-organ
13031322,10.1111/synth.13031322,acute rejection in kidney transplantation: the role of HLA-A*01:02,Donor-specific alloimmunity is a leading cause of late kidney allograft failure. Recipients transplanted over a ten-year period were included and followed prospectively. Protocol biopsies were available for a subset of the cohort. Antigen-level matching alone may be insufficient to capture immunological risk.,2023,American Journal of Transplantation,Am J Transplant,Italy,eng,5,synthetic,Kidney
87490324,10.1111/synth.87490324,A single-center analysis of HLA-B*07:01 and DGF in kidney transplant recipients,The contribution of HLA compatibility to long-term renal allograft outcome remains debated. High-resolution HLA typing was imputed from antigen-level data for donor-recipient pairs. Sensitivity analyses excluding retransplant recipients gave consistent estimates. Our results should be interpreted with caution given the observational design.,2003,Human Immunology,Hum Immunol,Australia,eng,25,synthetic,Kidney
27978165,10.1111/synth.27978165,Association between HLA-A*02 mismatch and CMV infection: a cohort study,"Risk stratification at transplantation still relies largely on antigen-level HLA matching. Multivariable Cox regression was used to adjust for recipient age, sex and induction therapy. Median follow-up was 7.4 years after transplantation. Antigen-level matching alone may be insufficient to capture immunological risk.",2011,Transplantation,Transplantation,Spain,eng,8,synthetic,Kidney
17195581,10.1111/synth.17195581,A single-center analysis of HLA-A*02 and DGF in kidney transplant recipients,"Risk stratification at transplantation still relies largely on antigen-level HLA matching. Multivariable Cox regression was used to adjust for recipient age, sex and induction therapy. Sensitivity analyses excluding retransplant recipients gave consistent estimates. Antigen-level matching alone may be insufficient to capture immunological risk.",2024,American Journal of Transplantation,Am J Transplant,Italy,eng,3,synthetic,Kidney
59239353,10.1111/synth.59239353,graft loss in kidney transplantation: the role of HLA-DPB1*01,Molecular-level HLA matching has been proposed to refine immunological risk stratification. We retrospectively analyzed a single-center cohort of consecutive kidney transplant recipients. Sensitivity analyses excluding retransplant recipients gave consistent estimates. Our results should be interpreted with caution given the observational design.,2017,American Journal of Transplantation,Am J Transplant,Canada,eng,62,synthetic,Kidney
81441519,10.1111/synth.81441519,Long-term outcomes of HLA-eplet-mismatched kidney transplantation: focus on DSA,Molecular-level HLA matching has been proposed to refine immunological risk stratification. High-resolution HLA typing was imputed from antigen-level data for donor-recipient pairs. Baseline characteristics were comparable between the exposed and unexposed groups. Prospective validation in an independent cohort is required before clinical implementation.,2010,Human Immunology,Hum Immunol,Spain,eng,105,synthetic,Multi-organ
94879557,10.1111/synth.94879557,HLA-A*01 and the risk of eGFR decline in renal transplant recipients,Risk stratification at transplantation still relies largely on antigen-level HLA matching. High-resolution HLA typing was imputed from antigen-level data for donor-recipient pairs. Protocol biopsies were available for a subset of the cohort. Antigen-level matching alone may be insufficient to capture immunological risk.,2010,HLA,HLA,Italy,eng,16,synthetic,Kidney
48063218,10.1111/synth.48063218,Revisiting HLA-DRB1*04 as a predictor of complement activation in renal allograft recipients,The contribution of HLA compatibility to long-term renal allograft outcome remains debated. We retrospectively analyzed a single-center cohort of consecutive kidney transplant recipients. Baseline characteristics were comparable between the exposed and unexposed groups. Antigen-level matching alone may be insufficient to capture immunological risk.,2012,Human Immunology,Hum Immunol,France,eng,5,synthetic,Kidney
31337593,10.1111/synth.31337593,HLA-B*07:02 and the risk of sensitization in renal transplant recipients,Molecular-level HLA matching has been proposed to refine immunological risk stratification. Recipients transplanted over a ten-year period were included and followed prospectively. Baseline characteristics were comparable between the exposed and unexposed groups. Antigen-level matching alone may be insufficient to capture immunological risk.,2024,Nephrology Dialysis Transplantation,Nephrol Dial Transplant,Netherlands,eng,27,synthetic,Kidney
69735865,10.1111/synth.69735865,HLA-mismatch and the risk of acute rejection in renal transplant recipients,"Donor-specific alloimmunity is a leading cause of late kidney allograft failure. Multivariable Cox regression was used to adjust for recipient age, sex and induction therapy. Baseline characteristics were comparable between the exposed and unexposed groups. These findings support incorporating molecular HLA compatibility into allocation algorithms.",1994,Nephrology Dialysis Transplantation,Nephrol Dial Transplant,United States,eng,24,synthetic,Multi-organ
39158087,10.1111/synth.39158087,Eplet-level HLA-A*01:01 matching and acute rejection after renal transplantation,"Molecular-level HLA matching has been proposed to refine immunological risk stratification. Multivariable Cox regression was used to adjust for recipient age, sex and induction therapy. Protocol biopsies were available for a subset of the cohort. Prospective validation in an independent cohort is required before clinical implementation.",2002,American Journal of Transplantation,Am J Transplant,Germany,eng,17,synthetic,Kidney
62579931,10.1111/synth.62579931,mixed rejection in kidney transplantation: the role of HLA-DRB1*03:02,Risk stratification at transplantation still relies largely on antigen-level HLA matching. We retrospectively analyzed a single-center cohort of consecutive kidney transplant recipients. Baseline characteristics were comparable between the exposed and unexposed groups. Our results should be interpreted with caution given the observational design.,2011,American Journal of Transplantation,Am J Transplant,Canada,eng,5,synthetic,Kidney
77249653,10.1111/synth.77249653,Long-term outcomes of HLA-A*01-mismatched kidney transplantation: focus on graft survival,The contribution of HLA compatibility to long-term renal allograft outcome remains debated. High-resolution HLA typing was imputed from antigen-level data for donor-recipient pairs. Baseline characteristics were comparable between the exposed and unexposed groups. Prospective validation in an independent cohort is required before clinical implementation.,2022,HLA,HLA,United Kingdom,eng,18,synthetic,Kidney
33574794,10.1111/synth.33574794,Long-term outcomes of HLA-A*01:02-mismatched kidney transplantation: focus on acute rejection,Donor-specific alloimmunity is a leading cause of late kidney allograft failure. High-resolution HLA typing was imputed from antigen-level data for donor-recipient pairs. Median follow-up was 7.4 years after transplantation. Our results should be interpreted with caution given the observational design.,2004,Transplantation,Transplantation,United States,eng,75,synthetic,Kidney
40655922,10.1111/synth.40655922,eGFR decline in kidney transplantation: the role of HLA-DRB1*04,"The contribution of HLA compatibility to long-term renal allograft outcome remains debated. Multivariable Cox regression was used to adjust for recipient age, sex and induction therapy. Protocol biopsies were available for a subset of the cohort. Antigen-level matching alone may be insufficient to capture immunological risk.",2021,American Journal of Transplantation,Am J Transplant,United Kingdom,eng,5,synthetic,Multi-organ
86710258,10.1111/synth.86710258,Impact of HLA-A*01 on complement activation after kidney transplantation,Risk stratification at transplantation still relies largely on antigen-level HLA matching. We retrospectively analyzed a single-center cohort of consecutive kidney transplant recipients. Sensitivity analyses excluding retransplant recipients gave consistent estimates. Our results should be interpreted with caution given the observational design.,2013,Human Immunology,Hum Immunol,Netherlands,eng,14,synthetic,Kidney
36229153,10.1111/synth.36229153,graft loss in kidney transplantation: the role of HLA-A*02:01,Molecular-level HLA matching has been proposed to refine immunological risk stratification. We retrospectively analyzed a single-center cohort of consecutive kidney transplant recipients. Protocol biopsies were available for a subset of the cohort. These findings support incorporating molecular HLA compatibility into allocation algorithms.,2021,Human Immunology,Hum Immunol,Spain,eng,48,synthetic,Kidney
71533194,10.1111/synth.71533194,Eplet-level HLA-DPB1*04 matching and complement activation after renal transplantation,The contribution of HLA compatibility to long-term renal allograft outcome remains debated. We retrospectively analyzed a single-center cohort of consecutive kidney transplant recipients. Sensitivity analyses excluding retransplant recipients gave consistent estimates. Prospective validation in an independent cohort is required before clinical implementation.,2026,American Journal of Transplantation,Am J Transplant,Germany,eng,6,synthetic,Kidney
26205010,10.1111/synth.26205010,HLA-DPB1*04 and the risk of CMV infection in renal transplant recipients,Donor-specific alloimmunity is a leading cause of late kidney allograft failure. High-resolution HLA typing was imputed from antigen-level data for donor-recipient pairs. Baseline characteristics were comparable between the exposed and unexposed groups. Prospective validation in an independent cohort is required before clinical implementation.,2017,Transplantation,Transplantation,Canada,eng,5,synthetic,Kidney
26301180,10.1111/synth.26301180,Revisiting HLA-DRB1*04 as a predictor of HLA mismatch in renal allograft recipients,The contribution of HLA compatibility to long-term renal allograft outcome remains debated. High-resolution HLA typing was imputed from antigen-level data for donor-recipient pairs. Baseline characteristics were comparable between the exposed and unexposed groups. These findings support incorporating molecular HLA compatibility into allocation algorithms.,1995,Transplantation,Transplantation,United States,eng,14,synthetic,Kidney
63015826,10.1111/synth.63015826,Association between HLA-A*01:02 mismatch and graft loss: a cohort study,Molecular-level HLA matching has been proposed to refine immunological risk stratification. High-resolution HLA typing was imputed from antigen-level data for donor-recipient pairs. Sensitivity analyses excluding retransplant recipients gave consistent estimates. Prospective validation in an independent cohort is required before clinical implementation.,2016,HLA,HLA,France,eng,31,synthetic,Kidney
61338023,10.1111/synth.61338023,Revisiting HLA-DRB1*03 as a predictor of graft loss in renal allograft recipients,Risk stratification at transplantation still relies largely on antigen-level HLA matching. High-resolution HLA typing was imputed from antigen-level data for donor-recipient pairs. Median follow-up was 7.4 years after transplantation. These findings support incorporating molecular HLA compatibility into allocation algorithms.,2022,Nephrology Dialysis Transplantation,Nephrol Dial Transplant,Canada,eng,21,synthetic,Kidney
39448924,10.1111/synth.39448924,Association between HLA-DRB1*04 mismatch and chronic rejection: a cohort study,Donor-specific alloimmunity is a leading cause of late kidney allograft failure. High-resolution HLA typing was imputed from antigen-level data for donor-recipient pairs. Protocol biopsies were available for a subset of the cohort. These findings support incorporating molecular HLA compatibility into allocation algorithms.,2018,HLA,HLA,Canada,eng,88,synthetic,Kidney
80658723,10.1111/synth.80658723,Revisiting HLA-A*02 as a predictor of acute rejection in renal allograft recipients,The contribution of HLA compatibility to long-term renal allograft outcome remains debated. We retrospectively analyzed a single-center cohort of consecutive kidney transplant recipients. Median follow-up was 7.4 years after transplantation. Prospective validation in an independent cohort is required before clinical implementation.,2016,Nephrology Dialysis Transplantation,Nephrol Dial Transplant,United States,eng,61,synthetic,Kidney
86884584,10.1111/synth.86884584,acute rejection in kidney transplantation: the role of HLA-DQB1*02,"The contribution of HLA compatibility to long-term renal allograft outcome remains debated. Multivariable Cox regression was used to adjust for recipient age, sex and induction therapy. Median follow-up was 7.4 years after transplantation. Our results should be interpreted with caution given the observational design.",2014,Human Immunology,Hum Immunol,United States,eng,9,synthetic,Multi-organ
19099261,10.1111/synth.19099261,Association between HLA-A*01 mismatch and chronic rejection: a cohort study,"Risk stratification at transplantation still relies largely on antigen-level HLA matching. Multivariable Cox regression was used to adjust for recipient age, sex and induction therapy. Sensitivity analyses excluding retransplant recipients gave consistent estimates. Our results should be interpreted with caution given the observational design.",2012,American Journal of Transplantation,Am J Transplant,Japan,eng,18,synthetic,Kidney
55358959,10.1111/synth.55358959,Eplet-level HLA-DQB1*06 matching and DGF after renal transplantation,Donor-specific alloimmunity is a leading cause of late kidney allograft failure. We retrospectively analyzed a single-center cohort of consecutive kidney transplant recipients. Baseline characteristics were comparable between the exposed and unexposed groups. Our results should be interpreted with caution given the observational design.,2018,Human Immunology,Hum Immunol,Germany,eng,109,synthetic,Kidney
93898287,10.1111/synth.93898287,Long-term outcomes of HLA-A*02-mismatched kidney transplantation: focus on acute rejection,"The contribution of HLA compatibility to long-term renal allograft outcome remains debated. Multivariable Cox regression was used to adjust for recipient age, sex and induction therapy. Baseline characteristics were comparable between the exposed and unexposed groups. Our results should be interpreted with caution given the observational design.",2019,Transplantation,Transplantation,Spain,eng,18,synthetic,Unspecified
15988382,10.1111/synth.15988382,Impact of HLA-DRB1*04 on chronic rejection after kidney transplantation,Donor-specific alloimmunity is a leading cause of late kidney allograft failure. We retrospectively analyzed a single-center cohort of consecutive kidney transplant recipients. Baseline characteristics were comparable between the exposed and unexposed groups. Our results should be interpreted with caution given the observational design.,2010,HLA,HLA,Japan,eng,22,synthetic,Kidney
86868410,10.1111/synth.86868410,Impact of HLA-B*08 on graft survival after kidney transplantation,Donor-specific alloimmunity is a leading cause of late kidney allograft failure. We retrospectively analyzed a single-center cohort of consecutive kidney transplant recipients. Sensitivity analyses excluding retransplant recipients gave consistent estimates. Prospective validation in an independent cohort is required before clinical implementation.,2024,HLA,HLA,United Kingdom,eng,75,synthetic,Kidney
52916049,10.1111/synth.52916049,Revisiting HLA-DPB1*04 as a predictor of sensitization in renal allograft recipients,"Molecular-level HLA matching has been proposed to refine immunological risk stratification. Multivariable Cox regression was used to adjust for recipient age, sex and induction therapy. Baseline characteristics were comparable between the exposed and unexposed groups. Antigen-level matching alone may be insufficient to capture immunological risk.",2025,American Journal of Transplantation,Am J Transplant,United States,eng,10,synthetic,Kidney
65148727,10.1111/synth.65148727,Eplet-level HLA-DPB1*04 matching and HLA mismatch after renal transplantation,"Donor-specific alloimmunity is a leading cause of late kidney allograft failure. Multivariable Cox regression was used to adjust for recipient age, sex and induction therapy. Baseline characteristics were comparable between the exposed and unexposed groups. Antigen-level matching alone may be insufficient to capture immunological risk.",2010,HLA,HLA,Canada,eng,49,synthetic,Kidney
28036919,10.1111/synth.28036919,HLA-B*07 and the risk of graft loss in renal transplant recipients,"Donor-specific alloimmunity is a leading cause of late kidney allograft failure. Multivariable Cox regression was used to adjust for recipient age, sex and induction therapy. Median follow-up was 7.4 years after transplantation. Antigen-level matching alone may be insufficient to capture immunological risk.",2011,HLA,HLA,Italy,eng,57,synthetic,Kidney
36724061,10.1111/synth.36724061,Impact of HLA-DQB1*02:01 on DSA after kidney transplantation,Donor-specific alloimmunity is a leading cause of late kidney allograft failure. High-resolution HLA typing was imputed from antigen-level data for donor-recipient pairs. Sensitivity analyses excluding retransplant recipients gave consistent estimates. Antigen-level matching alone may be insufficient to capture immunological risk.,2010,HLA,HLA,United Kingdom,eng,135,synthetic,Kidney
39709238,10.1111/synth.39709238,Impact of HLA-B*08:01 on graft survival after kidney transplantation,"The contribution of HLA compatibility to long-term renal allograft outcome remains debated. Multivariable Cox regression was used to adjust for recipient age, sex and induction therapy. Median follow-up was 7.4 years after transplantation. Prospective validation in an independent cohort is required before clinical implementation.",2020,Transplantation,Transplantation,Australia,eng,43,synthetic,Kidney
72639147,10.1111/synth.72639147,Revisiting HLA-B*08 as a predictor of sensitization in renal allograft recipients,Molecular-level HLA matching has been proposed to refine immunological risk stratification. High-resolution HLA typing was imputed from antigen-level data for donor-recipient pairs. Baseline characteristics were comparable between the exposed and unexposed groups. Antigen-level matching alone may be insufficient to capture immunological risk.,2011,Human Immunology,Hum Immunol,United States,eng,16,synthetic,Kidney
28781020,10.1111/synth.28781020,DGF in kidney transplantation: the role of HLA-A*02:02,Molecular-level HLA matching has been proposed to refine immunological risk stratification. Recipients transplanted over a ten-year period were included and followed prospectively. Sensitivity analyses excluding retransplant recipients gave consistent estimates. Our results should be interpreted with caution given the observational design.,2021,HLA,HLA,Japan,eng,9,synthetic,Kidney
59886371,10.1111/synth.59886371,HLA-A*01:01 and the risk of DGF in renal transplant recipients,Risk stratification at transplantation still relies largely on antigen-level HLA matching. Recipients transplanted over a ten-year period were included and followed prospectively. Baseline characteristics were comparable between the exposed and unexposed groups. Antigen-level matching alone may be insufficient to capture immunological risk.,2010,Nephrology Dialysis Transplantation,Nephrol Dial Transplant,Japan,eng,14,synthetic,Kidney
33732951,10.1111/synth.33732951,Association between HLA-A*02:02 mismatch and graft loss: a cohort study,"Donor-specific alloimmunity is a leading cause of late kidney allograft failure. Multivariable Cox regression was used to adjust for recipient age, sex and induction therapy. Baseline characteristics were comparable between the exposed and unexposed groups. Prospective validation in an independent cohort is required before clinical implementation.",2011,American Journal of Transplantation,Am J Transplant,Australia,eng,23,synthetic,Kidney
35578773,10.1111/synth.35578773,Revisiting HLA-A*02:01 as a predictor of graft loss in renal allograft recipients,Molecular-level HLA matching has been proposed to refine immunological risk stratification. Recipients transplanted over a ten-year period were included and followed prospectively. Baseline characteristics were comparable between the exposed and unexposed groups. Antigen-level matching alone may be insufficient to capture immunological risk.,1996,American Journal of Transplantation,Am J Transplant,Japan,eng,55,synthetic,Kidney
64142310,10.1111/synth.64142310,Association between HLA-A*01:01 mismatch and acute rejection: a cohort study,The contribution of HLA compatibility to long-term renal allograft outcome remains debated. High-resolution HLA typing was imputed from antigen-level data for donor-recipient pairs. Baseline characteristics were comparable between the exposed and unexposed groups. Antigen-level matching alone may be insufficient to capture immunological risk.,1996,Transplantation,Transplantation,Netherlands,eng,92,synthetic,Kidney
98916958,10.1111/synth.98916958,HLA-A*01:01 and the risk of graft loss in renal transplant recipients,The contribution of HLA compatibility to long-term renal allograft outcome remains debated. High-resolution HLA typing was imputed from antigen-level data for donor-recipient pairs. Baseline characteristics were comparable between the exposed and unexposed groups. These findings support incorporating molecular HLA compatibility into allocation algorithms.,2017,Human Immunology,Hum Immunol,Italy,eng,6,synthetic,Kidney
74513622,10.1111/synth.74513622,HLA-A*01 and the risk of graft survival in renal transplant recipients,Risk stratification at transplantation still relies largely on antigen-level HLA matching. Recipients transplanted over a ten-year period were included and followed prospectively. Baseline characteristics were comparable between the exposed and unexposed groups. These findings support incorporating molecular HLA compatibility into allocation algorithms.,2012,American Journal of Transplantation,Am J Transplant,United States,eng,91,synthetic,Kidney
51970837,10.1111/synth.51970837,Impact of HLA-DRB1*03 on DGF after kidney transplantation,The contribution of HLA compatibility to long-term renal allograft outcome remains debated. Recipients transplanted over a ten-year period were included and followed prospectively. Median follow-up was 7.4 years after transplantation. Our results should be interpreted with caution given the observational design.,2015,American Journal of Transplantation,Am J Transplant,Canada,eng,77,synthetic,Unspecified
25174194,10.1111/synth.25174194,A single-center analysis of HLA-DRB1*04 and chronic rejection in kidney transplant recipients,"Donor-specific alloimmunity is a leading cause of late kidney allograft failure. Multivariable Cox regression was used to adjust for recipient age, sex and induction therapy. Protocol biopsies were available for a subset of the cohort. These findings support incorporating molecular HLA compatibility into allocation algorithms.",2004,American Journal of Transplantation,Am J Transplant,United Kingdom,eng,33,synthetic,Kidney
96087848,10.1111/synth.96087848,A single-center analysis of HLA-DQB1*02 and graft loss in kidney transplant recipients,Risk stratification at transplantation still relies largely on antigen-level HLA matching. Recipients transplanted over a ten-year period were included and followed prospectively. Baseline characteristics were comparable between the exposed and unexposed groups. Antigen-level matching alone may be insufficient to capture immunological risk.,2013,Human Immunology,Hum Immunol,Canada,eng,10,synthetic,Multi-organ
97694240,10.1111/synth.97694240,HLA-DPB1*04 and the risk of sensitization in renal transplant recipients,Molecular-level HLA matching has been proposed to refine immunological risk stratification. Recipients transplanted over a ten-year period were included and followed prospectively. Sensitivity analyses excluding retransplant recipients gave consistent estimates. Our results should be interpreted with caution given the observational design.,1996,HLA,HLA,Canada,eng,109,synthetic,Kidney
49189370,10.1111/synth.49189370,Eplet-level HLA-A*01 matching and chronic rejection after renal transplantation,The contribution of HLA compatibility to long-term renal allograft outcome remains debated. High-resolution HLA typing was imputed from antigen-level data for donor-recipient pairs. Median follow-up was 7.4 years after transplantation. Prospective validation in an independent cohort is required before clinical implementation.,2017,Nephrology Dialysis Transplantation,Nephrol Dial Transplant,United States,eng,83,synthetic,Kidney
81184297,10.1111/synth.81184297,Association between HLA-DRB1*04 mismatch and chronic rejection: a cohort study,Donor-specific alloimmunity is a leading cause of late kidney allograft failure. Recipients transplanted over a ten-year period were included and followed prospectively. Baseline characteristics were comparable between the exposed and unexposed groups. Antigen-level matching alone may be insufficient to capture immunological risk.,2021,Human Immunology,Hum Immunol,Australia,eng,23,synthetic,Kidney
36962876,10.1111/synth.36962876,Association between HLA-DRB1*15 mismatch and DGF: a cohort study,Molecular-level HLA matching has been proposed to refine immunological risk stratification. We retrospectively analyzed a single-center cohort of consecutive kidney transplant recipients. Protocol biopsies were available for a subset of the cohort. Antigen-level matching alone may be insufficient to capture immunological risk.,2008,Nephrology Dialysis Transplantation,Nephrol Dial Transplant,Australia,eng,38,synthetic,Kidney
36830448,10.1111/synth.36830448,acute rejection in kidney transplantation: the role of HLA-DQB1*03,The contribution of HLA compatibility to long-term renal allograft outcome remains debated. High-resolution HLA typing was imputed from antigen-level data for donor-recipient pairs. Sensitivity analyses excluding retransplant recipients gave consistent estimates. These findings support incorporating molecular HLA compatibility into allocation algorithms.,2010,Transplantation,Transplantation,Australia,eng,85,synthetic,Kidney
93290380,10.1111/synth.93290380,DGF in kidney transplantation: the role of HLA-DRB1*04:02,Donor-specific alloimmunity is a leading cause of late kidney allograft failure. High-resolution HLA typing was imputed from antigen-level data for donor-recipient pairs. Sensitivity analyses excluding retransplant recipients gave consistent estimates. Prospective validation in an independent cohort is required before clinical implementation.,2024,HLA,HLA,United States,eng,4,synthetic,Kidney
90111922,10.1111/synth.90111922,HLA-B*07 and the risk of acute rejection in renal transplant recipients,Molecular-level HLA matching has been proposed to refine immunological risk stratification. Recipients transplanted over a ten-year period were included and followed prospectively. Median follow-up was 7.4 years after transplantation. These findings support incorporating molecular HLA compatibility into allocation algorithms.,1999,Human Immunology,Hum Immunol,Japan,eng,10,synthetic,Kidney
69816445,10.1111/synth.69816445,HLA-A*02:01 and the risk of graft loss in renal transplant recipients,Risk stratification at transplantation still relies largely on antigen-level HLA matching. High-resolution HLA typing was imputed from antigen-level data for donor-recipient pairs. Protocol biopsies were available for a subset of the cohort. These findings support incorporating molecular HLA compatibility into allocation algorithms.,2009,Human Immunology,Hum Immunol,Japan,eng,75,synthetic,Kidney
82176148,10.1111/synth.82176148,Association between HLA-DRB1*15 mismatch and acute rejection: a cohort study,"The contribution of HLA compatibility to long-term renal allograft outcome remains debated. Multivariable Cox regression was used to adjust for recipient age, sex and induction therapy. Protocol biopsies were available for a subset of the cohort. These findings support incorporating molecular HLA compatibility into allocation algorithms.",2023,HLA,HLA,United States,eng,1,synthetic,Kidney
25878730,10.1111/synth.25878730,Impact of HLA-DRB1*03 on ABMR after kidney transplantation,The contribution of HLA compatibility to long-term renal allograft outcome remains debated. High-resolution HLA typing was imputed from antigen-level data for donor-recipient pairs. Baseline characteristics were comparable between the exposed and unexposed groups. Our results should be interpreted with caution given the observational design.,2017,Human Immunology,Hum Immunol,Netherlands,eng,29,synthetic,Kidney
50004466,10.1111/synth.50004466,Eplet-level HLA-A*01 matching and CMV infection after renal transplantation,The contribution of HLA compatibility to long-term renal allograft outcome remains debated. High-resolution HLA typing was imputed from antigen-level data for donor-recipient pairs. Median follow-up was 7.4 years after transplantation. Our results should be interpreted with caution given the observational design.,2020,Nephrology Dialysis Transplantation,Nephrol Dial Transplant,Germany,eng,14,synthetic,Kidney
87926229,10.1111/synth.87926229,Long-term outcomes of HLA-DQB1*03-mismatched kidney transplantation: focus on acute rejection,The contribution of HLA compatibility to long-term renal allograft outcome remains debated. Recipients transplanted over a ten-year period were included and followed prospectively. Protocol biopsies were available for a subset of the cohort. Antigen-level matching alone may be insufficient to capture immunological risk.,2016,Nephrology Dialysis Transplantation,Nephrol Dial Transplant,Italy,eng,13,synthetic,Kidney
28026223,10.1111/synth.28026223,HLA-DPB1*04 and the risk of CMV infection in renal transplant recipients,Donor-specific alloimmunity is a leading cause of late kidney allograft failure. We retrospectively analyzed a single-center cohort of consecutive kidney transplant recipients. Protocol biopsies were available for a subset of the cohort. Prospective validation in an independent cohort is required before clinical implementation.,2020,Nephrology Dialysis Transplantation,Nephrol Dial Transplant,Japan,eng,5,synthetic,Kidney
97766064,10.1111/synth.97766064,Long-term outcomes of HLA-DRB1*04-mismatched kidney transplantation: focus on sensitization,"Donor-specific alloimmunity is a leading cause of late kidney allograft failure. Multivariable Cox regression was used to adjust for recipient age, sex and induction therapy. Baseline characteristics were comparable between the exposed and unexposed groups. Antigen-level matching alone may be insufficient to capture immunological risk.",2022,Nephrology Dialysis Transplantation,Nephrol Dial Transplant,Canada,eng,16,synthetic,Kidney
39369404,10.1111/synth.39369404,Impact of HLA-B*08 on DGF after kidney transplantation,Donor-specific alloimmunity is a leading cause of late kidney allograft failure. High-resolution HLA typing was imputed from antigen-level data for donor-recipient pairs. Sensitivity analyses excluding retransplant recipients gave consistent estimates. Antigen-level matching alone may be insufficient to capture immunological risk.,2022,Transplantation,Transplantation,Italy,eng,51,synthetic,Kidney
60554391,10.1111/synth.60554391,Long-term outcomes of HLA-DRB1*04-mismatched kidney transplantation: focus on sensitization,Risk stratification at transplantation still relies largely on antigen-level HLA matching. Recipients transplanted over a ten-year period were included and followed prospectively. Sensitivity analyses excluding retransplant recipients gave consistent estimates. Our results should be interpreted with caution given the observational design.,2020,Nephrology Dialysis Transplantation,Nephrol Dial Transplant,Canada,eng,18,synthetic,Kidney
98732634,10.1111/synth.98732634,Association between HLA-DPB1*04 mismatch and chronic rejection: a cohort study,Risk stratification at transplantation still relies largely on antigen-level HLA matching. We retrospectively analyzed a single-center cohort of consecutive kidney transplant recipients. Median follow-up was 7.4 years after transplantation. These findings support incorporating molecular HLA compatibility into allocation algorithms.,2009,Nephrology Dialysis Transplantation,Nephrol Dial Transplant,United Kingdom,eng,37,synthetic,Kidney
70291054,10.1111/synth.70291054,Association between HLA-A*01:02 mismatch and graft loss: a cohort study,Molecular-level HLA matching has been proposed to refine immunological risk stratification. Recipients transplanted over a ten-year period were included and followed prospectively. Protocol biopsies were available for a subset of the cohort. Antigen-level matching alone may be insufficient to capture immunological risk.,2019,HLA,HLA,Australia,eng,25,synthetic,Kidney
22507745,10.1111/synth.22507745,Eplet-level HLA-DPB1*04 matching and graft survival after renal transplantation,Risk stratification at transplantation still relies largely on antigen-level HLA matching. High-resolution HLA typing was imputed from antigen-level data for donor-recipient pairs. Baseline characteristics were comparable between the exposed and unexposed groups. Antigen-level matching alone may be insufficient to capture immunological risk.,2016,Transplantation,Transplantation,Germany,eng,91,synthetic,Kidney
79761254,10.1111/synth.79761254,Association between HLA-B*07 mismatch and graft loss: a cohort study,Risk stratification at transplantation still relies largely on antigen-level HLA matching. High-resolution HLA typing was imputed from antigen-level data for donor-recipient pairs. Protocol biopsies were available for a subset of the cohort. Antigen-level matching alone may be insufficient to capture immunological risk.,1994,Transplantation,Transplantation,Australia,eng,30,synthetic,Kidney
28531242,10.1111/synth.28531242,graft loss in kidney transplantation: the role of HLA-DPB1*01,Risk stratification at transplantation still relies largely on antigen-level HLA matching. High-resolution HLA typing was imputed from antigen-level data for donor-recipient pairs. Baseline characteristics were comparable between the exposed and unexposed groups. Prospective validation in an independent cohort is required before clinical implementation.,2024,American Journal of Transplantation,Am J Transplant,Spain,eng,70,synthetic,Kidney
92405066,10.1111/synth.92405066,A single-center analysis of HLA-DQB1*02 and acute rejection in kidney transplant recipients,Risk stratification at transplantation still relies largely on antigen-level HLA matching. We retrospectively analyzed a single-center cohort of consecutive kidney transplant recipients. Median follow-up was 7.4 years after transplantation. Our results should be interpreted with caution given the observational design.,2020,Nephrology Dialysis Transplantation,Nephrol Dial Transplant,Germany,eng,0,synthetic,Kidney
79490249,10.1111/synth.79490249,Revisiting HLA-DPB1*04 as a predictor of sensitization in renal allograft recipients,Molecular-level HLA matching has been proposed to refine immunological risk stratification. Recipients transplanted over a ten-year period were included and followed prospectively. Median follow-up was 7.4 years after transplantation. Antigen-level matching alone may be insufficient to capture immunological risk.,1995,American Journal of Transplantation,Am J Transplant,Spain,eng,55,synthetic,Kidney
71836850,10.1111/synth.71836850,DGF in kidney transplantation: the role of HLA-A*02:02,Donor-specific alloimmunity is a leading cause of late kidney allograft failure. High-resolution HLA typing was imputed from antigen-level data for donor-recipient pairs. Sensitivity analyses excluding retransplant recipients gave consistent estimates. Our results should be interpreted with caution given the observational design.,2024,American Journal of Transplantation,Am J Transplant,Japan,eng,16,synthetic,Kidney
87002404,10.1111/synth.87002404,Long-term outcomes of HLA-A*02-mismatched kidney transplantation: focus on acute rejection,Donor-specific alloimmunity is a leading cause of late kidney allograft failure. Recipients transplanted over a ten-year period were included and followed prospectively. Median follow-up was 7.4 years after transplantation. Prospective validation in an independent cohort is required before clinical implementation.,2010,Transplantation,Transplantation,Australia,eng,18,synthetic,Kidney
76080806,10.1111/synth.76080806,Long-term outcomes of HLA-DPB1*04-mismatched kidney transplantation: focus on chronic rejection,Risk stratification at transplantation still relies largely on antigen-level HLA matching. Recipients transplanted over a ten-year period were included and followed prospectively. Median follow-up was 7.4 years after transplantation. These findings support incorporating molecular HLA compatibility into allocation algorithms.,2024,Human Immunology,Hum Immunol,Japan,eng,33,synthetic,Kidney
53679307,10.1111/synth.53679307,Long-term outcomes of HLA-A*02:02-mismatched kidney transplantation: focus on acute rejection,Risk stratification at transplantation still relies largely on antigen-level HLA matching. High-resolution HLA typing was imputed from antigen-level data for donor-recipient pairs. Protocol biopsies were available for a subset of the cohort. Prospective validation in an independent cohort is required before clinical implementation.,2013,Nephrology Dialysis Transplantation,Nephrol Dial Transplant,Italy,eng,20,synthetic,Kidney
84536479,10.1111/synth.84536479,Association between HLA-DRB1*04 mismatch and CMV infection: a cohort study,Risk stratification at transplantation still relies largely on antigen-level HLA matching. We retrospectively analyzed a single-center cohort of consecutive kidney transplant recipients. Median follow-up was 7.4 years after transplantation. Antigen-level matching alone may be insufficient to capture immunological risk.,2015,HLA,HLA,Italy,eng,4,synthetic,Unspecified
22925420,10.1111/synth.22925420,Long-term outcomes of HLA-B*07:02-mismatched kidney transplantation: focus on sensitization,Molecular-level HLA matching has been proposed to refine immunological risk stratification. We retrospectively analyzed a single-center cohort of consecutive kidney transplant recipients. Sensitivity analyses excluding retransplant recipients gave consistent estimates. These findings support incorporating molecular HLA compatibility into allocation algorithms.,2015,Nephrology Dialysis Transplantation,Nephrol Dial Transplant,Canada,eng,69,synthetic,Multi-organ
69985944,10.1111/synth.69985944,Association between HLA-DPB1*04 mismatch and CMV infection: a cohort study,"Molecular-level HLA matching has been proposed to refine immunological risk stratification. Multivariable Cox regression was used to adjust for recipient age, sex and induction therapy. Sensitivity analyses excluding retransplant recipients gave consistent estimates. These findings support incorporating molecular HLA compatibility into allocation algorithms.",2024,HLA,HLA,United States,eng,3,synthetic,Kidney
65564671,10.1111/synth.65564671,Long-term outcomes of HLA-A*02:01-mismatched kidney transplantation: focus on acute rejection,The contribution of HLA compatibility to long-term renal allograft outcome remains debated. Recipients transplanted over a ten-year period were included and followed prospectively. Median follow-up was 7.4 years after transplantation. Antigen-level matching alone may be insufficient to capture immunological risk.,2006,American Journal of Transplantation,Am J Transplant,United States,eng,4,synthetic,Unspecified
48141360,10.1111/synth.48141360,Impact of HLA-DRB1*04 on chronic rejection after kidney transplantation,The contribution of HLA compatibility to long-term renal allograft outcome remains debated. High-resolution HLA typing was imputed from antigen-level data for donor-recipient pairs. Protocol biopsies were available for a subset of the cohort. Antigen-level matching alone may be insufficient to capture immunological risk.,2015,Transplantation,Transplantation,Italy,eng,127,synthetic,Kidney
94697764,10.1111/synth.94697764,Revisiting HLA-DQB1*02:01 as a predictor of DSA in renal allograft recipients,Risk stratification at transplantation still relies largely on antigen-level HLA matching. Recipients transplanted over a ten-year period were included and followed prospectively. Baseline characteristics were comparable between the exposed and unexposed groups. Antigen-level matching alone may be insufficient to capture immunological risk.,2022,Human Immunology,Hum Immunol,Netherlands,eng,10,synthetic,Kidney
50213043,10.1111/synth.50213043,acute rejection in kidney transplantation: the role of HLA-DQB1*02,"Risk stratification at transplantation still relies largely on antigen-level HLA matching. Multivariable Cox regression was used to adjust for recipient age, sex and induction therapy. Sensitivity analyses excluding retransplant recipients gave consistent estimates. Prospective validation in an independent cohort is required before clinical implementation.",1994,HLA,HLA,United Kingdom,eng,82,synthetic,Kidney
95482292,10.1111/synth.95482292,ABMR in kidney transplantation: the role of HLA-DQB1*02:01,Molecular-level HLA matching has been proposed to refine immunological risk stratification. We retrospectively analyzed a single-center cohort of consecutive kidney transplant recipients. Median follow-up was 7.4 years after transplantation. These findings support incorporating molecular HLA compatibility into allocation algorithms.,2015,HLA,HLA,Japan,eng,0,synthetic,Unspecified
55890766,10.1111/synth.55890766,Association between HLA-DPB1*04 mismatch and CMV infection: a cohort study,The contribution of HLA compatibility to long-term renal allograft outcome remains debated. High-resolution HLA typing was imputed from antigen-level data for donor-recipient pairs. Sensitivity analyses excluding retransplant recipients gave consistent estimates. These findings support incorporating molecular HLA compatibility into allocation algorithms.,2014,HLA,HLA,Japan,eng,22,synthetic,Kidney
53360807,10.1111/synth.53360807,Long-term outcomes of HLA-DPB1*04-mismatched kidney transplantation: focus on sensitization,Donor-specific alloimmunity is a leading cause of late kidney allograft failure. High-resolution HLA typing was imputed from antigen-level data for donor-recipient pairs. Baseline characteristics were comparable between the exposed and unexposed groups. Prospective validation in an independent cohort is required before clinical implementation.,2006,American Journal of Transplantation,Am J Transplant,United States,eng,12,synthetic,Kidney
43382936,10.1111/synth.43382936,Impact of HLA-B*07:01 on acute rejection after kidney transplantation,The contribution of HLA compatibility to long-term renal allograft outcome remains debated. High-resolution HLA typing was imputed from antigen-level data for donor-recipient pairs. Median follow-up was 7.4 years after transplantation. These findings support incorporating molecular HLA compatibility into allocation algorithms.,2006,American Journal of Transplantation,Am J Transplant,United Kingdom,eng,32,synthetic,Kidney
68720256,10.1111/synth.68720256,Revisiting HLA-A*02 as a predictor of DGF in renal allograft recipients,"Molecular-level HLA matching has been proposed to refine immunological risk stratification. Multivariable Cox regression was used to adjust for recipient age, sex and induction therapy. Protocol biopsies were available for a subset of the cohort. Prospective validation in an independent cohort is required before clinical implementation.",2018,Human Immunology,Hum Immunol,United States,eng,22,synthetic,Kidney
82337519,10.1111/synth.82337519,Long-term outcomes of HLA-DPB1*04-mismatched kidney transplantation: focus on complement activation,"Molecular-level HLA matching has been proposed to refine immunological risk stratification. Multivariable Cox regression was used to adjust for recipient age, sex and induction therapy. Protocol biopsies were available for a subset of the cohort. These findings support incorporating molecular HLA compatibility into allocation algorithms.",2023,Transplantation,Transplantation,United States,eng,16,synthetic,Kidney
16588161,10.1111/synth.16588161,HLA-A*01 and the risk of CMV infection in renal transplant recipients,Risk stratification at transplantation still relies largely on antigen-level HLA matching. We retrospectively analyzed a single-center cohort of consecutive kidney transplant recipients. Protocol biopsies were available for a subset of the cohort. Antigen-level matching alone may be insufficient to capture immunological risk.,2013,Human Immunology,Hum Immunol,Canada,eng,59,synthetic,Kidney
86507818,10.1111/synth.86507818,Revisiting HLA-DPB1*04 as a predictor of sensitization in renal allograft recipients,"Risk stratification at transplantation still relies largely on antigen-level HLA matching. Multivariable Cox regression was used to adjust for recipient age, sex and induction therapy. Baseline characteristics were comparable between the exposed and unexposed groups. Prospective validation in an independent cohort is required before clinical implementation.",2019,Transplantation,Transplantation,United Kingdom,eng,22,synthetic,Kidney
91659860,10.1111/synth.91659860,Long-term outcomes of HLA-DRB1*03-mismatched kidney transplantation: focus on acute rejection,"Molecular-level HLA matching has been proposed to refine immunological risk stratification. Multivariable Cox regression was used to adjust for recipient age, sex and induction therapy. Sensitivity analyses excluding retransplant recipients gave consistent estimates. Antigen-level matching alone may be insufficient to capture immunological risk.",2009,Human Immunology,Hum Immunol,France,eng,56,synthetic,Multi-organ
84311410,10.1111/synth.84311410,Revisiting HLA-A*01:02 as a predictor of DGF in renal allograft recipients,Donor-specific alloimmunity is a leading cause of late kidney allograft failure. Recipients transplanted over a ten-year period were included and followed prospectively. Protocol biopsies were available for a subset of the cohort. Our results should be interpreted with caution given the observational design.,2017,Human Immunology,Hum Immunol,United States,eng,26,synthetic,Kidney
65904597,10.1111/synth.65904597,Impact of HLA-A*02:01 on DGF after kidney transplantation,Risk stratification at transplantation still relies largely on antigen-level HLA matching. We retrospectively analyzed a single-center cohort of consecutive kidney transplant recipients. Protocol biopsies were available for a subset of the cohort. These findings support incorporating molecular HLA compatibility into allocation algorithms.,2025,American Journal of Transplantation,Am J Transplant,Canada,eng,15,synthetic,Kidney
73868130,10.1111/synth.73868130,Eplet-level HLA-A*02:02 matching and acute rejection after renal transplantation,Donor-specific alloimmunity is a leading cause of late kidney allograft failure. Recipients transplanted over a ten-year period were included and followed prospectively. Sensitivity analyses excluding retransplant recipients gave consistent estimates. Prospective validation in an independent cohort is required before clinical implementation.,2018,American Journal of Transplantation,Am J Transplant,Italy,eng,15,synthetic,Kidney
53048774,10.1111/synth.53048774,A single-center analysis of HLA-A*01:02 and graft loss in kidney transplant recipients,"Donor-specific alloimmunity is a leading cause of late kidney allograft failure. Multivariable Cox regression was used to adjust for recipient age, sex and induction therapy. Baseline characteristics were comparable between the exposed and unexposed groups. Prospective validation in an independent cohort is required before clinical implementation.",2012,American Journal of Transplantation,Am J Transplant,Germany,eng,45,synthetic,Kidney
82209870,10.1111/synth.82209870,Association between HLA-A*02:02 mismatch and DGF: a cohort study,"The contribution of HLA compatibility to long-term renal allograft outcome remains debated. Multivariable Cox regression was used to adjust for recipient age, sex and induction therapy. Baseline characteristics were comparable between the exposed and unexposed groups. Our results should be interpreted with caution given the observational design.",2008,Human Immunology,Hum Immunol,United Kingdom,eng,2,synthetic,Kidney
61878269,10.1111/synth.61878269,A single-center analysis of HLA-DQB1*06 and DGF in kidney transplant recipients,The contribution of HLA compatibility to long-term renal allograft outcome remains debated. Recipients transplanted over a ten-year period were included and followed prospectively. Median follow-up was 7.4 years after transplantation. Antigen-level matching alone may be insufficient to capture immunological risk.,2009,HLA,HLA,Japan,eng,113,synthetic,Kidney
77276832,10.1111/synth.77276832,Impact of HLA-DRB1*04 on graft survival after kidney transplantation,Molecular-level HLA matching has been proposed to refine immunological risk stratification. Recipients transplanted over a ten-year period were included and followed prospectively. Median follow-up was 7.4 years after transplantation. Our results should be interpreted with caution given the observational design.,2010,American Journal of Transplantation,Am J Transplant,Spain,eng,44,synthetic,Kidney
70286467,10.1111/synth.70286467,DSA in kidney transplantation: the role of HLA-DQB1*02,Donor-specific alloimmunity is a leading cause of late kidney allograft failure. High-resolution HLA typing was imputed from antigen-level data for donor-recipient pairs. Median follow-up was 7.4 years after transplantation. Antigen-level matching alone may be insufficient to capture immunological risk.,2017,Transplantation,Transplantation,United Kingdom,eng,33,synthetic,Kidney
65197277,10.1111/synth.65197277,Association between HLA-A*02 mismatch and CMV infection: a cohort study,Donor-specific alloimmunity is a leading cause of late kidney allograft failure. We retrospectively analyzed a single-center cohort of consecutive kidney transplant recipients. Protocol biopsies were available for a subset of the cohort. Prospective validation in an independent cohort is required before clinical implementation.,2011,Nephrology Dialysis Transplantation,Nephrol Dial Transplant,Australia,eng,10,synthetic,Kidney
75960711,10.1111/synth.75960711,Impact of HLA-A*01 on IgA nephropathy after kidney transplantation,"Molecular-level HLA matching has been proposed to refine immunological risk stratification. Multivariable Cox regression was used to adjust for recipient age, sex and induction therapy. Median follow-up was 7.4 years after transplantation. Prospective validation in an independent cohort is required before clinical implementation.",2016,Transplantation,Transplantation,Germany,eng,2,synthetic,Unspecified
92074794,10.1111/synth.92074794,Impact of HLA-DPB1*04 on eGFR decline after kidney transplantation,"The contribution of HLA compatibility to long-term renal allograft outcome remains debated. Multivariable Cox regression was used to adjust for recipient age, sex and induction therapy. Sensitivity analyses excluding retransplant recipients gave consistent estimates. These findings support incorporating molecular HLA compatibility into allocation algorithms.",2025,Human Immunology,Hum Immunol,Germany,eng,14,synthetic,Kidney
92293489,10.1111/synth.92293489,Association between HLA-DPB1*04 mismatch and CMV infection: a cohort study,"Donor-specific alloimmunity is a leading cause of late kidney allograft failure. Multivariable Cox regression was used to adjust for recipient age, sex and induction therapy. Sensitivity analyses excluding retransplant recipients gave consistent estimates. Our results should be interpreted with caution given the observational design.",2025,Human Immunology,Hum Immunol,Italy,eng,0,synthetic,Kidney
60825385,10.1111/synth.60825385,Association between HLA-DRB1*04:02 mismatch and NODAT: a cohort study,Donor-specific alloimmunity is a leading cause of late kidney allograft failure. Recipients transplanted over a ten-year period were included and followed prospectively. Median follow-up was 7.4 years after transplantation. These findings support incorporating molecular HLA compatibility into allocation algorithms.,2018,American Journal of Transplantation,Am J Transplant,Spain,eng,11,synthetic,Kidney
70899748,10.1111/synth.70899748,Long-term outcomes of HLA-A*01-mismatched kidney transplantation: focus on CMV infection,Donor-specific alloimmunity is a leading cause of late kidney allograft failure. We retrospectively analyzed a single-center cohort of consecutive kidney transplant recipients. Median follow-up was 7.4 years after transplantation. Prospective validation in an independent cohort is required before clinical implementation.,2014,American Journal of Transplantation,Am J Transplant,France,eng,38,synthetic,Kidney
71114408,10.1111/synth.71114408,HLA-A*01 and the risk of graft survival in renal transplant recipients,Risk stratification at transplantation still relies largely on antigen-level HLA matching. We retrospectively analyzed a single-center cohort of consecutive kidney transplant recipients. Protocol biopsies were available for a subset of the cohort. Antigen-level matching alone may be insufficient to capture immunological risk.,2022,Nephrology Dialysis Transplantation,Nephrol Dial Transplant,United Kingdom,eng,3,synthetic,Kidney
57493391,10.1111/synth.57493391,A single-center analysis of HLA-DPB1*04 and eGFR decline in kidney transplant recipients,Donor-specific alloimmunity is a leading cause of late kidney allograft failure. Recipients transplanted over a ten-year period were included and followed prospectively. Protocol biopsies were available for a subset of the cohort. Prospective validation in an independent cohort is required before clinical implementation.,2025,Human Immunology,Hum Immunol,France,eng,2,synthetic,Kidney
51308532,10.1111/synth.51308532,Revisiting HLA-A*01 as a predictor of CMV infection in renal allograft recipients,"Molecular-level HLA matching has been proposed to refine immunological risk stratification. Multivariable Cox regression was used to adjust for recipient age, sex and induction therapy. Baseline characteristics were comparable between the exposed and unexposed groups. Prospective validation in an independent cohort is required before clinical implementation.",2011,Human Immunology,Hum Immunol,Germany,eng,16,synthetic,Kidney
65559839,10.1111/synth.65559839,Impact of HLA-B*07 on IgA nephropathy after kidney transplantation,Donor-specific alloimmunity is a leading cause of late kidney allograft failure. High-resolution HLA typing was imputed from antigen-level data for donor-recipient pairs. Protocol biopsies were available for a subset of the cohort. These findings support incorporating molecular HLA compatibility into allocation algorithms.,2025,American Journal of Transplantation,Am J Transplant,United Kingdom,eng,6,synthetic,Kidney
39009803,10.1111/synth.39009803,graft loss in kidney transplantation: the role of HLA-DRB1*03,"The contribution of HLA compatibility to long-term renal allograft outcome remains debated. Multivariable Cox regression was used to adjust for recipient age, sex and induction therapy. Baseline characteristics were comparable between the exposed and unexposed groups. Antigen-level matching alone may be insufficient to capture immunological risk.",2017,Transplantation,Transplantation,Japan,eng,5,synthetic,Kidney
27812995,10.1111/synth.27812995,Impact of HLA-DQB1*06 on acute rejection after kidney transplantation,Molecular-level HLA matching has been proposed to refine immunological risk stratification. We retrospectively analyzed a single-center cohort of consecutive kidney transplant recipients. Baseline characteristics were comparable between the exposed and unexposed groups. Our results should be interpreted with caution given the observational design.,2008,American Journal of Transplantation,Am J Transplant,Italy,eng,98,synthetic,Kidney
30041488,10.1111/synth.30041488,HLA-DQB1*02:01 and the risk of ABMR in renal transplant recipients,Donor-specific alloimmunity is a leading cause of late kidney allograft failure. High-resolution HLA typing was imputed from antigen-level data for donor-recipient pairs. Protocol biopsies were available for a subset of the cohort. Our results should be interpreted with caution given the observational design.,2006,American Journal of Transplantation,Am J Transplant,United Kingdom,eng,137,synthetic,Kidney
16772091,10.1111/synth.16772091,A single-center analysis of HLA-B*08 and graft loss in kidney transplant recipients,Molecular-level HLA matching has been proposed to refine immunological risk stratification. High-resolution HLA typing was imputed from antigen-level data for donor-recipient pairs. Protocol biopsies were available for a subset of the cohort. Prospective validation in an independent cohort is required before clinical implementation.,2003,American Journal of Transplantation,Am J Transplant,Japan,eng,4,synthetic,Unspecified
29289997,10.1111/synth.29289997,Association between HLA-B*08 mismatch and DGF: a cohort study,Molecular-level HLA matching has been proposed to refine immunological risk stratification. High-resolution HLA typing was imputed from antigen-level data for donor-recipient pairs. Sensitivity analyses excluding retransplant recipients gave consistent estimates. Antigen-level matching alone may be insufficient to capture immunological risk.,2024,Human Immunology,Hum Immunol,France,eng,1,synthetic,Kidney
53737494,10.1111/synth.53737494,graft survival in kidney transplantation: the role of HLA-DPB1*04,"Donor-specific alloimmunity is a leading cause of late kidney allograft failure. Multivariable Cox regression was used to adjust for recipient age, sex and induction therapy. Sensitivity analyses excluding retransplant recipients gave consistent estimates. These findings support incorporating molecular HLA compatibility into allocation algorithms.",2018,American Journal of Transplantation,Am J Transplant,Canada,eng,7,synthetic,Kidney
84502610,10.1111/synth.84502610,HLA-DRB1*15 and the risk of graft loss in renal transplant recipients,"The contribution of HLA compatibility to long-term renal allograft outcome remains debated. Multivariable Cox regression was used to adjust for recipient age, sex and induction therapy. Protocol biopsies were available for a subset of the cohort. Antigen-level matching alone may be insufficient to capture immunological risk.",2003,HLA,HLA,France,eng,4,synthetic,Kidney
36261929,10.1111/synth.36261929,Long-term outcomes of HLA-DRB1*03:02-mismatched kidney transplantation: focus on recurrent glomerulonephritis,Risk stratification at transplantation still relies largely on antigen-level HLA matching. High-resolution HLA typing was imputed from antigen-level data for donor-recipient pairs. Baseline characteristics were comparable between the exposed and unexposed groups. These findings support incorporating molecular HLA compatibility into allocation algorithms.,2008,Nephrology Dialysis Transplantation,Nephrol Dial Transplant,Australia,eng,193,synthetic,Kidney
24723458,10.1111/synth.24723458,Eplet-level HLA-DQB1*06 matching and DGF after renal transplantation,"Molecular-level HLA matching has been proposed to refine immunological risk stratification. Multivariable Cox regression was used to adjust for recipient age, sex and induction therapy. Sensitivity analyses excluding retransplant recipients gave consistent estimates. Antigen-level matching alone may be insufficient to capture immunological risk.",2024,American Journal of Transplantation,Am J Transplant,Spain,eng,16,synthetic,Kidney
28022414,10.1111/synth.28022414,Eplet-level HLA-DRB1*04 matching and graft survival after renal transplantation,Donor-specific alloimmunity is a leading cause of late kidney allograft failure. We retrospectively analyzed a single-center cohort of consecutive kidney transplant recipients. Median follow-up was 7.4 years after transplantation. Antigen-level matching alone may be insufficient to capture immunological risk.,1995,American Journal of Transplantation,Am J Transplant,Italy,eng,144,synthetic,Kidney
77340900,10.1111/synth.77340900,A single-center analysis of HLA-A*01 and NODAT in kidney transplant recipients,Molecular-level HLA matching has been proposed to refine immunological risk stratification. We retrospectively analyzed a single-center cohort of consecutive kidney transplant recipients. Sensitivity analyses excluding retransplant recipients gave consistent estimates. These findings support incorporating molecular HLA compatibility into allocation algorithms.,2010,Human Immunology,Hum Immunol,United Kingdom,eng,55,synthetic,Kidney
81810948,10.1111/synth.81810948,Revisiting HLA-DRB1*04 as a predictor of sensitization in renal allograft recipients,Risk stratification at transplantation still relies largely on antigen-level HLA matching. High-resolution HLA typing was imputed from antigen-level data for donor-recipient pairs. Protocol biopsies were available for a subset of the cohort. Our results should be interpreted with caution given the observational design.,2022,HLA,HLA,United Kingdom,eng,0,synthetic,Unspecified
27021671,10.1111/synth.27021671,Long-term outcomes of HLA-DQB1*02:01-mismatched kidney transplantation: focus on ABMR,Molecular-level HLA matching has been proposed to refine immunological risk stratification. We retrospectively analyzed a single-center cohort of consecutive kidney transplant recipients. Baseline characteristics were comparable between the exposed and unexposed groups. Prospective validation in an independent cohort is required before clinical implementation.,2016,Nephrology Dialysis Transplantation,Nephrol Dial Transplant,Australia,eng,44,synthetic,Kidney
21328172,10.1111/synth.21328172,DGF in kidney transplantation: the role of HLA-A*01:02,Risk stratification at transplantation still relies largely on antigen-level HLA matching. Recipients transplanted over a ten-year period were included and followed prospectively. Median follow-up was 7.4 years after transplantation. Our results should be interpreted with caution given the observational design.,2025,Human Immunology,Hum Immunol,France,eng,20,synthetic,Kidney
23068017,10.1111/synth.23068017,Long-term outcomes of HLA-DPB1*01-mismatched kidney transplantation: focus on acute rejection,The contribution of HLA compatibility to long-term renal allograft outcome remains debated. High-resolution HLA typing was imputed from antigen-level data for donor-recipient pairs. Sensitivity analyses excluding retransplant recipients gave consistent estimates. Antigen-level matching alone may be insufficient to capture immunological risk.,2025,Nephrology Dialysis Transplantation,Nephrol Dial Transplant,Germany,eng,25,synthetic,Kidney
43808923,10.1111/synth.43808923,complement activation in kidney transplantation: the role of HLA-A*01,The contribution of HLA compatibility to long-term renal allograft outcome remains debated. We retrospectively analyzed a single-center cohort of consecutive kidney transplant recipients. Baseline characteristics were comparable between the exposed and unexposed groups. Prospective validation in an independent cohort is required before clinical implementation.,2007,American Journal of Transplantation,Am J Transplant,Spain,eng,49,synthetic,Multi-organ
47216895,10.1111/synth.47216895,Long-term outcomes of HLA-mismatch-mismatched kidney transplantation: focus on acute rejection,"Donor-specific alloimmunity is a leading cause of late kidney allograft failure. Multivariable Cox regression was used to adjust for recipient age, sex and induction therapy. Baseline characteristics were comparable between the exposed and unexposed groups. Antigen-level matching alone may be insufficient to capture immunological risk.",2022,HLA,HLA,Germany,eng,22,synthetic,Kidney
69845276,10.1111/synth.69845276,Impact of HLA-DQB1*02:01 on DSA after kidney transplantation,Risk stratification at transplantation still relies largely on antigen-level HLA matching. High-resolution HLA typing was imputed from antigen-level data for donor-recipient pairs. Median follow-up was 7.4 years after transplantation. Our results should be interpreted with caution given the observational design.,1996,HLA,HLA,Spain,eng,53,synthetic,Kidney
58173202,10.1111/synth.58173202,HLA-DQB1*02:01 and the risk of DSA in renal transplant recipients,Molecular-level HLA matching has been proposed to refine immunological risk stratification. High-resolution HLA typing was imputed from antigen-level data for donor-recipient pairs. Baseline characteristics were comparable between the exposed and unexposed groups. Antigen-level matching alone may be insufficient to capture immunological risk.,2012,Nephrology Dialysis Transplantation,Nephrol Dial Transplant,Netherlands,eng,40,synthetic,Kidney
35429494,10.1111/synth.35429494,acute rejection in kidney transplantation: the role of HLA-mismatch,"Risk stratification at transplantation still relies largely on antigen-level HLA matching. Multivariable Cox regression was used to adjust for recipient age, sex and induction therapy. Baseline characteristics were comparable between the exposed and unexposed groups. Our results should be interpreted with caution given the observational design.",2005,Transplantation,Transplantation,Italy,eng,37,synthetic,Kidney
97758252,10.1111/synth.97758252,HLA-DRB1*04 and the risk of eGFR decline in renal transplant recipients,The contribution of HLA compatibility to long-term renal allograft outcome remains debated. Recipients transplanted over a ten-year period were included and followed prospectively. Sensitivity analyses excluding retransplant recipients gave consistent estimates. These findings support incorporating molecular HLA compatibility into allocation algorithms.,2020,HLA,HLA,Italy,eng,64,synthetic,Kidney
55277425,10.1111/synth.55277425,Association between HLA-eplet mismatch and DSA: a cohort study,Molecular-level HLA matching has been proposed to refine immunological risk stratification. Recipients transplanted over a ten-year period were included and followed prospectively. Baseline characteristics were comparable between the exposed and unexposed groups. Prospective validation in an independent cohort is required before clinical implementation.,2023,HLA,HLA,Canada,eng,1,synthetic,Kidney
12097866,10.1111/synth.12097866,HLA-A*02 and the risk of CMV infection in renal transplant recipients,"Molecular-level HLA matching has been proposed to refine immunological risk stratification. Multivariable Cox regression was used to adjust for recipient age, sex and induction therapy. Sensitivity analyses excluding retransplant recipients gave consistent estimates. Prospective validation in an independent cohort is required before clinical implementation.",2024,American Journal of Transplantation,Am J Transplant,Germany,eng,3,synthetic,Kidney
94180238,10.1111/synth.94180238,CMV infection in kidney transplantation: the role of HLA-A*01,Donor-specific alloimmunity is a leading cause of late kidney allograft failure. We retrospectively analyzed a single-center cohort of consecutive kidney transplant recipients. Baseline characteristics were comparable between the exposed and unexposed groups. Our results should be interpreted with caution given the observational design.,2023,Nephrology Dialysis Transplantation,Nephrol Dial Transplant,Japan,eng,15,synthetic,Kidney
99945021,10.1111/synth.99945021,Revisiting HLA-A*02:02 as a predictor of graft loss in renal allograft recipients,Risk stratification at transplantation still relies largely on antigen-level HLA matching. We retrospectively analyzed a single-center cohort of consecutive kidney transplant recipients. Baseline characteristics were comparable between the exposed and unexposed groups. These findings support incorporating molecular HLA compatibility into allocation algorithms.,2025,American Journal of Transplantation,Am J Transplant,Japan,eng,3,synthetic,Kidney
53772726,10.1111/synth.53772726,A single-center analysis of HLA-DRB1*04 and eGFR decline in kidney transplant recipients,Risk stratification at transplantation still relies largely on antigen-level HLA matching. We retrospectively analyzed a single-center cohort of consecutive kidney transplant recipients. Sensitivity analyses excluding retransplant recipients gave consistent estimates. Prospective validation in an independent cohort is required before clinical implementation.,2009,Transplantation,Transplantation,Germany,eng,114,synthetic,Kidney
66133052,10.1111/synth.66133052,Association between HLA-B*07 mismatch and DGF: a cohort study,Donor-specific alloimmunity is a leading cause of late kidney allograft failure. Recipients transplanted over a ten-year period were included and followed prospectively. Baseline characteristics were comparable between the exposed and unexposed groups. Antigen-level matching alone may be insufficient to capture immunological risk.,2006,Nephrology Dialysis Transplantation,Nephrol Dial Transplant,Japan,eng,32,synthetic,Unspecified
66072388,10.1111/synth.66072388,HLA-DQB1*06 and the risk of sensitization in renal transplant recipients,"Risk stratification at transplantation still relies largely on antigen-level HLA matching. Multivariable Cox regression was used to adjust for recipient age, sex and induction therapy. Median follow-up was 7.4 years after transplantation. These findings support incorporating molecular HLA compatibility into allocation algorithms.",2026,American Journal of Transplantation,Am J Transplant,Japan,eng,25,synthetic,Kidney
64406548,10.1111/synth.64406548,HLA-DQB1*06 and the risk of DGF in renal transplant recipients,Risk stratification at transplantation still relies largely on antigen-level HLA matching. High-resolution HLA typing was imputed from antigen-level data for donor-recipient pairs. Baseline characteristics were comparable between the exposed and unexposed groups. Our results should be interpreted with caution given the observational design.,2007,Nephrology Dialysis Transplantation,Nephrol Dial Transplant,Spain,eng,65,synthetic,Kidney
72458605,10.1111/synth.72458605,graft loss in kidney transplantation: the role of HLA-DQB1*02:01,Donor-specific alloimmunity is a leading cause of late kidney allograft failure. High-resolution HLA typing was imputed from antigen-level data for donor-recipient pairs. Median follow-up was 7.4 years after transplantation. These findings support incorporating molecular HLA compatibility into allocation algorithms.,2019,Nephrology Dialysis Transplantation,Nephrol Dial Transplant,Italy,eng,38,synthetic,Kidney
77303492,10.1111/synth.77303492,Long-term outcomes of HLA-DPB1*04-mismatched kidney transplantation: focus on graft survival,Risk stratification at transplantation still relies largely on antigen-level HLA matching. High-resolution HLA typing was imputed from antigen-level data for donor-recipient pairs. Baseline characteristics were comparable between the exposed and unexposed groups. Prospective validation in an independent cohort is required before clinical implementation.,2017,American Journal of Transplantation,Am J Transplant,Italy,eng,2,synthetic,Kidney
94191586,10.1111/synth.94191586,Impact of HLA-DPB1*04 on graft survival after kidney transplantation,Molecular-level HLA matching has been proposed to refine immunological risk stratification. Recipients transplanted over a ten-year period were included and followed prospectively. Baseline characteristics were comparable between the exposed and unexposed groups. These findings support incorporating molecular HLA compatibility into allocation algorithms.,1997,HLA,HLA,Germany,eng,110,synthetic,Kidney
16351040,10.1111/synth.16351040,Long-term outcomes of HLA-A*01:02-mismatched kidney transplantation: focus on acute rejection,Donor-specific alloimmunity is a leading cause of late kidney allograft failure. Recipients transplanted over a ten-year period were included and followed prospectively. Median follow-up was 7.4 years after transplantation. Prospective validation in an independent cohort is required before clinical implementation.,2005,Nephrology Dialysis Transplantation,Nephrol Dial Transplant,Germany,eng,6,synthetic,Multi-organ
26306114,10.1111/synth.26306114,Revisiting HLA-DRB1*03 as a predictor of acute rejection in renal allograft recipients,"Molecular-level HLA matching has been proposed to refine immunological risk stratification. Multivariable Cox regression was used to adjust for recipient age, sex and induction therapy. Protocol biopsies were available for a subset of the cohort. Prospective validation in an independent cohort is required before clinical implementation.",2025,HLA,HLA,Australia,eng,25,synthetic,Unspecified
36268513,10.1111/synth.36268513,Eplet-level HLA-DQB1*03 matching and acute rejection after renal transplantation,"Donor-specific alloimmunity is a leading cause of late kidney allograft failure. Multivariable Cox regression was used to adjust for recipient age, sex and induction therapy. Protocol biopsies were available for a subset of the cohort. These findings support incorporating molecular HLA compatibility into allocation algorithms.",1997,Human Immunology,Hum Immunol,Canada,eng,31,synthetic,Kidney
31983567,10.1111/synth.31983567,Association between HLA-DPB1*01 mismatch and DGF: a cohort study,Donor-specific alloimmunity is a leading cause of late kidney allograft failure. High-resolution HLA typing was imputed from antigen-level data for donor-recipient pairs. Sensitivity analyses excluding retransplant recipients gave consistent estimates. Our results should be interpreted with caution given the observational design.,2023,HLA,HLA,United States,eng,60,synthetic,Kidney
50532800,10.1111/synth.50532800,Impact of HLA-DRB1*03 on ABMR after kidney transplantation,Donor-specific alloimmunity is a leading cause of late kidney allograft failure. High-resolution HLA typing was imputed from antigen-level data for donor-recipient pairs. Protocol biopsies were available for a subset of the cohort. Antigen-level matching alone may be insufficient to capture immunological risk.,2023,Nephrology Dialysis Transplantation,Nephrol Dial Transplant,United States,eng,23,synthetic,Unspecified
94288202,10.1111/synth.94288202,Long-term outcomes of HLA-DQB1*06-mismatched kidney transplantation: focus on sensitization,Donor-specific alloimmunity is a leading cause of late kidney allograft failure. We retrospectively analyzed a single-center cohort of consecutive kidney transplant recipients. Median follow-up was 7.4 years after transplantation. Our results should be interpreted with caution given the observational design.,2020,American Journal of Transplantation,Am J Transplant,Italy,eng,56,synthetic,Kidney
78969993,10.1111/synth.78969993,Revisiting HLA-DQB1*02 as a predictor of acute rejection in renal allograft recipients,Molecular-level HLA matching has been proposed to refine immunological risk stratification. High-resolution HLA typing was imputed from antigen-level data for donor-recipient pairs. Protocol biopsies were available for a subset of the cohort. These findings support incorporating molecular HLA compatibility into allocation algorithms.,2007,Transplantation,Transplantation,Japan,eng,40,synthetic,Kidney
66015266,10.1111/synth.66015266,Impact of HLA-A*01:01 on acute rejection after kidney transplantation,Risk stratification at transplantation still relies largely on antigen-level HLA matching. High-resolution HLA typing was imputed from antigen-level data for donor-recipient pairs. Protocol biopsies were available for a subset of the cohort. Our results should be interpreted with caution given the observational design.,2015,American Journal of Transplantation,Am J Transplant,United Kingdom,eng,58,synthetic,Unspecified
40410305,10.1111/synth.40410305,HLA-A*01 and the risk of eGFR decline in renal transplant recipients,The contribution of HLA compatibility to long-term renal allograft outcome remains debated. We retrospectively analyzed a single-center cohort of consecutive kidney transplant recipients. Sensitivity analyses excluding retransplant recipients gave consistent estimates. Antigen-level matching alone may be insufficient to capture immunological risk.,2011,Transplantation,Transplantation,France,eng,8,synthetic,Kidney
90771151,10.1111/synth.90771151,HLA-B*07:01 and the risk of graft loss in renal transplant recipients,Donor-specific alloimmunity is a leading cause of late kidney allograft failure. High-resolution HLA typing was imputed from antigen-level data for donor-recipient pairs. Protocol biopsies were available for a subset of the cohort. Our results should be interpreted with caution given the observational design.,2008,Transplantation,Transplantation,United Kingdom,eng,86,synthetic,Kidney
82091897,10.1111/synth.82091897,Association between HLA-DRB1*15 mismatch and DGF: a cohort study,Risk stratification at transplantation still relies largely on antigen-level HLA matching. We retrospectively analyzed a single-center cohort of consecutive kidney transplant recipients. Median follow-up was 7.4 years after transplantation. Our results should be interpreted with caution given the observational design.,1993,American Journal of Transplantation,Am J Transplant,Spain,eng,37,synthetic,Kidney
51876858,10.1111/synth.51876858,Eplet-level HLA-B*08 matching and sensitization after renal transplantation,Donor-specific alloimmunity is a leading cause of late kidney allograft failure. We retrospectively analyzed a single-center cohort of consecutive kidney transplant recipients. Sensitivity analyses excluding retransplant recipients gave consistent estimates. Our results should be interpreted with caution given the observational design.,2020,HLA,HLA,United Kingdom,eng,0,synthetic,Kidney
32645646,10.1111/synth.32645646,Eplet-level HLA-DQB1*02 matching and acute rejection after renal transplantation,The contribution of HLA compatibility to long-term renal allograft outcome remains debated. Recipients transplanted over a ten-year period were included and followed prospectively. Sensitivity analyses excluding retransplant recipients gave consistent estimates. Antigen-level matching alone may be insufficient to capture immunological risk.,2001,Transplantation,Transplantation,Netherlands,eng,80,synthetic,Kidney
29780216,10.1111/synth.29780216,chronic rejection in kidney transplantation: the role of HLA-DPB1*04,Donor-specific alloimmunity is a leading cause of late kidney allograft failure. We retrospectively analyzed a single-center cohort of consecutive kidney transplant recipients. Baseline characteristics were comparable between the exposed and unexposed groups. These findings support incorporating molecular HLA compatibility into allocation algorithms.,2022,American Journal of Transplantation,Am J Transplant,United States,eng,16,synthetic,Kidney
98728736,10.1111/synth.98728736,Long-term outcomes of HLA-A*02-mismatched kidney transplantation: focus on acute rejection,Molecular-level HLA matching has been proposed to refine immunological risk stratification. We retrospectively analyzed a single-center cohort of consecutive kidney transplant recipients. Baseline characteristics were comparable between the exposed and unexposed groups. Antigen-level matching alone may be insufficient to capture immunological risk.,2022,HLA,HLA,United States,eng,11,synthetic,Kidney
86350455,10.1111/synth.86350455,Association between HLA-DQB1*02 mismatch and DGF: a cohort study,"The contribution of HLA compatibility to long-term renal allograft outcome remains debated. Multivariable Cox regression was used to adjust for recipient age, sex and induction therapy. Protocol biopsies were available for a subset of the cohort. Antigen-level matching alone may be insufficient to capture immunological risk.",2020,Human Immunology,Hum Immunol,Australia,eng,95,synthetic,Kidney
56324312,10.1111/synth.56324312,Long-term outcomes of HLA-DQB1*03-mismatched kidney transplantation: focus on DGF,The contribution of HLA compatibility to long-term renal allograft outcome remains debated. We retrospectively analyzed a single-center cohort of consecutive kidney transplant recipients. Protocol biopsies were available for a subset of the cohort. These findings support incorporating molecular HLA compatibility into allocation algorithms.,2026,HLA,HLA,Canada,eng,3,synthetic,Kidney
12984525,10.1111/synth.12984525,A single-center analysis of HLA-B*07 and graft loss in kidney transplant recipients,The contribution of HLA compatibility to long-term renal allograft outcome remains debated. Recipients transplanted over a ten-year period were included and followed prospectively. Protocol biopsies were available for a subset of the cohort. Antigen-level matching alone may be insufficient to capture immunological risk.,2026,HLA,HLA,Japan,eng,30,synthetic,Kidney
49905650,10.1111/synth.49905650,HLA-DQB1*02:01 and the risk of ABMR in renal transplant recipients,Molecular-level HLA matching has been proposed to refine immunological risk stratification. High-resolution HLA typing was imputed from antigen-level data for donor-recipient pairs. Baseline characteristics were comparable between the exposed and unexposed groups. Antigen-level matching alone may be insufficient to capture immunological risk.,2026,HLA,HLA,Spain,eng,4,synthetic,Kidney
87422596,10.1111/synth.87422596,Eplet-level HLA-DQB1*02:01 matching and DSA after renal transplantation,The contribution of HLA compatibility to long-term renal allograft outcome remains debated. Recipients transplanted over a ten-year period were included and followed prospectively. Protocol biopsies were available for a subset of the cohort. Antigen-level matching alone may be insufficient to capture immunological risk.,2016,HLA,HLA,United Kingdom,eng,9,synthetic,Kidney
31553261,10.1111/synth.31553261,Association between HLA-A*02:01 mismatch and acute rejection: a cohort study,Donor-specific alloimmunity is a leading cause of late kidney allograft failure. We retrospectively analyzed a single-center cohort of consecutive kidney transplant recipients. Median follow-up was 7.4 years after transplantation. Our results should be interpreted with caution given the observational design.,2010,Human Immunology,Hum Immunol,Italy,eng,27,synthetic,Unspecified
75208604,10.1111/synth.75208604,Eplet-level HLA-A*01 matching and graft survival after renal transplantation,Molecular-level HLA matching has been proposed to refine immunological risk stratification. We retrospectively analyzed a single-center cohort of consecutive kidney transplant recipients. Sensitivity analyses excluding retransplant recipients gave consistent estimates. Prospective validation in an independent cohort is required before clinical implementation.,2022,American Journal of Transplantation,Am J Transplant,Germany,eng,2,synthetic,Kidney
46849119,10.1111/synth.46849119,HLA-A*01 and the risk of complement activation in renal transplant recipients,"Molecular-level HLA matching has been proposed to refine immunological risk stratification. Multivariable Cox regression was used to adjust for recipient age, sex and induction therapy. Sensitivity analyses excluding retransplant recipients gave consistent estimates. Prospective validation in an independent cohort is required before clinical implementation.",2015,Nephrology Dialysis Transplantation,Nephrol Dial Transplant,Netherlands,eng,72,synthetic,Unspecified
95758290,10.1111/synth.95758290,Impact of HLA-DQB1*03 on graft loss after kidney transplantation,Risk stratification at transplantation still relies largely on antigen-level HLA matching. High-resolution HLA typing was imputed from antigen-level data for donor-recipient pairs. Protocol biopsies were available for a subset of the cohort. These findings support incorporating molecular HLA compatibility into allocation algorithms.,2025,Nephrology Dialysis Transplantation,Nephrol Dial Transplant,Germany,eng,6,synthetic,Kidney
31520919,10.1111/synth.31520919,Revisiting HLA-DPB1*01 as a predictor of DGF in renal allograft recipients,Risk stratification at transplantation still relies largely on antigen-level HLA matching. We retrospectively analyzed a single-center cohort of consecutive kidney transplant recipients. Baseline characteristics were comparable between the exposed and unexposed groups. Prospective validation in an independent cohort is required before clinical implementation.,2021,Human Immunology,Hum Immunol,Italy,eng,39,synthetic,Kidney
89727494,10.1111/synth.89727494,Association between HLA-DRB1*04 mismatch and eGFR decline: a cohort study,Molecular-level HLA matching has been proposed to refine immunological risk stratification. High-resolution HLA typing was imputed from antigen-level data for donor-recipient pairs. Median follow-up was 7.4 years after transplantation. These findings support incorporating molecular HLA compatibility into allocation algorithms.,2020,Nephrology Dialysis Transplantation,Nephrol Dial Transplant,Spain,eng,12,synthetic,Kidney
36610839,10.1111/synth.36610839,Long-term outcomes of HLA-DQB1*02:01-mismatched kidney transplantation: focus on ABMR,Donor-specific alloimmunity is a leading cause of late kidney allograft failure. We retrospectively analyzed a single-center cohort of consecutive kidney transplant recipients. Protocol biopsies were available for a subset of the cohort. Prospective validation in an independent cohort is required before clinical implementation.,2010,Transplantation,Transplantation,Australia,eng,5,synthetic,Kidney
48649601,10.1111/synth.48649601,complement activation in kidney transplantation: the role of HLA-DRB1*04,Molecular-level HLA matching has been proposed to refine immunological risk stratification. Recipients transplanted over a ten-year period were included and followed prospectively. Sensitivity analyses excluding retransplant recipients gave consistent estimates. Prospective validation in an independent cohort is required before clinical implementation.,2022,HLA,HLA,Spain,eng,37,synthetic,Kidney
61471888,10.1111/synth.61471888,Impact of HLA-A*01 on graft survival after kidney transplantation,The contribution of HLA compatibility to long-term renal allograft outcome remains debated. High-resolution HLA typing was imputed from antigen-level data for donor-recipient pairs. Median follow-up was 7.4 years after transplantation. Antigen-level matching alone may be insufficient to capture immunological risk.,2021,Human Immunology,Hum Immunol,Canada,eng,146,synthetic,Multi-organ
85102924,10.1111/synth.85102924,Revisiting HLA-DPB1*04 as a predictor of complement activation in renal allograft recipients,Risk stratification at transplantation still relies largely on antigen-level HLA matching. Recipients transplanted over a ten-year period were included and followed prospectively. Baseline characteristics were comparable between the exposed and unexposed groups. Our results should be interpreted with caution given the observational design.,1999,Transplantation,Transplantation,Japan,eng,33,synthetic,Kidney
45328305,10.1111/synth.45328305,A single-center analysis of HLA-DPB1*01 and acute rejection in kidney transplant recipients,"Donor-specific alloimmunity is a leading cause of late kidney allograft failure. Multivariable Cox regression was used to adjust for recipient age, sex and induction therapy. Baseline characteristics were comparable between the exposed and unexposed groups. Prospective validation in an independent cohort is required before clinical implementation.",2019,Nephrology Dialysis Transplantation,Nephrol Dial Transplant,United Kingdom,eng,1,synthetic,Kidney
25098270,10.1111/synth.25098270,Long-term outcomes of HLA-A*01-mismatched kidney transplantation: focus on graft survival,Donor-specific alloimmunity is a leading cause of late kidney allograft failure. Recipients transplanted over a ten-year period were included and followed prospectively. Protocol biopsies were available for a subset of the cohort. Prospective validation in an independent cohort is required before clinical implementation.,2023,Transplantation,Transplantation,Australia,eng,139,synthetic,Kidney
62904575,10.1111/synth.62904575,A single-center analysis of HLA-A*01:02 and DGF in kidney transplant recipients,Risk stratification at transplantation still relies largely on antigen-level HLA matching. High-resolution HLA typing was imputed from antigen-level data for donor-recipient pairs. Baseline characteristics were comparable between the exposed and unexposed groups. Our results should be interpreted with caution given the observational design.,2013,American Journal of Transplantation,Am J Transplant,France,eng,40,synthetic,Unspecified
21970652,10.1111/synth.21970652,Long-term outcomes of HLA-DRB1*03-mismatched kidney transplantation: focus on graft loss,Donor-specific alloimmunity is a leading cause of late kidney allograft failure. We retrospectively analyzed a single-center cohort of consecutive kidney transplant recipients. Protocol biopsies were available for a subset of the cohort. Antigen-level matching alone may be insufficient to capture immunological risk.,1996,Transplantation,Transplantation,Spain,eng,83,synthetic,Multi-organ
90576371,10.1111/synth.90576371,Impact of HLA-DQB1*02 on mixed rejection after kidney transplantation,"Molecular-level HLA matching has been proposed to refine immunological risk stratification. Multivariable Cox regression was used to adjust for recipient age, sex and induction therapy. Median follow-up was 7.4 years after transplantation. Prospective validation in an independent cohort is required before clinical implementation.",2014,HLA,HLA,Italy,eng,26,synthetic,Kidney
16052535,10.1111/synth.16052535,Long-term outcomes of HLA-A*01-mismatched kidney transplantation: focus on graft survival,Molecular-level HLA matching has been proposed to refine immunological risk stratification. High-resolution HLA typing was imputed from antigen-level data for donor-recipient pairs. Baseline characteristics were comparable between the exposed and unexposed groups. These findings support incorporating molecular HLA compatibility into allocation algorithms.,2017,Human Immunology,Hum Immunol,United States,eng,42,synthetic,Kidney
38329117,10.1111/synth.38329117,Eplet-level HLA-DQB1*03 matching and acute rejection after renal transplantation,The contribution of HLA compatibility to long-term renal allograft outcome remains debated. We retrospectively analyzed a single-center cohort of consecutive kidney transplant recipients. Sensitivity analyses excluding retransplant recipients gave consistent estimates. These findings support incorporating molecular HLA compatibility into allocation algorithms.,2007,Human Immunology,Hum Immunol,France,eng,8,synthetic,Kidney
50621889,10.1111/synth.50621889,Impact of HLA-A*01 on sensitization after kidney transplantation,Donor-specific alloimmunity is a leading cause of late kidney allograft failure. We retrospectively analyzed a single-center cohort of consecutive kidney transplant recipients. Median follow-up was 7.4 years after transplantation. Antigen-level matching alone may be insufficient to capture immunological risk.,2002,Transplantation,Transplantation,United Kingdom,eng,56,synthetic,Kidney
69762583,10.1111/synth.69762583,graft survival in kidney transplantation: the role of HLA-DPB1*01:01,Donor-specific alloimmunity is a leading cause of late kidney allograft failure. High-resolution HLA typing was imputed from antigen-level data for donor-recipient pairs. Sensitivity analyses excluding retransplant recipients gave consistent estimates. These findings support incorporating molecular HLA compatibility into allocation algorithms.,2025,HLA,HLA,Canada,eng,0,synthetic,Kidney
75243366,10.1111/synth.75243366,Impact of HLA-DRB1*04 on sensitization after kidney transplantation,Risk stratification at transplantation still relies largely on antigen-level HLA matching. High-resolution HLA typing was imputed from antigen-level data for donor-recipient pairs. Baseline characteristics were comparable between the exposed and unexposed groups. Our results should be interpreted with caution given the observational design.,2017,Human Immunology,Hum Immunol,Spain,eng,69,synthetic,Kidney
62394739,10.1111/synth.62394739,Long-term outcomes of HLA-DRB1*04-mismatched kidney transplantation: focus on CMV infection,"The contribution of HLA compatibility to long-term renal allograft outcome remains debated. Multivariable Cox regression was used to adjust for recipient age, sex and induction therapy. Median follow-up was 7.4 years after transplantation. Prospective validation in an independent cohort is required before clinical implementation.",2025,Nephrology Dialysis Transplantation,Nephrol Dial Transplant,Germany,eng,3,synthetic,Kidney
67796900,10.1111/synth.67796900,Long-term outcomes of HLA-A*02:01-mismatched kidney transplantation: focus on DGF,Molecular-level HLA matching has been proposed to refine immunological risk stratification. High-resolution HLA typing was imputed from antigen-level data for donor-recipient pairs. Baseline characteristics were comparable between the exposed and unexposed groups. Our results should be interpreted with caution given the observational design.,2004,Transplantation,Transplantation,United Kingdom,eng,97,synthetic,Kidney
85493830,10.1111/synth.85493830,DGF in kidney transplantation: the role of HLA-A*01:01,Molecular-level HLA matching has been proposed to refine immunological risk stratification. Recipients transplanted over a ten-year period were included and followed prospectively. Protocol biopsies were available for a subset of the cohort. Antigen-level matching alone may be insufficient to capture immunological risk.,1999,American Journal of Transplantation,Am J Transplant,Japan,eng,40,synthetic,Kidney
10884169,10.1111/synth.10884169,HLA-DPB1*04 and the risk of complement activation in renal transplant recipients,Molecular-level HLA matching has been proposed to refine immunological risk stratification. High-resolution HLA typing was imputed from antigen-level data for donor-recipient pairs. Sensitivity analyses excluding retransplant recipients gave consistent estimates. Our results should be interpreted with caution given the observational design.,2009,HLA,HLA,Germany,eng,7,synthetic,Kidney
58556533,10.1111/synth.58556533,HLA-A*01 and the risk of CMV infection in renal transplant recipients,The contribution of HLA compatibility to long-term renal allograft outcome remains debated. High-resolution HLA typing was imputed from antigen-level data for donor-recipient pairs. Protocol biopsies were available for a subset of the cohort. Antigen-level matching alone may be insufficient to capture immunological risk.,2025,HLA,HLA,United Kingdom,eng,11,synthetic,Kidney
98632237,10.1111/synth.98632237,Long-term outcomes of HLA-DRB1*04-mismatched kidney transplantation: focus on graft survival,Molecular-level HLA matching has been proposed to refine immunological risk stratification. High-resolution HLA typing was imputed from antigen-level data for donor-recipient pairs. Baseline characteristics were comparable between the exposed and unexposed groups. Our results should be interpreted with caution given the observational design.,2024,Nephrology Dialysis Transplantation,Nephrol Dial Transplant,Japan,eng,19,synthetic,Kidney
14962052,10.1111/synth.14962052,Long-term outcomes of HLA-DRB1*03-mismatched kidney transplantation: focus on ABMR,Donor-specific alloimmunity is a leading cause of late kidney allograft failure. We retrospectively analyzed a single-center cohort of consecutive kidney transplant recipients. Protocol biopsies were available for a subset of the cohort. Our results should be interpreted with caution given the observational design.,2017,HLA,HLA,United Kingdom,eng,0,synthetic,Unspecified
70228445,10.1111/synth.70228445,NODAT in kidney transplantation: the role of HLA-eplet,Molecular-level HLA matching has been proposed to refine immunological risk stratification. High-resolution HLA typing was imputed from antigen-level data for donor-recipient pairs. Protocol biopsies were available for a subset of the cohort. Prospective validation in an independent cohort is required before clinical implementation.,2011,American Journal of Transplantation,Am J Transplant,Spain,eng,29,synthetic,Kidney
73921605,10.1111/synth.73921605,Eplet-level HLA-DPB1*04 matching and eGFR decline after renal transplantation,"Molecular-level HLA matching has been proposed to refine immunological risk stratification. Multivariable Cox regression was used to adjust for recipient age, sex and induction therapy. Sensitivity analyses excluding retransplant recipients gave consistent estimates. Antigen-level matching alone may be insufficient to capture immunological risk.",2008,American Journal of Transplantation,Am J Transplant,Italy,eng,59,synthetic,Kidney
31050667,10.1111/synth.31050667,Long-term outcomes of HLA-A*01:01-mismatched kidney transplantation: focus on DGF,The contribution of HLA compatibility to long-term renal allograft outcome remains debated. Recipients transplanted over a ten-year period were included and followed prospectively. Baseline characteristics were comparable between the exposed and unexposed groups. Our results should be interpreted with caution given the observational design.,2025,Nephrology Dialysis Transplantation,Nephrol Dial Transplant,Netherlands,eng,91,synthetic,Kidney
74582407,10.1111/synth.74582407,Association between HLA-B*07:01 mismatch and acute rejection: a cohort study,"Donor-specific alloimmunity is a leading cause of late kidney allograft failure. Multivariable Cox regression was used to adjust for recipient age, sex and induction therapy. Sensitivity analyses excluding retransplant recipients gave consistent estimates. Antigen-level matching alone may be insufficient to capture immunological risk.",2018,Human Immunology,Hum Immunol,United Kingdom,eng,60,synthetic,Kidney
94571826,10.1111/synth.94571826,acute rejection in kidney transplantation: the role of HLA-A*01:01,The contribution of HLA compatibility to long-term renal allograft outcome remains debated. Recipients transplanted over a ten-year period were included and followed prospectively. Sensitivity analyses excluding retransplant recipients gave consistent estimates. These findings support incorporating molecular HLA compatibility into allocation algorithms.,2022,Nephrology Dialysis Transplantation,Nephrol Dial Transplant,United States,eng,25,synthetic,Kidney
13228867,10.1111/synth.13228867,Association between HLA-A*01 mismatch and graft survival: a cohort study,Molecular-level HLA matching has been proposed to refine immunological risk stratification. Recipients transplanted over a ten-year period were included and followed prospectively. Median follow-up was 7.4 years after transplantation. Our results should be interpreted with caution given the observational design.,2024,Nephrology Dialysis Transplantation,Nephrol Dial Transplant,United States,eng,3,synthetic,Multi-organ
44619354,10.1111/synth.44619354,acute rejection in kidney transplantation: the role of HLA-A*02:01,"Risk stratification at transplantation still relies largely on antigen-level HLA matching. Multivariable Cox regression was used to adjust for recipient age, sex and induction therapy. Baseline characteristics were comparable between the exposed and unexposed groups. Our results should be interpreted with caution given the observational design.",2013,American Journal of Transplantation,Am J Transplant,France,eng,14,synthetic,Kidney
43059986,10.1111/synth.43059986,HLA-B*08 and the risk of sensitization in renal transplant recipients,Donor-specific alloimmunity is a leading cause of late kidney allograft failure. Recipients transplanted over a ten-year period were included and followed prospectively. Protocol biopsies were available for a subset of the cohort. Prospective validation in an independent cohort is required before clinical implementation.,2022,Transplantation,Transplantation,Germany,eng,18,synthetic,Kidney
61023340,10.1111/synth.61023340,HLA-DPB1*04 and the risk of complement activation in renal transplant recipients,Molecular-level HLA matching has been proposed to refine immunological risk stratification. We retrospectively analyzed a single-center cohort of consecutive kidney transplant recipients. Sensitivity analyses excluding retransplant recipients gave consistent estimates. These findings support incorporating molecular HLA compatibility into allocation algorithms.,2026,Transplantation,Transplantation,United Kingdom,eng,23,synthetic,Unspecified
53169555,10.1111/synth.53169555,A single-center analysis of HLA-B*07:01 and DGF in kidney transplant recipients,The contribution of HLA compatibility to long-term renal allograft outcome remains debated. We retrospectively analyzed a single-center cohort of consecutive kidney transplant recipients. Median follow-up was 7.4 years after transplantation. Antigen-level matching alone may be insufficient to capture immunological risk.,2012,HLA,HLA,Japan,eng,87,synthetic,Kidney
69670203,10.1111/synth.69670203,Long-term outcomes of HLA-DQB1*03-mismatched kidney transplantation: focus on acute rejection,Donor-specific alloimmunity is a leading cause of late kidney allograft failure. Recipients transplanted over a ten-year period were included and followed prospectively. Sensitivity analyses excluding retransplant recipients gave consistent estimates. Our results should be interpreted with caution given the observational design.,1994,American Journal of Transplantation,Am J Transplant,France,eng,21,synthetic,Multi-organ
18730772,10.1111/synth.18730772,Impact of HLA-DRB1*04 on graft survival after kidney transplantation,"Molecular-level HLA matching has been proposed to refine immunological risk stratification. Multivariable Cox regression was used to adjust for recipient age, sex and induction therapy. Baseline characteristics were comparable between the exposed and unexposed groups. Antigen-level matching alone may be insufficient to capture immunological risk.",2004,Human Immunology,Hum Immunol,France,eng,98,synthetic,Kidney
86748329,10.1111/synth.86748329,Long-term outcomes of HLA-DPB1*01-mismatched kidney transplantation: focus on DGF,The contribution of HLA compatibility to long-term renal allograft outcome remains debated. We retrospectively analyzed a single-center cohort of consecutive kidney transplant recipients. Baseline characteristics were comparable between the exposed and unexposed groups. Antigen-level matching alone may be insufficient to capture immunological risk.,2023,Transplantation,Transplantation,Spain,eng,37,synthetic,Kidney
14475312,10.1111/synth.14475312,Eplet-level HLA-A*01 matching and complement activation after renal transplantation,The contribution of HLA compatibility to long-term renal allograft outcome remains debated. We retrospectively analyzed a single-center cohort of consecutive kidney transplant recipients. Baseline characteristics were comparable between the exposed and unexposed groups. These findings support incorporating molecular HLA compatibility into allocation algorithms.,2013,American Journal of Transplantation,Am J Transplant,Netherlands,eng,71,synthetic,Kidney
88894973,10.1111/synth.88894973,acute rejection in kidney transplantation: the role of HLA-DQB1*06,Donor-specific alloimmunity is a leading cause of late kidney allograft failure. High-resolution HLA typing was imputed from antigen-level data for donor-recipient pairs. Protocol biopsies were available for a subset of the cohort. Antigen-level matching alone may be insufficient to capture immunological risk.,2007,American Journal of Transplantation,Am J Transplant,Italy,eng,59,synthetic,Kidney
51766978,10.1111/synth.51766978,Revisiting HLA-A*01:02 as a predictor of DGF in renal allograft recipients,The contribution of HLA compatibility to long-term renal allograft outcome remains debated. Recipients transplanted over a ten-year period were included and followed prospectively. Baseline characteristics were comparable between the exposed and unexposed groups. Prospective validation in an independent cohort is required before clinical implementation.,2018,Human Immunology,Hum Immunol,Japan,eng,51,synthetic,Kidney
87632976,10.1111/synth.87632976,A single-center analysis of HLA-DPB1*01 and DGF in kidney transplant recipients,"The contribution of HLA compatibility to long-term renal allograft outcome remains debated. Multivariable Cox regression was used to adjust for recipient age, sex and induction therapy. Median follow-up was 7.4 years after transplantation. These findings support incorporating molecular HLA compatibility into allocation algorithms.",2018,Nephrology Dialysis Transplantation,Nephrol Dial Transplant,Germany,eng,35,synthetic,Kidney
58034735,10.1111/synth.58034735,Revisiting HLA-DPB1*01 as a predictor of graft loss in renal allograft recipients,The contribution of HLA compatibility to long-term renal allograft outcome remains debated. We retrospectively analyzed a single-center cohort of consecutive kidney transplant recipients. Median follow-up was 7.4 years after transplantation. Prospective validation in an independent cohort is required before clinical implementation.,1997,American Journal of Transplantation,Am J Transplant,Netherlands,eng,11,synthetic,Multi-organ
28420515,10.1111/synth.28420515,A single-center analysis of HLA-A*02 and graft loss in kidney transplant recipients,Donor-specific alloimmunity is a leading cause of late kidney allograft failure. High-resolution HLA typing was imputed from antigen-level data for donor-recipient pairs. Protocol biopsies were available for a subset of the cohort. Prospective validation in an independent cohort is required before clinical implementation.,2013,American Journal of Transplantation,Am J Transplant,Japan,eng,141,synthetic,Unspecified
95381661,10.1111/synth.95381661,Association between HLA-DQB1*02 mismatch and DSA: a cohort study,Molecular-level HLA matching has been proposed to refine immunological risk stratification. Recipients transplanted over a ten-year period were included and followed prospectively. Baseline characteristics were comparable between the exposed and unexposed groups. Our results should be interpreted with caution given the observational design.,2009,American Journal of Transplantation,Am J Transplant,United Kingdom,eng,82,synthetic,Unspecified
60181152,10.1111/synth.60181152,Impact of HLA-DPB1*04 on chronic rejection after kidney transplantation,Donor-specific alloimmunity is a leading cause of late kidney allograft failure. Recipients transplanted over a ten-year period were included and followed prospectively. Median follow-up was 7.4 years after transplantation. Antigen-level matching alone may be insufficient to capture immunological risk.,2017,HLA,HLA,Germany,eng,15,synthetic,Kidney
64888712,10.1111/synth.64888712,Association between HLA-B*08 mismatch and acute rejection: a cohort study,Risk stratification at transplantation still relies largely on antigen-level HLA matching. Recipients transplanted over a ten-year period were included and followed prospectively. Protocol biopsies were available for a subset of the cohort. These findings support incorporating molecular HLA compatibility into allocation algorithms.,2013,HLA,HLA,Canada,eng,86,synthetic,Kidney
83286377,10.1111/synth.83286377,Long-term outcomes of HLA-A*02:01-mismatched kidney transplantation: focus on graft loss,Donor-specific alloimmunity is a leading cause of late kidney allograft failure. Recipients transplanted over a ten-year period were included and followed prospectively. Protocol biopsies were available for a subset of the cohort. These findings support incorporating molecular HLA compatibility into allocation algorithms.,2007,Transplantation,Transplantation,Netherlands,eng,15,synthetic,Kidney
88786294,10.1111/synth.88786294,CMV infection in kidney transplantation: the role of HLA-DPB1*04,"Risk stratification at transplantation still relies largely on antigen-level HLA matching. Multivariable Cox regression was used to adjust for recipient age, sex and induction therapy. Median follow-up was 7.4 years after transplantation. Antigen-level matching alone may be insufficient to capture immunological risk.",2022,HLA,HLA,Italy,eng,46,synthetic,Kidney
53765651,10.1111/synth.53765651,Revisiting HLA-DRB1*15 as a predictor of DGF in renal allograft recipients,"Risk stratification at transplantation still relies largely on antigen-level HLA matching. Multivariable Cox regression was used to adjust for recipient age, sex and induction therapy. Median follow-up was 7.4 years after transplantation. Antigen-level matching alone may be insufficient to capture immunological risk.",2018,Human Immunology,Hum Immunol,United States,eng,22,synthetic,Kidney
61793831,10.1111/synth.61793831,A single-center analysis of HLA-DPB1*04 and eGFR decline in kidney transplant recipients,The contribution of HLA compatibility to long-term renal allograft outcome remains debated. High-resolution HLA typing was imputed from antigen-level data for donor-recipient pairs. Baseline characteristics were comparable between the exposed and unexposed groups. Prospective validation in an independent cohort is required before clinical implementation.,2010,Transplantation,Transplantation,Canada,eng,82,synthetic,Kidney
27439215,10.1111/synth.27439215,Long-term outcomes of HLA-DQB1*06-mismatched kidney transplantation: focus on DGF,"Donor-specific alloimmunity is a leading cause of late kidney allograft failure. Multivariable Cox regression was used to adjust for recipient age, sex and induction therapy. Protocol biopsies were available for a subset of the cohort. Prospective validation in an independent cohort is required before clinical implementation.",2024,Nephrology Dialysis Transplantation,Nephrol Dial Transplant,France,eng,99,synthetic,Kidney
49922892,10.1111/synth.49922892,Eplet-level HLA-A*02 matching and CMV infection after renal transplantation,"Risk stratification at transplantation still relies largely on antigen-level HLA matching. Multivariable Cox regression was used to adjust for recipient age, sex and induction therapy. Median follow-up was 7.4 years after transplantation. These findings support incorporating molecular HLA compatibility into allocation algorithms.",2014,Transplantation,Transplantation,Spain,eng,43,synthetic,Kidney
20272170,10.1111/synth.20272170,Impact of HLA-B*07:01 on DGF after kidney transplantation,Risk stratification at transplantation still relies largely on antigen-level HLA matching. We retrospectively analyzed a single-center cohort of consecutive kidney transplant recipients. Baseline characteristics were comparable between the exposed and unexposed groups. Antigen-level matching alone may be insufficient to capture immunological risk.,2022,Human Immunology,Hum Immunol,Spain,eng,10,synthetic,Kidney
68750274,10.1111/synth.68750274,Long-term outcomes of HLA-A*01:02-mismatched kidney transplantation: focus on graft loss,"The contribution of HLA compatibility to long-term renal allograft outcome remains debated. Multivariable Cox regression was used to adjust for recipient age, sex and induction therapy. Median follow-up was 7.4 years after transplantation. These findings support incorporating molecular HLA compatibility into allocation algorithms.",2005,Nephrology Dialysis Transplantation,Nephrol Dial Transplant,France,eng,55,synthetic,Kidney
16531664,10.1111/synth.16531664,Impact of HLA-B*08 on acute rejection after kidney transplantation,Molecular-level HLA matching has been proposed to refine immunological risk stratification. Recipients transplanted over a ten-year period were included and followed prospectively. Baseline characteristics were comparable between the exposed and unexposed groups. Prospective validation in an independent cohort is required before clinical implementation.,2022,Transplantation,Transplantation,United States,eng,38,synthetic,Kidney
12012537,10.1111/synth.12012537,graft loss in kidney transplantation: the role of HLA-A*02,The contribution of HLA compatibility to long-term renal allograft outcome remains debated. High-resolution HLA typing was imputed from antigen-level data for donor-recipient pairs. Protocol biopsies were available for a subset of the cohort. These findings support incorporating molecular HLA compatibility into allocation algorithms.,2014,Nephrology Dialysis Transplantation,Nephrol Dial Transplant,United States,eng,78,synthetic,Kidney
53534095,10.1111/synth.53534095,Revisiting HLA-eplet as a predictor of DSA in renal allograft recipients,Donor-specific alloimmunity is a leading cause of late kidney allograft failure. High-resolution HLA typing was imputed from antigen-level data for donor-recipient pairs. Sensitivity analyses excluding retransplant recipients gave consistent estimates. These findings support incorporating molecular HLA compatibility into allocation algorithms.,2026,HLA,HLA,Canada,eng,0,synthetic,Unspecified
42688154,10.1111/synth.42688154,complement activation in kidney transplantation: the role of HLA-DPB1*04,"Donor-specific alloimmunity is a leading cause of late kidney allograft failure. Multivariable Cox regression was used to adjust for recipient age, sex and induction therapy. Median follow-up was 7.4 years after transplantation. These findings support incorporating molecular HLA compatibility into allocation algorithms.",2019,American Journal of Transplantation,Am J Transplant,Germany,eng,73,synthetic,Kidney
54462343,10.1111/synth.54462343,sensitization in kidney transplantation: the role of HLA-DRB1*04,"Donor-specific alloimmunity is a leading cause of late kidney allograft failure. Multivariable Cox regression was used to adjust for recipient age, sex and induction therapy. Protocol biopsies were available for a subset of the cohort. Prospective validation in an independent cohort is required before clinical implementation.",2012,Transplantation,Transplantation,Italy,eng,38,synthetic,Kidney
41717008,10.1111/synth.41717008,Association between HLA-B*07 mismatch and acute rejection: a cohort study,Donor-specific alloimmunity is a leading cause of late kidney allograft failure. High-resolution HLA typing was imputed from antigen-level data for donor-recipient pairs. Protocol biopsies were available for a subset of the cohort. Antigen-level matching alone may be insufficient to capture immunological risk.,2017,HLA,HLA,Germany,eng,9,synthetic,Kidney
12658997,10.1111/synth.12658997,Association between HLA-DRB1*03 mismatch and DGF: a cohort study,Donor-specific alloimmunity is a leading cause of late kidney allograft failure. High-resolution HLA typing was imputed from antigen-level data for donor-recipient pairs. Sensitivity analyses excluding retransplant recipients gave consistent estimates. Antigen-level matching alone may be insufficient to capture immunological risk.,2022,HLA,HLA,Netherlands,eng,14,synthetic,Kidney
61544630,10.1111/synth.61544630,HLA-DRB1*04 and the risk of graft survival in renal transplant recipients,Risk stratification at transplantation still relies largely on antigen-level HLA matching. Recipients transplanted over a ten-year period were included and followed prospectively. Median follow-up was 7.4 years after transplantation. Antigen-level matching alone may be insufficient to capture immunological risk.,2016,Human Immunology,Hum Immunol,Netherlands,eng,48,synthetic,Kidney
42528051,10.1111/synth.42528051,Association between HLA-DQB1*03 mismatch and acute rejection: a cohort study,"Molecular-level HLA matching has been proposed to refine immunological risk stratification. Multivariable Cox regression was used to adjust for recipient age, sex and induction therapy. Median follow-up was 7.4 years after transplantation. Our results should be interpreted with caution given the observational design.",2016,Nephrology Dialysis Transplantation,Nephrol Dial Transplant,Germany,eng,30,synthetic,Multi-organ
32256467,10.1111/synth.32256467,Eplet-level HLA-DPB1*04 matching and complement activation after renal transplantation,"Molecular-level HLA matching has been proposed to refine immunological risk stratification. Multivariable Cox regression was used to adjust for recipient age, sex and induction therapy. Baseline characteristics were comparable between the exposed and unexposed groups. These findings support incorporating molecular HLA compatibility into allocation algorithms.",2023,Nephrology Dialysis Transplantation,Nephrol Dial Transplant,Australia,eng,33,synthetic,Kidney
66081482,10.1111/synth.66081482,graft loss in kidney transplantation: the role of HLA-A*01:02,Risk stratification at transplantation still relies largely on antigen-level HLA matching. Recipients transplanted over a ten-year period were included and followed prospectively. Baseline characteristics were comparable between the exposed and unexposed groups. Antigen-level matching alone may be insufficient to capture immunological risk.,2017,Nephrology Dialysis Transplantation,Nephrol Dial Transplant,Australia,eng,53,synthetic,Kidney
60697866,10.1111/synth.60697866,A single-center analysis of HLA-DQB1*02 and DSA in kidney transplant recipients,Risk stratification at transplantation still relies largely on antigen-level HLA matching. We retrospectively analyzed a single-center cohort of consecutive kidney transplant recipients. Baseline characteristics were comparable between the exposed and unexposed groups. These findings support incorporating molecular HLA compatibility into allocation algorithms.,2004,American Journal of Transplantation,Am J Transplant,Netherlands,eng,71,synthetic,Kidney
55235396,10.1111/synth.55235396,graft survival in kidney transplantation: the role of HLA-DRB1*04,"Molecular-level HLA matching has been proposed to refine immunological risk stratification. Multivariable Cox regression was used to adjust for recipient age, sex and induction therapy. Sensitivity analyses excluding retransplant recipients gave consistent estimates. These findings support incorporating molecular HLA compatibility into allocation algorithms.",2019,Nephrology Dialysis Transplantation,Nephrol Dial Transplant,Canada,eng,58,synthetic,Kidney
59449823,10.1111/synth.59449823,Revisiting HLA-DQB1*02:02 as a predictor of DSA in renal allograft recipients,The contribution of HLA compatibility to long-term renal allograft outcome remains debated. High-resolution HLA typing was imputed from antigen-level data for donor-recipient pairs. Baseline characteristics were comparable between the exposed and unexposed groups. Our results should be interpreted with caution given the observational design.,2015,HLA,HLA,Italy,eng,9,synthetic,Kidney
79800523,10.1111/synth.79800523,HLA-DPB1*04 and the risk of complement activation in renal transplant recipients,"Molecular-level HLA matching has been proposed to refine immunological risk stratification. Multivariable Cox regression was used to adjust for recipient age, sex and induction therapy. Median follow-up was 7.4 years after transplantation. Antigen-level matching alone may be insufficient to capture immunological risk.",2024,Human Immunology,Hum Immunol,United States,eng,13,synthetic,Kidney
13922081,10.1111/synth.13922081,HLA-DRB1*03 and the risk of acute rejection in renal transplant recipients,"Donor-specific alloimmunity is a leading cause of late kidney allograft failure. Multivariable Cox regression was used to adjust for recipient age, sex and induction therapy. Baseline characteristics were comparable between the exposed and unexposed groups. Our results should be interpreted with caution given the observational design.",2006,Nephrology Dialysis Transplantation,Nephrol Dial Transplant,Germany,eng,128,synthetic,Kidney
25583513,10.1111/synth.25583513,Impact of HLA-DRB1*15 on graft loss after kidney transplantation,"Donor-specific alloimmunity is a leading cause of late kidney allograft failure. Multivariable Cox regression was used to adjust for recipient age, sex and induction therapy. Sensitivity analyses excluding retransplant recipients gave consistent estimates. Our results should be interpreted with caution given the observational design.",2018,Transplantation,Transplantation,Canada,eng,47,synthetic,Multi-organ
99301859,10.1111/synth.99301859,HLA-B*07 and the risk of acute rejection in renal transplant recipients,"Molecular-level HLA matching has been proposed to refine immunological risk stratification. Multivariable Cox regression was used to adjust for recipient age, sex and induction therapy. Median follow-up was 7.4 years after transplantation. Antigen-level matching alone may be insufficient to capture immunological risk.",2023,American Journal of Transplantation,Am J Transplant,Netherlands,eng,27,synthetic,Kidney
12894515,10.1111/synth.12894515,Eplet-level HLA-DPB1*04 matching and HLA mismatch after renal transplantation,Risk stratification at transplantation still relies largely on antigen-level HLA matching. We retrospectively analyzed a single-center cohort of consecutive kidney transplant recipients. Protocol biopsies were available for a subset of the cohort. Our results should be interpreted with caution given the observational design.,2017,Nephrology Dialysis Transplantation,Nephrol Dial Transplant,Germany,eng,38,synthetic,Kidney
87464756,10.1111/synth.87464756,sensitization in kidney transplantation: the role of HLA-A*01:01,Donor-specific alloimmunity is a leading cause of late kidney allograft failure. We retrospectively analyzed a single-center cohort of consecutive kidney transplant recipients. Protocol biopsies were available for a subset of the cohort. These findings support incorporating molecular HLA compatibility into allocation algorithms.,2005,HLA,HLA,United Kingdom,eng,23,synthetic,Multi-organ
42327067,10.1111/synth.42327067,Eplet-level HLA-DRB1*15 matching and graft loss after renal transplantation,"The contribution of HLA compatibility to long-term renal allograft outcome remains debated. Multivariable Cox regression was used to adjust for recipient age, sex and induction therapy. Sensitivity analyses excluding retransplant recipients gave consistent estimates. Our results should be interpreted with caution given the observational design.",2014,Nephrology Dialysis Transplantation,Nephrol Dial Transplant,Italy,eng,16,synthetic,Kidney
46738721,10.1111/synth.46738721,Eplet-level HLA-A*02 matching and CMV infection after renal transplantation,Molecular-level HLA matching has been proposed to refine immunological risk stratification. Recipients transplanted over a ten-year period were included and followed prospectively. Baseline characteristics were comparable between the exposed and unexposed groups. Our results should be interpreted with caution given the observational design.,2021,American Journal of Transplantation,Am J Transplant,United States,eng,31,synthetic,Kidney
98393430,10.1111/synth.98393430,Revisiting HLA-DQB1*03:01 as a predictor of sensitization in renal allograft recipients,The contribution of HLA compatibility to long-term renal allograft outcome remains debated. We retrospectively analyzed a single-center cohort of consecutive kidney transplant recipients. Median follow-up was 7.4 years after transplantation. Prospective validation in an independent cohort is required before clinical implementation.,2024,Transplantation,Transplantation,United Kingdom,eng,1,synthetic,Kidney
75826121,10.1111/synth.75826121,Impact of HLA-mismatch on acute rejection after kidney transplantation,Donor-specific alloimmunity is a leading cause of late kidney allograft failure. We retrospectively analyzed a single-center cohort of consecutive kidney transplant recipients. Median follow-up was 7.4 years after transplantation. Prospective validation in an independent cohort is required before clinical implementation.,2021,Human Immunology,Hum Immunol,Netherlands,eng,49,synthetic,Kidney
81927860,10.1111/synth.81927860,Association between HLA-DQB1*03:02 mismatch and graft loss: a cohort study,Risk stratification at transplantation still relies largely on antigen-level HLA matching. Recipients transplanted over a ten-year period were included and followed prospectively. Protocol biopsies were available for a subset of the cohort. Antigen-level matching alone may be insufficient to capture immunological risk.,2008,Nephrology Dialysis Transplantation,Nephrol Dial Transplant,Spain,eng,1,synthetic,Kidney
39826611,10.1111/synth.39826611,A single-center analysis of HLA-A*01:01 and acute rejection in kidney transplant recipients,The contribution of HLA compatibility to long-term renal allograft outcome remains debated. High-resolution HLA typing was imputed from antigen-level data for donor-recipient pairs. Protocol biopsies were available for a subset of the cohort. Our results should be interpreted with caution given the observational design.,2013,American Journal of Transplantation,Am J Transplant,Australia,eng,3,synthetic,Kidney
98256603,10.1111/synth.98256603,Revisiting HLA-A*02:02 as a predictor of acute rejection in renal allograft recipients,"Donor-specific alloimmunity is a leading cause of late kidney allograft failure. Multivariable Cox regression was used to adjust for recipient age, sex and induction therapy. Sensitivity analyses excluding retransplant recipients gave consistent estimates. Prospective validation in an independent cohort is required before clinical implementation.",2004,HLA,HLA,Italy,eng,218,synthetic,Kidney
22098465,10.1111/synth.22098465,Long-term outcomes of HLA-DRB1*15-mismatched kidney transplantation: focus on acute rejection,Risk stratification at transplantation still relies largely on antigen-level HLA matching. We retrospectively analyzed a single-center cohort of consecutive kidney transplant recipients. Sensitivity analyses excluding retransplant recipients gave consistent estimates. Prospective validation in an independent cohort is required before clinical implementation.,2019,American Journal of Transplantation,Am J Transplant,Italy,eng,19,synthetic,Kidney
80265183,10.1111/synth.80265183,Revisiting HLA-DRB1*04 as a predictor of chronic rejection in renal allograft recipients,"The contribution of HLA compatibility to long-term renal allograft outcome remains debated. Multivariable Cox regression was used to adjust for recipient age, sex and induction therapy. Sensitivity analyses excluding retransplant recipients gave consistent estimates. Antigen-level matching alone may be insufficient to capture immunological risk.",2024,Transplantation,Transplantation,United Kingdom,eng,9,synthetic,Kidney
96298460,10.1111/synth.96298460,A single-center analysis of HLA-DRB1*04 and sensitization in kidney transplant recipients,Molecular-level HLA matching has been proposed to refine immunological risk stratification. High-resolution HLA typing was imputed from antigen-level data for donor-recipient pairs. Protocol biopsies were available for a subset of the cohort. These findings support incorporating molecular HLA compatibility into allocation algorithms.,2017,American Journal of Transplantation,Am J Transplant,France,eng,13,synthetic,Kidney
34452059,10.1111/synth.34452059,A single-center analysis of HLA-DPB1*01 and graft loss in kidney transplant recipients,Donor-specific alloimmunity is a leading cause of late kidney allograft failure. Recipients transplanted over a ten-year period were included and followed prospectively. Protocol biopsies were available for a subset of the cohort. Antigen-level matching alone may be insufficient to capture immunological risk.,2017,Nephrology Dialysis Transplantation,Nephrol Dial Transplant,France,eng,14,synthetic,Kidney
99416497,10.1111/synth.99416497,Association between HLA-eplet mismatch and NODAT: a cohort study,"Molecular-level HLA matching has been proposed to refine immunological risk stratification. Multivariable Cox regression was used to adjust for recipient age, sex and induction therapy. Sensitivity analyses excluding retransplant recipients gave consistent estimates. Prospective validation in an independent cohort is required before clinical implementation.",2007,HLA,HLA,United States,eng,147,synthetic,Kidney
43252079,10.1111/synth.43252079,HLA-A*02:02 and the risk of graft loss in renal transplant recipients,Molecular-level HLA matching has been proposed to refine immunological risk stratification. Recipients transplanted over a ten-year period were included and followed prospectively. Sensitivity analyses excluding retransplant recipients gave consistent estimates. Prospective validation in an independent cohort is required before clinical implementation.,2019,Human Immunology,Hum Immunol,Italy,eng,34,synthetic,Kidney
15149455,10.1111/synth.15149455,Eplet-level HLA-DPB1*01 matching and acute rejection after renal transplantation,Molecular-level HLA matching has been proposed to refine immunological risk stratification. Recipients transplanted over a ten-year period were included and followed prospectively. Median follow-up was 7.4 years after transplantation. Our results should be interpreted with caution given the observational design.,2010,Transplantation,Transplantation,Spain,eng,27,synthetic,Kidney
67835429,10.1111/synth.67835429,Impact of HLA-B*07 on acute rejection after kidney transplantation,Donor-specific alloimmunity is a leading cause of late kidney allograft failure. High-resolution HLA typing was imputed from antigen-level data for donor-recipient pairs. Protocol biopsies were available for a subset of the cohort. Our results should be interpreted with caution given the observational design.,2007,HLA,HLA,Australia,eng,34,synthetic,Kidney
20050169,10.1111/synth.20050169,graft loss in kidney transplantation: the role of HLA-DQB1*06,Donor-specific alloimmunity is a leading cause of late kidney allograft failure. We retrospectively analyzed a single-center cohort of consecutive kidney transplant recipients. Median follow-up was 7.4 years after transplantation. Prospective validation in an independent cohort is required before clinical implementation.,2025,Human Immunology,Hum Immunol,Spain,eng,15,synthetic,Kidney
80298247,10.1111/synth.80298247,Long-term outcomes of HLA-A*01:02-mismatched kidney transplantation: focus on acute rejection,The contribution of HLA compatibility to long-term renal allograft outcome remains debated. We retrospectively analyzed a single-center cohort of consecutive kidney transplant recipients. Median follow-up was 7.4 years after transplantation. Antigen-level matching alone may be insufficient to capture immunological risk.,2025,Human Immunology,Hum Immunol,Italy,eng,22,synthetic,Kidney
49777260,10.1111/synth.49777260,DGF in kidney transplantation: the role of HLA-A*02:01,Molecular-level HLA matching has been proposed to refine immunological risk stratification. We retrospectively analyzed a single-center cohort of consecutive kidney transplant recipients. Median follow-up was 7.4 years after transplantation. Our results should be interpreted with caution given the observational design.,2021,Human Immunology,Hum Immunol,United Kingdom,eng,8,synthetic,Kidney
21173109,10.1111/synth.21173109,Long-term outcomes of HLA-A*01:01-mismatched kidney transplantation: focus on acute rejection,Molecular-level HLA matching has been proposed to refine immunological risk stratification. We retrospectively analyzed a single-center cohort of consecutive kidney transplant recipients. Baseline characteristics were comparable between the exposed and unexposed groups. Our results should be interpreted with caution given the observational design.,2025,Human Immunology,Hum Immunol,Germany,eng,25,synthetic,Kidney
97754868,10.1111/synth.97754868,Long-term outcomes of HLA-DRB1*04-mismatched kidney transplantation: focus on HLA mismatch,"Donor-specific alloimmunity is a leading cause of late kidney allograft failure. Multivariable Cox regression was used to adjust for recipient age, sex and induction therapy. Median follow-up was 7.4 years after transplantation. Antigen-level matching alone may be insufficient to capture immunological risk.",2010,Human Immunology,Hum Immunol,Germany,eng,54,synthetic,Kidney
51629000,10.1111/synth.51629000,Eplet-level HLA-DQB1*03 matching and graft loss after renal transplantation,"Donor-specific alloimmunity is a leading cause of late kidney allograft failure. Multivariable Cox regression was used to adjust for recipient age, sex and induction therapy. Sensitivity analyses excluding retransplant recipients gave consistent estimates. These findings support incorporating molecular HLA compatibility into allocation algorithms.",2006,Transplantation,Transplantation,Japan,eng,7,synthetic,Kidney
90481940,10.1111/synth.90481940,sensitization in kidney transplantation: the role of HLA-A*01,"Donor-specific alloimmunity is a leading cause of late kidney allograft failure. Multivariable Cox regression was used to adjust for recipient age, sex and induction therapy. Sensitivity analyses excluding retransplant recipients gave consistent estimates. Prospective validation in an independent cohort is required before clinical implementation.",1995,American Journal of Transplantation,Am J Transplant,Netherlands,eng,26,synthetic,Kidney
13221342,10.1111/synth.13221342,graft loss in kidney transplantation: the role of HLA-DQB1*02:01,Risk stratification at transplantation still relies largely on antigen-level HLA matching. We retrospectively analyzed a single-center cohort of consecutive kidney transplant recipients. Sensitivity analyses excluding retransplant recipients gave consistent estimates. Prospective validation in an independent cohort is required before clinical implementation.,2008,HLA,HLA,United States,eng,11,synthetic,Unspecified
67529530,10.1111/synth.67529530,Long-term outcomes of HLA-DPB1*01-mismatched kidney transplantation: focus on NODAT,Molecular-level HLA matching has been proposed to refine immunological risk stratification. High-resolution HLA typing was imputed from antigen-level data for donor-recipient pairs. Baseline characteristics were comparable between the exposed and unexposed groups. Our results should be interpreted with caution given the observational design.,2017,Human Immunology,Hum Immunol,Italy,eng,34,synthetic,Multi-organ
87556758,10.1111/synth.87556758,Association between HLA-B*07 mismatch and graft loss: a cohort study,"Donor-specific alloimmunity is a leading cause of late kidney allograft failure. Multivariable Cox regression was used to adjust for recipient age, sex and induction therapy. Protocol biopsies were available for a subset of the cohort. Our results should be interpreted with caution given the observational design.",2015,Nephrology Dialysis Transplantation,Nephrol Dial Transplant,Italy,eng,19,synthetic,Kidney
76719940,10.1111/synth.76719940,Eplet-level HLA-DRB1*04 matching and HLA mismatch after renal transplantation,Donor-specific alloimmunity is a leading cause of late kidney allograft failure. We retrospectively analyzed a single-center cohort of consecutive kidney transplant recipients. Median follow-up was 7.4 years after transplantation. Our results should be interpreted with caution given the observational design.,2017,HLA,HLA,France,eng,7,synthetic,Kidney
42547451,10.1111/synth.42547451,Association between HLA-A*01:01 mismatch and graft loss: a cohort study,Risk stratification at transplantation still relies largely on antigen-level HLA matching. We retrospectively analyzed a single-center cohort of consecutive kidney transplant recipients. Sensitivity analyses excluding retransplant recipients gave consistent estimates. Our results should be interpreted with caution given the observational design.,2008,Transplantation,Transplantation,France,eng,54,synthetic,Kidney
20602300,10.1111/synth.20602300,Association between HLA-DRB1*04 mismatch and DGF: a cohort study,Risk stratification at transplantation still relies largely on antigen-level HLA matching. Recipients transplanted over a ten-year period were included and followed prospectively. Protocol biopsies were available for a subset of the cohort. Antigen-level matching alone may be insufficient to capture immunological risk.,2009,American Journal of Transplantation,Am J Transplant,Spain,eng,55,synthetic,Kidney
84377548,10.1111/synth.84377548,HLA-DPB1*04 and the risk of complement activation in renal transplant recipients,Risk stratification at transplantation still relies largely on antigen-level HLA matching. Recipients transplanted over a ten-year period were included and followed prospectively. Median follow-up was 7.4 years after transplantation. Antigen-level matching alone may be insufficient to capture immunological risk.,2021,Nephrology Dialysis Transplantation,Nephrol Dial Transplant,Australia,eng,1,synthetic,Kidney
13764654,10.1111/synth.13764654,Long-term outcomes of HLA-A*01-mismatched kidney transplantation: focus on complement activation,Donor-specific alloimmunity is a leading cause of late kidney allograft failure. Recipients transplanted over a ten-year period were included and followed prospectively. Baseline characteristics were comparable between the exposed and unexposed groups. Prospective validation in an independent cohort is required before clinical implementation.,2009,Transplantation,Transplantation,Netherlands,eng,3,synthetic,Kidney
63436961,10.1111/synth.63436961,HLA-DQB1*06 and the risk of graft loss in renal transplant recipients,"Molecular-level HLA matching has been proposed to refine immunological risk stratification. Multivariable Cox regression was used to adjust for recipient age, sex and induction therapy. Baseline characteristics were comparable between the exposed and unexposed groups. Prospective validation in an independent cohort is required before clinical implementation.",2016,Nephrology Dialysis Transplantation,Nephrol Dial Transplant,France,eng,29,synthetic,Kidney
77326285,10.1111/synth.77326285,Association between HLA-DRB1*15 mismatch and IgA nephropathy: a cohort study,Molecular-level HLA matching has been proposed to refine immunological risk stratification. High-resolution HLA typing was imputed from antigen-level data for donor-recipient pairs. Protocol biopsies were available for a subset of the cohort. Antigen-level matching alone may be insufficient to capture immunological risk.,2017,Human Immunology,Hum Immunol,France,eng,69,synthetic,Kidney
83435357,10.1111/synth.83435357,Long-term outcomes of HLA-DPB1*04-mismatched kidney transplantation: focus on CMV infection,Donor-specific alloimmunity is a leading cause of late kidney allograft failure. We retrospectively analyzed a single-center cohort of consecutive kidney transplant recipients. Protocol biopsies were available for a subset of the cohort. Our results should be interpreted with caution given the observational design.,2024,American Journal of Transplantation,Am J Transplant,Canada,eng,1,synthetic,Kidney
63813150,10.1111/synth.63813150,Revisiting HLA-A*01:01 as a predictor of acute rejection in renal allograft recipients,"The contribution of HLA compatibility to long-term renal allograft outcome remains debated. Multivariable Cox regression was used to adjust for recipient age, sex and induction therapy. Sensitivity analyses excluding retransplant recipients gave consistent estimates. Our results should be interpreted with caution given the observational design.",2014,Human Immunology,Hum Immunol,France,eng,34,synthetic,Kidney
24645711,10.1111/synth.24645711,Revisiting HLA-DRB1*15 as a predictor of DGF in renal allograft recipients,"Molecular-level HLA matching has been proposed to refine immunological risk stratification. Multivariable Cox regression was used to adjust for recipient age, sex and induction therapy. Median follow-up was 7.4 years after transplantation. Antigen-level matching alone may be insufficient to capture immunological risk.",2002,American Journal of Transplantation,Am J Transplant,United States,eng,17,synthetic,Kidney
66763408,10.1111/synth.66763408,Eplet-level HLA-A*01 matching and eGFR decline after renal transplantation,The contribution of HLA compatibility to long-term renal allograft outcome remains debated. High-resolution HLA typing was imputed from antigen-level data for donor-recipient pairs. Sensitivity analyses excluding retransplant recipients gave consistent estimates. Antigen-level matching alone may be insufficient to capture immunological risk.,2010,Transplantation,Transplantation,Japan,eng,10,synthetic,Multi-organ
31567333,10.1111/synth.31567333,Impact of HLA-DQB1*03:01 on IgA nephropathy after kidney transplantation,Donor-specific alloimmunity is a leading cause of late kidney allograft failure. We retrospectively analyzed a single-center cohort of consecutive kidney transplant recipients. Median follow-up was 7.4 years after transplantation. Our results should be interpreted with caution given the observational design.,2025,HLA,HLA,Canada,eng,0,synthetic,Multi-organ
23078988,10.1111/synth.23078988,Eplet-level HLA-DPB1*04 matching and sensitization after renal transplantation,Donor-specific alloimmunity is a leading cause of late kidney allograft failure. High-resolution HLA typing was imputed from antigen-level data for donor-recipient pairs. Median follow-up was 7.4 years after transplantation. Prospective validation in an independent cohort is required before clinical implementation.,1998,Transplantation,Transplantation,Australia,eng,186,synthetic,Kidney
82808690,10.1111/synth.82808690,Eplet-level HLA-A*01:02 matching and graft loss after renal transplantation,Molecular-level HLA matching has been proposed to refine immunological risk stratification. Recipients transplanted over a ten-year period were included and followed prospectively. Median follow-up was 7.4 years after transplantation. Antigen-level matching alone may be insufficient to capture immunological risk.,2015,Nephrology Dialysis Transplantation,Nephrol Dial Transplant,Spain,eng,11,synthetic,Kidney
22031000,10.1111/synth.22031000,A single-center analysis of HLA-A*01 and sensitization in kidney transplant recipients,The contribution of HLA compatibility to long-term renal allograft outcome remains debated. High-resolution HLA typing was imputed from antigen-level data for donor-recipient pairs. Sensitivity analyses excluding retransplant recipients gave consistent estimates. Prospective validation in an independent cohort is required before clinical implementation.,2020,Human Immunology,Hum Immunol,Germany,eng,40,synthetic,Kidney
42420888,10.1111/synth.42420888,Revisiting HLA-A*01 as a predictor of HLA mismatch in renal allograft recipients,Molecular-level HLA matching has been proposed to refine immunological risk stratification. High-resolution HLA typing was imputed from antigen-level data for donor-recipient pairs. Median follow-up was 7.4 years after transplantation. Antigen-level matching alone may be insufficient to capture immunological risk.,1993,HLA,HLA,Germany,eng,54,synthetic,Kidney
64105718,10.1111/synth.64105718,Association between HLA-A*02:01 mismatch and acute rejection: a cohort study,"The contribution of HLA compatibility to long-term renal allograft outcome remains debated. Multivariable Cox regression was used to adjust for recipient age, sex and induction therapy. Protocol biopsies were available for a subset of the cohort. Prospective validation in an independent cohort is required before clinical implementation.",2024,Human Immunology,Hum Immunol,Canada,eng,4,synthetic,Kidney
27521857,10.1111/synth.27521857,graft loss in kidney transplantation: the role of HLA-DQB1*02:01,Molecular-level HLA matching has been proposed to refine immunological risk stratification. Recipients transplanted over a ten-year period were included and followed prospectively. Median follow-up was 7.4 years after transplantation. Antigen-level matching alone may be insufficient to capture immunological risk.,2026,Nephrology Dialysis Transplantation,Nephrol Dial Transplant,Netherlands,eng,19,synthetic,Kidney
58505926,10.1111/synth.58505926,HLA-DPB1*04 and the risk of chronic rejection in renal transplant recipients,Risk stratification at transplantation still relies largely on antigen-level HLA matching. We retrospectively analyzed a single-center cohort of consecutive kidney transplant recipients. Median follow-up was 7.4 years after transplantation. Antigen-level matching alone may be insufficient to capture immunological risk.,2025,Transplantation,Transplantation,Spain,eng,42,synthetic,Kidney
92410355,10.1111/synth.92410355,HLA-DRB1*03 and the risk of ABMR in renal transplant recipients,Donor-specific alloimmunity is a leading cause of late kidney allograft failure. We retrospectively analyzed a single-center cohort of consecutive kidney transplant recipients. Baseline characteristics were comparable between the exposed and unexposed groups. Prospective validation in an independent cohort is required before clinical implementation.,2019,American Journal of Transplantation,Am J Transplant,Germany,eng,57,synthetic,Kidney
36741208,10.1111/synth.36741208,Eplet-level HLA-DQB1*02:01 matching and graft loss after renal transplantation,Risk stratification at transplantation still relies largely on antigen-level HLA matching. Recipients transplanted over a ten-year period were included and followed prospectively. Protocol biopsies were available for a subset of the cohort. Prospective validation in an independent cohort is required before clinical implementation.,2025,Nephrology Dialysis Transplantation,Nephrol Dial Transplant,Germany,eng,22,synthetic,Unspecified
60192126,10.1111/synth.60192126,Long-term outcomes of HLA-DRB1*04-mismatched kidney transplantation: focus on graft survival,Risk stratification at transplantation still relies largely on antigen-level HLA matching. High-resolution HLA typing was imputed from antigen-level data for donor-recipient pairs. Protocol biopsies were available for a subset of the cohort. Antigen-level matching alone may be insufficient to capture immunological risk.,2024,American Journal of Transplantation,Am J Transplant,France,eng,2,synthetic,Kidney
54140102,10.1111/synth.54140102,sensitization in kidney transplantation: the role of HLA-DRB1*04,Donor-specific alloimmunity is a leading cause of late kidney allograft failure. We retrospectively analyzed a single-center cohort of consecutive kidney transplant recipients. Protocol biopsies were available for a subset of the cohort. These findings support incorporating molecular HLA compatibility into allocation algorithms.,2008,Human Immunology,Hum Immunol,Australia,eng,100,synthetic,Kidney
48257007,10.1111/synth.48257007,Impact of HLA-DRB1*04:02 on NODAT after kidney transplantation,Molecular-level HLA matching has been proposed to refine immunological risk stratification. We retrospectively analyzed a single-center cohort of consecutive kidney transplant recipients. Baseline characteristics were comparable between the exposed and unexposed groups. Antigen-level matching alone may be insufficient to capture immunological risk.,1996,Human Immunology,Hum Immunol,United States,eng,111,synthetic,Kidney
13930993,10.1111/synth.13930993,Eplet-level HLA-mismatch matching and acute rejection after renal transplantation,Donor-specific alloimmunity is a leading cause of late kidney allograft failure. Recipients transplanted over a ten-year period were included and followed prospectively. Baseline characteristics were comparable between the exposed and unexposed groups. Prospective validation in an independent cohort is required before clinical implementation.,2008,American Journal of Transplantation,Am J Transplant,Canada,eng,76,synthetic,Kidney
20071990,10.1111/synth.20071990,A single-center analysis of HLA-B*08 and acute rejection in kidney transplant recipients,The contribution of HLA compatibility to long-term renal allograft outcome remains debated. Recipients transplanted over a ten-year period were included and followed prospectively. Protocol biopsies were available for a subset of the cohort. Prospective validation in an independent cohort is required before clinical implementation.,2010,Human Immunology,Hum Immunol,Australia,eng,91,synthetic,Unspecified
98514011,10.1111/synth.98514011,eGFR decline in kidney transplantation: the role of HLA-A*01,The contribution of HLA compatibility to long-term renal allograft outcome remains debated. Recipients transplanted over a ten-year period were included and followed prospectively. Sensitivity analyses excluding retransplant recipients gave consistent estimates. Antigen-level matching alone may be insufficient to capture immunological risk.,2020,Transplantation,Transplantation,Germany,eng,18,synthetic,Kidney
70724380,10.1111/synth.70724380,HLA-B*08 and the risk of sensitization in renal transplant recipients,"Molecular-level HLA matching has been proposed to refine immunological risk stratification. Multivariable Cox regression was used to adjust for recipient age, sex and induction therapy. Median follow-up was 7.4 years after transplantation. Our results should be interpreted with caution given the observational design.",2024,Human Immunology,Hum Immunol,Australia,eng,21,synthetic,Kidney
83860588,10.1111/synth.83860588,Eplet-level HLA-B*08 matching and sensitization after renal transplantation,Molecular-level HLA matching has been proposed to refine immunological risk stratification. We retrospectively analyzed a single-center cohort of consecutive kidney transplant recipients. Sensitivity analyses excluding retransplant recipients gave consistent estimates. Our results should be interpreted with caution given the observational design.,2002,HLA,HLA,Canada,eng,5,synthetic,Kidney
16693632,10.1111/synth.16693632,Impact of HLA-A*01 on complement activation after kidney transplantation,Molecular-level HLA matching has been proposed to refine immunological risk stratification. Recipients transplanted over a ten-year period were included and followed prospectively. Baseline characteristics were comparable between the exposed and unexposed groups. These findings support incorporating molecular HLA compatibility into allocation algorithms.,2020,American Journal of Transplantation,Am J Transplant,Netherlands,eng,6,synthetic,Kidney
56658526,10.1111/synth.56658526,Association between HLA-A*01 mismatch and CMV infection: a cohort study,Risk stratification at transplantation still relies largely on antigen-level HLA matching. High-resolution HLA typing was imputed from antigen-level data for donor-recipient pairs. Median follow-up was 7.4 years after transplantation. Prospective validation in an independent cohort is required before clinical implementation.,2019,Human Immunology,Hum Immunol,Canada,eng,32,synthetic,Kidney
20331687,10.1111/synth.20331687,A single-center analysis of HLA-eplet and DSA in kidney transplant recipients,"Donor-specific alloimmunity is a leading cause of late kidney allograft failure. Multivariable Cox regression was used to adjust for recipient age, sex and induction therapy. Baseline characteristics were comparable between the exposed and unexposed groups. These findings support incorporating molecular HLA compatibility into allocation algorithms.",2006,American Journal of Transplantation,Am J Transplant,France,eng,40,synthetic,Multi-organ
99041184,10.1111/synth.99041184,Revisiting HLA-DRB1*04 as a predictor of HLA mismatch in renal allograft recipients,Risk stratification at transplantation still relies largely on antigen-level HLA matching. We retrospectively analyzed a single-center cohort of consecutive kidney transplant recipients. Protocol biopsies were available for a subset of the cohort. These findings support incorporating molecular HLA compatibility into allocation algorithms.,2016,Nephrology Dialysis Transplantation,Nephrol Dial Transplant,United Kingdom,eng,126,synthetic,Kidney
95729393,10.1111/synth.95729393,Association between HLA-DQB1*03 mismatch and acute rejection: a cohort study,Molecular-level HLA matching has been proposed to refine immunological risk stratification. High-resolution HLA typing was imputed from antigen-level data for donor-recipient pairs. Protocol biopsies were available for a subset of the cohort. Antigen-level matching alone may be insufficient to capture immunological risk.,2003,Nephrology Dialysis Transplantation,Nephrol Dial Transplant,Australia,eng,28,synthetic,Unspecified
76964850,10.1111/synth.76964850,Association between HLA-A*01:02 mismatch and DGF: a cohort study,"Molecular-level HLA matching has been proposed to refine immunological risk stratification. Multivariable Cox regression was used to adjust for recipient age, sex and induction therapy. Protocol biopsies were available for a subset of the cohort. These findings support incorporating molecular HLA compatibility into allocation algorithms.",2025,Transplantation,Transplantation,Netherlands,eng,0,synthetic,Kidney
48019256,10.1111/synth.48019256,HLA-DRB1*03 and the risk of acute rejection in renal transplant recipients,Molecular-level HLA matching has been proposed to refine immunological risk stratification. Recipients transplanted over a ten-year period were included and followed prospectively. Median follow-up was 7.4 years after transplantation. Antigen-level matching alone may be insufficient to capture immunological risk.,2022,Human Immunology,Hum Immunol,Australia,eng,60,synthetic,Kidney
33260196,10.1111/synth.33260196,Eplet-level HLA-A*01:01 matching and graft loss after renal transplantation,Donor-specific alloimmunity is a leading cause of late kidney allograft failure. High-resolution HLA typing was imputed from antigen-level data for donor-recipient pairs. Protocol biopsies were available for a subset of the cohort. These findings support incorporating molecular HLA compatibility into allocation algorithms.,2018,Nephrology Dialysis Transplantation,Nephrol Dial Transplant,Netherlands,eng,25,synthetic,Kidney
71912488,10.1111/synth.71912488,HLA-DRB1*03 and the risk of acute rejection in renal transplant recipients,Donor-specific alloimmunity is a leading cause of late kidney allograft failure. High-resolution HLA typing was imputed from antigen-level data for donor-recipient pairs. Median follow-up was 7.4 years after transplantation. Our results should be interpreted with caution given the observational design.,1997,Human Immunology,Hum Immunol,United Kingdom,eng,59,synthetic,Unspecified
17294228,10.1111/synth.17294228,Long-term outcomes of HLA-DQB1*02:01-mismatched kidney transplantation: focus on graft loss,Risk stratification at transplantation still relies largely on antigen-level HLA matching. High-resolution HLA typing was imputed from antigen-level data for donor-recipient pairs. Baseline characteristics were comparable between the exposed and unexposed groups. These findings support incorporating molecular HLA compatibility into allocation algorithms.,2002,Nephrology Dialysis Transplantation,Nephrol Dial Transplant,Australia,eng,60,synthetic,Kidney
25395963,10.1111/synth.25395963,DGF in kidney transplantation: the role of HLA-A*01:01,"The contribution of HLA compatibility to long-term renal allograft outcome remains debated. Multivariable Cox regression was used to adjust for recipient age, sex and induction therapy. Baseline characteristics were comparable between the exposed and unexposed groups. Antigen-level matching alone may be insufficient to capture immunological risk.",2001,Transplantation,Transplantation,Spain,eng,3,synthetic,Kidney
34804490,10.1111/synth.34804490,ABMR in kidney transplantation: the role of HLA-DRB1*03,"Risk stratification at transplantation still relies largely on antigen-level HLA matching. Multivariable Cox regression was used to adjust for recipient age, sex and induction therapy. Protocol biopsies were available for a subset of the cohort. Our results should be interpreted with caution given the observational design.",2005,Transplantation,Transplantation,United States,eng,158,synthetic,Kidney
85726861,10.1111/synth.85726861,A single-center analysis of HLA-DQB1*02:01 and acute rejection in kidney transplant recipients,The contribution of HLA compatibility to long-term renal allograft outcome remains debated. High-resolution HLA typing was imputed from antigen-level data for donor-recipient pairs. Median follow-up was 7.4 years after transplantation. Antigen-level matching alone may be insufficient to capture immunological risk.,2014,Human Immunology,Hum Immunol,Italy,eng,11,synthetic,Unspecified
57226789,10.1111/synth.57226789,Association between HLA-DQB1*06 mismatch and acute rejection: a cohort study,Molecular-level HLA matching has been proposed to refine immunological risk stratification. High-resolution HLA typing was imputed from antigen-level data for donor-recipient pairs. Sensitivity analyses excluding retransplant recipients gave consistent estimates. These findings support incorporating molecular HLA compatibility into allocation algorithms.,2020,Human Immunology,Hum Immunol,Italy,eng,12,synthetic,Kidney
88449352,10.1111/synth.88449352,Association between HLA-A*01 mismatch and HLA mismatch: a cohort study,Donor-specific alloimmunity is a leading cause of late kidney allograft failure. We retrospectively analyzed a single-center cohort of consecutive kidney transplant recipients. Baseline characteristics were comparable between the exposed and unexposed groups. Antigen-level matching alone may be insufficient to capture immunological risk.,2019,HLA,HLA,Italy,eng,11,synthetic,Kidney
92128314,10.1111/synth.92128314,Impact of HLA-A*01 on eGFR decline after kidney transplantation,Donor-specific alloimmunity is a leading cause of late kidney allograft failure. High-resolution HLA typing was imputed from antigen-level data for donor-recipient pairs. Baseline characteristics were comparable between the exposed and unexposed groups. Antigen-level matching alone may be insufficient to capture immunological risk.,2009,American Journal of Transplantation,Am J Transplant,Spain,eng,6,synthetic,Kidney
10702802,10.1111/synth.10702802,A single-center analysis of HLA-DRB1*04 and eGFR decline in kidney transplant recipients,Donor-specific alloimmunity is a leading cause of late kidney allograft failure. Recipients transplanted over a ten-year period were included and followed prospectively. Sensitivity analyses excluding retransplant recipients gave consistent estimates. Our results should be interpreted with caution given the observational design.,2013,HLA,HLA,Canada,eng,36,synthetic,Kidney
76936024,10.1111/synth.76936024,Long-term outcomes of HLA-A*01-mismatched kidney transplantation: focus on HLA mismatch,"Molecular-level HLA matching has been proposed to refine immunological risk stratification. Multivariable Cox regression was used to adjust for recipient age, sex and induction therapy. Protocol biopsies were available for a subset of the cohort. These findings support incorporating molecular HLA compatibility into allocation algorithms.",2009,Human Immunology,Hum Immunol,United Kingdom,eng,149,synthetic,Kidney
45014869,10.1111/synth.45014869,Revisiting HLA-DPB1*04 as a predictor of sensitization in renal allograft recipients,The contribution of HLA compatibility to long-term renal allograft outcome remains debated. Recipients transplanted over a ten-year period were included and followed prospectively. Sensitivity analyses excluding retransplant recipients gave consistent estimates. These findings support incorporating molecular HLA compatibility into allocation algorithms.,2007,American Journal of Transplantation,Am J Transplant,Australia,eng,109,synthetic,Kidney
46307023,10.1111/synth.46307023,Revisiting HLA-DPB1*04 as a predictor of complement activation in renal allograft recipients,"Risk stratification at transplantation still relies largely on antigen-level HLA matching. Multivariable Cox regression was used to adjust for recipient age, sex and induction therapy. Protocol biopsies were available for a subset of the cohort. Prospective validation in an independent cohort is required before clinical implementation.",2021,American Journal of Transplantation,Am J Transplant,France,eng,68,synthetic,Kidney
26809078,10.1111/synth.26809078,Revisiting HLA-A*01:01 as a predictor of DGF in renal allograft recipients,Molecular-level HLA matching has been proposed to refine immunological risk stratification. Recipients transplanted over a ten-year period were included and followed prospectively. Protocol biopsies were available for a subset of the cohort. Antigen-level matching alone may be insufficient to capture immunological risk.,2015,HLA,HLA,France,eng,9,synthetic,Kidney
17604050,10.1111/synth.17604050,complement activation in kidney transplantation: the role of HLA-B*07,Molecular-level HLA matching has been proposed to refine immunological risk stratification. Recipients transplanted over a ten-year period were included and followed prospectively. Sensitivity analyses excluding retransplant recipients gave consistent estimates. Antigen-level matching alone may be insufficient to capture immunological risk.,2004,Transplantation,Transplantation,United States,eng,54,synthetic,Kidney
42776746,10.1111/synth.42776746,HLA-DPB1*04 and the risk of graft survival in renal transplant recipients,The contribution of HLA compatibility to long-term renal allograft outcome remains debated. High-resolution HLA typing was imputed from antigen-level data for donor-recipient pairs. Sensitivity analyses excluding retransplant recipients gave consistent estimates. Antigen-level matching alone may be insufficient to capture immunological risk.,2017,Nephrology Dialysis Transplantation,Nephrol Dial Transplant,Netherlands,eng,2,synthetic,Multi-organ
97229186,10.1111/synth.97229186,Long-term outcomes of HLA-DRB1*04-mismatched kidney transplantation: focus on chronic rejection,"Molecular-level HLA matching has been proposed to refine immunological risk stratification. Multivariable Cox regression was used to adjust for recipient age, sex and induction therapy. Protocol biopsies were available for a subset of the cohort. These findings support incorporating molecular HLA compatibility into allocation algorithms.",2022,American Journal of Transplantation,Am J Transplant,France,eng,7,synthetic,Kidney
17014171,10.1111/synth.17014171,Revisiting HLA-B*07:01 as a predictor of graft loss in renal allograft recipients,Molecular-level HLA matching has been proposed to refine immunological risk stratification. Recipients transplanted over a ten-year period were included and followed prospectively. Baseline characteristics were comparable between the exposed and unexposed groups. Our results should be interpreted with caution given the observational design.,2020,American Journal of Transplantation,Am J Transplant,Australia,eng,15,synthetic,Kidney
86276344,10.1111/synth.86276344,acute rejection in kidney transplantation: the role of HLA-B*08,Donor-specific alloimmunity is a leading cause of late kidney allograft failure. We retrospectively analyzed a single-center cohort of consecutive kidney transplant recipients. Protocol biopsies were available for a subset of the cohort. Our results should be interpreted with caution given the observational design.,2022,Nephrology Dialysis Transplantation,Nephrol Dial Transplant,United States,eng,161,synthetic,Kidney
26684124,10.1111/synth.26684124,Impact of HLA-DRB1*04 on complement activation after kidney transplantation,Risk stratification at transplantation still relies largely on antigen-level HLA matching. We retrospectively analyzed a single-center cohort of consecutive kidney transplant recipients. Protocol biopsies were available for a subset of the cohort. Antigen-level matching alone may be insufficient to capture immunological risk.,2011,Nephrology Dialysis Transplantation,Nephrol Dial Transplant,Japan,eng,9,synthetic,Kidney
15167621,10.1111/synth.15167621,Impact of HLA-DQB1*02 on DSA after kidney transplantation,Molecular-level HLA matching has been proposed to refine immunological risk stratification. High-resolution HLA typing was imputed from antigen-level data for donor-recipient pairs. Baseline characteristics were comparable between the exposed and unexposed groups. Our results should be interpreted with caution given the observational design.,2007,Human Immunology,Hum Immunol,Japan,eng,58,synthetic,Kidney
91465696,10.1111/synth.91465696,Impact of HLA-DRB1*04 on sensitization after kidney transplantation,Donor-specific alloimmunity is a leading cause of late kidney allograft failure. High-resolution HLA typing was imputed from antigen-level data for donor-recipient pairs. Baseline characteristics were comparable between the exposed and unexposed groups. Our results should be interpreted with caution given the observational design.,2022,Nephrology Dialysis Transplantation,Nephrol Dial Transplant,United Kingdom,eng,58,synthetic,Kidney
85887023,10.1111/synth.85887023,HLA-DQB1*06:01 and the risk of IgA nephropathy in renal transplant recipients,"The contribution of HLA compatibility to long-term renal allograft outcome remains debated. Multivariable Cox regression was used to adjust for recipient age, sex and induction therapy. Sensitivity analyses excluding retransplant recipients gave consistent estimates. Our results should be interpreted with caution given the observational design.",2016,Human Immunology,Hum Immunol,Netherlands,eng,7,synthetic,Kidney
97688458,10.1111/synth.97688458,Association between HLA-DPB1*01 mismatch and DGF: a cohort study,"Donor-specific alloimmunity is a leading cause of late kidney allograft failure. Multivariable Cox regression was used to adjust for recipient age, sex and induction therapy. Median follow-up was 7.4 years after transplantation. Our results should be interpreted with caution given the observational design.",2016,Transplantation,Transplantation,Netherlands,eng,13,synthetic,Kidney
45349744,10.1111/synth.45349744,Association between HLA-A*01:01 mismatch and acute rejection: a cohort study,The contribution of HLA compatibility to long-term renal allograft outcome remains debated. Recipients transplanted over a ten-year period were included and followed prospectively. Sensitivity analyses excluding retransplant recipients gave consistent estimates. Antigen-level matching alone may be insufficient to capture immunological risk.,2022,HLA,HLA,Canada,eng,3,synthetic,Kidney
70364921,10.1111/synth.70364921,Association between HLA-DPB1*04 mismatch and HLA mismatch: a cohort study,Donor-specific alloimmunity is a leading cause of late kidney allograft failure. We retrospectively analyzed a single-center cohort of consecutive kidney transplant recipients. Median follow-up was 7.4 years after transplantation. These findings support incorporating molecular HLA compatibility into allocation algorithms.,2021,HLA,HLA,Australia,eng,22,synthetic,Kidney
55783977,10.1111/synth.55783977,Revisiting HLA-DQB1*02 as a predictor of DSA in renal allograft recipients,Risk stratification at transplantation still relies largely on antigen-level HLA matching. High-resolution HLA typing was imputed from antigen-level data for donor-recipient pairs. Median follow-up was 7.4 years after transplantation. Prospective validation in an independent cohort is required before clinical implementation.,1999,Human Immunology,Hum Immunol,France,eng,98,synthetic,Kidney
99447205,10.1111/synth.99447205,Association between HLA-DRB1*04 mismatch and chronic rejection: a cohort study,The contribution of HLA compatibility to long-term renal allograft outcome remains debated. We retrospectively analyzed a single-center cohort of consecutive kidney transplant recipients. Median follow-up was 7.4 years after transplantation. These findings support incorporating molecular HLA compatibility into allocation algorithms.,2010,American Journal of Transplantation,Am J Transplant,Italy,eng,75,synthetic,Kidney
49586388,10.1111/synth.49586388,Association between HLA-DPB1*01 mismatch and acute rejection: a cohort study,Molecular-level HLA matching has been proposed to refine immunological risk stratification. We retrospectively analyzed a single-center cohort of consecutive kidney transplant recipients. Protocol biopsies were available for a subset of the cohort. These findings support incorporating molecular HLA compatibility into allocation algorithms.,2025,American Journal of Transplantation,Am J Transplant,Germany,eng,25,synthetic,Kidney
35554877,10.1111/synth.35554877,DSA in kidney transplantation: the role of HLA-DQB1*02:01,Donor-specific alloimmunity is a leading cause of late kidney allograft failure. High-resolution HLA typing was imputed from antigen-level data for donor-recipient pairs. Sensitivity analyses excluding retransplant recipients gave consistent estimates. Prospective validation in an independent cohort is required before clinical implementation.,2023,American Journal of Transplantation,Am J Transplant,Italy,eng,37,synthetic,Kidney
95592608,10.1111/synth.95592608,CMV infection in kidney transplantation: the role of HLA-A*02,"Molecular-level HLA matching has been proposed to refine immunological risk stratification. Multivariable Cox regression was used to adjust for recipient age, sex and induction therapy. Sensitivity analyses excluding retransplant recipients gave consistent estimates. Antigen-level matching alone may be insufficient to capture immunological risk.",2012,Human Immunology,Hum Immunol,Australia,eng,17,synthetic,Kidney
25544987,10.1111/synth.25544987,Association between HLA-B*07:01 mismatch and graft loss: a cohort study,"Risk stratification at transplantation still relies largely on antigen-level HLA matching. Multivariable Cox regression was used to adjust for recipient age, sex and induction therapy. Sensitivity analyses excluding retransplant recipients gave consistent estimates. Prospective validation in an independent cohort is required before clinical implementation.",2006,Nephrology Dialysis Transplantation,Nephrol Dial Transplant,France,eng,16,synthetic,Kidney
39386729,10.1111/synth.39386729,Association between HLA-B*08:01 mismatch and graft survival: a cohort study,Donor-specific alloimmunity is a leading cause of late kidney allograft failure. We retrospectively analyzed a single-center cohort of consecutive kidney transplant recipients. Protocol biopsies were available for a subset of the cohort. Prospective validation in an independent cohort is required before clinical implementation.,2012,American Journal of Transplantation,Am J Transplant,Australia,eng,30,synthetic,Multi-organ
31071231,10.1111/synth.31071231,Revisiting HLA-A*02:01 as a predictor of HLA mismatch in renal allograft recipients,Risk stratification at transplantation still relies largely on antigen-level HLA matching. Recipients transplanted over a ten-year period were included and followed prospectively. Median follow-up was 7.4 years after transplantation. These findings support incorporating molecular HLA compatibility into allocation algorithms.,2023,HLA,HLA,France,eng,42,synthetic,Kidney
97949650,10.1111/synth.97949650,Eplet-level HLA-A*01 matching and eGFR decline after renal transplantation,The contribution of HLA compatibility to long-term renal allograft outcome remains debated. We retrospectively analyzed a single-center cohort of consecutive kidney transplant recipients. Median follow-up was 7.4 years after transplantation. These findings support incorporating molecular HLA compatibility into allocation algorithms.,2014,Nephrology Dialysis Transplantation,Nephrol Dial Transplant,Australia,eng,56,synthetic,Kidney
85295643,10.1111/synth.85295643,Eplet-level HLA-DPB1*04 matching and graft survival after renal transplantation,Molecular-level HLA matching has been proposed to refine immunological risk stratification. We retrospectively analyzed a single-center cohort of consecutive kidney transplant recipients. Sensitivity analyses excluding retransplant recipients gave consistent estimates. Prospective validation in an independent cohort is required before clinical implementation.,2010,Nephrology Dialysis Transplantation,Nephrol Dial Transplant,Australia,eng,155,synthetic,Kidney
80250319,10.1111/synth.80250319,Revisiting HLA-A*01 as a predictor of complement activation in renal allograft recipients,Donor-specific alloimmunity is a leading cause of late kidney allograft failure. We retrospectively analyzed a single-center cohort of consecutive kidney transplant recipients. Protocol biopsies were available for a subset of the cohort. Antigen-level matching alone may be insufficient to capture immunological risk.,2021,Human Immunology,Hum Immunol,France,eng,7,synthetic,Kidney
31755769,10.1111/synth.31755769,HLA-DPB1*01 and the risk of graft loss in renal transplant recipients,"The contribution of HLA compatibility to long-term renal allograft outcome remains debated. Multivariable Cox regression was used to adjust for recipient age, sex and induction therapy. Sensitivity analyses excluding retransplant recipients gave consistent estimates. Prospective validation in an independent cohort is required before clinical implementation.",2017,American Journal of Transplantation,Am J Transplant,Japan,eng,21,synthetic,Kidney
59879577,10.1111/synth.59879577,eGFR decline in kidney transplantation: the role of HLA-DPB1*04,Molecular-level HLA matching has been proposed to refine immunological risk stratification. High-resolution HLA typing was imputed from antigen-level data for donor-recipient pairs. Sensitivity analyses excluding retransplant recipients gave consistent estimates. Antigen-level matching alone may be insufficient to capture immunological risk.,2018,Transplantation,Transplantation,Germany,eng,82,synthetic,Multi-organ
10751945,10.1111/synth.10751945,A single-center analysis of HLA-A*01 and graft survival in kidney transplant recipients,Molecular-level HLA matching has been proposed to refine immunological risk stratification. We retrospectively analyzed a single-center cohort of consecutive kidney transplant recipients. Baseline characteristics were comparable between the exposed and unexposed groups. Antigen-level matching alone may be insufficient to capture immunological risk.,2011,Transplantation,Transplantation,Australia,eng,6,synthetic,Kidney
59294789,10.1111/synth.59294789,HLA-DPB1*04 and the risk of sensitization in renal transplant recipients,Donor-specific alloimmunity is a leading cause of late kidney allograft failure. High-resolution HLA typing was imputed from antigen-level data for donor-recipient pairs. Median follow-up was 7.4 years after transplantation. Our results should be interpreted with caution given the observational design.,2019,HLA,HLA,Australia,eng,3,synthetic,Kidney
53397675,10.1111/synth.53397675,Eplet-level HLA-DRB1*04 matching and CMV infection after renal transplantation,Risk stratification at transplantation still relies largely on antigen-level HLA matching. High-resolution HLA typing was imputed from antigen-level data for donor-recipient pairs. Protocol biopsies were available for a subset of the cohort. These findings support incorporating molecular HLA compatibility into allocation algorithms.,2001,American Journal of Transplantation,Am J Transplant,Germany,eng,45,synthetic,Kidney
95063153,10.1111/synth.95063153,HLA-DPB1*04 and the risk of sensitization in renal transplant recipients,Risk stratification at transplantation still relies largely on antigen-level HLA matching. High-resolution HLA typing was imputed from antigen-level data for donor-recipient pairs. Median follow-up was 7.4 years after transplantation. These findings support incorporating molecular HLA compatibility into allocation algorithms.,2023,Transplantation,Transplantation,Canada,eng,43,synthetic,Kidney
54084020,10.1111/synth.54084020,A single-center analysis of HLA-DPB1*04 and complement activation in kidney transplant recipients,Risk stratification at transplantation still relies largely on antigen-level HLA matching. We retrospectively analyzed a single-center cohort of consecutive kidney transplant recipients. Protocol biopsies were available for a subset of the cohort. Our results should be interpreted with caution given the observational design.,2002,Nephrology Dialysis Transplantation,Nephrol Dial Transplant,France,eng,191,synthetic,Kidney
17522634,10.1111/synth.17522634,Long-term outcomes of HLA-DRB1*04-mismatched kidney transplantation: focus on complement activation,Donor-specific alloimmunity is a leading cause of late kidney allograft failure. We retrospectively analyzed a single-center cohort of consecutive kidney transplant recipients. Protocol biopsies were available for a subset of the cohort. Our results should be interpreted with caution given the observational design.,2015,American Journal of Transplantation,Am J Transplant,United Kingdom,eng,81,synthetic,Kidney
15973820,10.1111/synth.15973820,Impact of HLA-B*08:01 on PTLD after kidney transplantation,Molecular-level HLA matching has been proposed to refine immunological risk stratification. High-resolution HLA typing was imputed from antigen-level data for donor-recipient pairs. Protocol biopsies were available for a subset of the cohort. These findings support incorporating molecular HLA compatibility into allocation algorithms.,2010,Transplantation,Transplantation,Canada,eng,26,synthetic,Kidney
