hla,outcome,n_cooccurrence,n_positive,n_negated,n_hla_total,n_outcome_total,n_universe,pmi,npmi,log_odds,odds_ratio,or_ci_low,or_ci_high,pval_fisher,fdr,pval_two_sided,fdr_two_sided,first_year
HLA-A*01,ABMR,41,39,2,218,669,3000,-0.170339,-0.03968,-0.221299,0.801477,0.565109,1.136711,0.916844,1.0,0.206265,0.892258,1996
HLA-A*01,BK_nephropathy,29,28,1,218,305,3000,0.268857,0.057955,0.344433,1.41119,0.939035,2.120748,0.0737425,0.579891,0.129032,0.760858,1999
HLA-A*01,CMV,26,22,4,218,388,3000,-0.081036,-0.017066,-0.084246,0.919205,0.603453,1.400171,0.708613,1.0,0.753041,1.0,2002
HLA-A*01,DGF,16,13,3,218,211,3000,0.042603,0.00814,0.075508,1.078431,0.639595,1.818359,0.468188,1.0,0.78446,1.0,1991
HLA-A*01,DSA,37,30,7,218,652,3000,-0.247254,-0.056252,-0.31802,0.727588,0.506203,1.045796,0.970866,1.0,0.0877132,0.615554,1996
HLA-A*01,FSGS,4,3,1,218,70,3000,-0.240328,-0.036303,-0.154335,0.856985,0.326572,2.248887,0.760844,1.0,1.0,1.0,2001
HLA-A*01,HLA_mismatch_outcome,27,22,5,218,359,3000,0.034387,0.0073,0.056706,1.058344,0.69832,1.603983,0.455116,1.0,0.828525,1.0,1993
HLA-A*01,IgA_nephropathy,12,9,3,218,121,3000,0.310989,0.056324,0.390647,1.477937,0.809457,2.698475,0.165136,0.816544,0.27966,0.999408,1996
HLA-A*01,NODAT,12,10,2,218,87,3000,0.640871,0.116069,0.775077,2.170758,1.173594,4.015182,0.0216964,0.252769,0.0319575,0.321615,2004
HLA-A*01,PTLD,12,9,3,218,104,3000,0.462388,0.083744,0.565702,1.760683,0.959195,3.231884,0.0713087,0.567829,0.119259,0.728808,1999
HLA-A*01,TCMR,22,17,5,218,342,3000,-0.121896,-0.024799,-0.128097,0.879768,0.560135,1.381794,0.767522,1.0,0.581356,1.0,2001
HLA-A*01,acute_rejection,26,26,0,218,377,3000,-0.052276,-0.01101,-0.048898,0.952279,0.624925,1.45111,0.649054,1.0,0.832445,1.0,1994
HLA-A*01,chronic_rejection,19,16,3,218,345,3000,-0.277233,-0.054768,-0.307337,0.735403,0.455439,1.187464,0.930563,1.0,0.22429,0.920829,1996
HLA-A*01,complement_activation,24,21,3,218,289,3000,0.1335,0.027649,0.177648,1.194405,0.770163,1.852338,0.269819,0.947933,0.474132,1.0,2007
HLA-A*01,eGFR,22,19,3,218,292,3000,0.036161,0.007357,0.061614,1.063552,0.675516,1.674488,0.462579,1.0,0.812865,1.0,2003
HLA-A*01,graft_loss,8,3,5,218,427,3000,-1.35547,-0.228697,-1.480584,0.227505,0.113709,0.455184,1.0,1.0,1.80175e-07,1.77547e-05,1995
HLA-A*01,graft_survival,35,30,5,218,380,3000,0.237049,0.053257,0.311054,1.364862,0.936535,1.989087,0.0757051,0.588956,0.137767,0.779474,1995
HLA-A*01,mixed_rejection,7,6,1,218,92,3000,0.045994,0.007589,0.112242,1.118784,0.523517,2.390903,0.507977,1.0,0.838185,1.0,1996
HLA-A*01,recurrent_GN,22,19,3,218,359,3000,-0.170407,-0.034669,-0.186708,0.829686,0.528596,1.302278,0.840014,1.0,0.447806,1.0,1999
HLA-A*01,sensitization,30,27,3,218,344,3000,0.182428,0.039614,0.239011,1.269992,0.851189,1.894854,0.159851,0.802648,0.269706,0.992043,2001
HLA-A*01,skin_cancer,20,18,2,218,229,3000,0.183883,0.036698,0.237934,1.268626,0.788149,2.042013,0.220264,0.888334,0.354688,1.0,1997
HLA-A*01:01,ABMR,9,7,2,60,669,3000,-0.396536,-0.068261,-0.451137,0.636903,0.317076,1.279334,0.942537,1.0,0.209852,0.897467,2019
HLA-A*01:01,BK_nephropathy,11,3,8,60,305,3000,0.589607,0.105128,0.736089,2.087754,1.086848,4.010417,0.0363907,0.367882,0.0483248,0.423843,1998
HLA-A*01:01,CMV,10,8,2,60,388,3000,0.253603,0.044462,0.341924,1.407654,0.7178,2.760503,0.241512,0.918581,0.434094,1.0,1998
HLA-A*01:01,DGF,3,3,0,60,211,3000,-0.341223,-0.049397,-0.225989,0.797727,0.268685,2.368459,0.805762,1.0,1.0,1.0,2019
HLA-A*01:01,DSA,12,11,1,60,652,3000,-0.083115,-0.015053,-0.077203,0.925702,0.494079,1.734387,0.67869,1.0,0.874583,1.0,2004
HLA-A*01:01,FSGS,1,1,0,60,70,3000,-0.336472,-0.042026,0.040752,1.041594,0.202502,5.357555,0.760901,1.0,1.0,1.0,2016
HLA-A*01:01,HLA_mismatch_outcome,8,8,0,60,359,3000,0.108142,0.018246,0.176263,1.192752,0.572978,2.482916,0.429744,1.0,0.688603,1.0,2003
HLA-A*01:01,IgA_nephropathy,6,3,3,60,121,3000,0.907992,0.146106,1.070772,2.91763,1.266721,6.720159,0.0321316,0.340768,0.0321316,0.321997,1999
HLA-A*01:01,NODAT,1,1,0,60,87,3000,-0.553885,-0.069181,-0.184004,0.831933,0.162278,4.264968,0.831966,1.0,1.0,1.0,2025
HLA-A*01:01,PTLD,2,2,0,60,104,3000,-0.039221,-0.005363,0.168432,1.183448,0.328691,4.260994,0.622955,1.0,1.0,1.0,2021
HLA-A*01:01,TCMR,1,0,1,60,342,3000,-1.922788,-0.240157,-1.650784,0.191899,0.037814,0.973866,0.99935,1.0,1.0,1.0,2025
HLA-A*01:01,acute_rejection,11,11,0,60,377,3000,0.377673,0.06734,0.489786,1.631968,0.851219,3.128828,0.124313,0.735184,0.169574,0.840503,2010
HLA-A*01:01,chronic_rejection,7,7,0,60,345,3000,0.014389,0.002374,0.074925,1.077803,0.497763,2.333763,0.544918,1.0,1.0,1.0,1990
HLA-A*01:01,complement_activation,3,3,0,60,289,3000,-0.655791,-0.094936,-0.572749,0.563973,0.190388,1.670614,0.938724,1.0,1.0,1.0,2012
HLA-A*01:01,eGFR,2,2,0,60,292,3000,-1.071584,-0.146527,-0.941836,0.389911,0.109324,1.390648,0.984681,1.0,1.0,1.0,2019
HLA-A*01:01,graft_loss,2,2,0,60,427,3000,-1.451614,-0.198492,-1.375774,0.252644,0.070951,0.899615,0.998989,1.0,1.0,1.0,2022
HLA-A*01:01,graft_survival,9,7,2,60,380,3000,0.169076,0.029105,0.243628,1.275869,0.633212,2.57077,0.346924,1.0,0.556396,1.0,1997
HLA-A*01:01,mixed_rejection,1,0,1,60,92,3000,-0.609766,-0.07616,-0.241951,0.785094,0.153256,4.021863,0.848584,1.0,1.0,1.0,2004
HLA-A*01:01,recurrent_GN,2,2,0,60,359,3000,-1.278152,-0.174773,-1.174971,0.308828,0.086673,1.100401,0.995889,1.0,1.0,1.0,2019
HLA-A*01:01,sensitization,6,3,3,60,344,3000,-0.136859,-0.022022,-0.086695,0.916957,0.403383,2.084398,0.70135,1.0,0.84005,1.0,1993
HLA-A*01:01,skin_cancer,9,8,1,60,229,3000,0.675526,0.116287,0.822383,2.275917,1.123927,4.608664,0.0359707,0.367089,0.0440886,0.401037,1990
HLA-A*02,ABMR,13,8,5,261,669,3000,-1.498988,-0.275477,-1.757871,0.172411,0.099004,0.300247,1.0,1.0,1.52614e-15,1.20311e-12,1996
HLA-A*02,BK_nephropathy,25,18,7,261,305,3000,-0.059589,-0.012447,-0.05613,0.945416,0.616977,1.448694,0.661568,1.0,0.830389,1.0,1998
HLA-A*02,CMV,61,57,4,261,388,3000,0.591716,0.151897,0.815154,2.259523,1.660333,3.074952,8.43737e-07,8.67582e-05,1.03755e-06,7.34697e-05,1992
HLA-A*02,DGF,21,11,10,261,211,3000,0.134511,0.027109,0.179333,1.196419,0.751432,1.904922,0.286416,0.961332,0.525494,1.0,1998
HLA-A*02,DSA,56,48,8,261,652,3000,-0.012846,-0.003227,-0.012089,0.987983,0.726019,1.344471,0.571565,1.0,1.0,1.0,1992
HLA-A*02,FSGS,4,4,0,261,70,3000,-0.420354,-0.063497,-0.353001,0.702577,0.268144,1.840855,0.871399,1.0,1.0,1.0,1997
HLA-A*02,HLA_mismatch_outcome,45,36,9,261,359,3000,0.365187,0.086955,0.482931,1.620818,1.153017,2.278414,0.00549149,0.081059,0.0091174,0.116555,1992
HLA-A*02,IgA_nephropathy,13,10,3,261,121,3000,0.211006,0.038778,0.275806,1.317592,0.737407,2.354261,0.250199,0.923998,0.409139,1.0,1994
HLA-A*02,NODAT,6,6,0,261,87,3000,-0.232301,-0.03738,-0.186506,0.829854,0.369502,1.863744,0.782447,1.0,0.699584,1.0,1998
HLA-A*02,PTLD,11,9,2,261,104,3000,0.195352,0.034832,0.26192,1.299423,0.694808,2.430167,0.292058,0.974215,0.477424,1.0,1999
HLA-A*02,TCMR,19,17,2,261,342,3000,-0.448525,-0.088607,-0.509711,0.600669,0.373278,0.966582,0.991988,1.0,0.0316475,0.319857,2005
HLA-A*02,acute_rejection,39,33,6,261,377,3000,0.173164,0.039874,0.230698,1.259479,0.881323,1.799894,0.133432,0.747323,0.240333,0.952074,1992
HLA-A*02,chronic_rejection,24,21,3,261,345,3000,-0.223643,-0.046319,-0.253589,0.77601,0.503858,1.195162,0.910174,1.0,0.263506,0.986959,1998
HLA-A*02,complement_activation,26,23,3,261,289,3000,0.033517,0.007059,0.055982,1.057579,0.694046,1.611526,0.459107,1.0,0.826389,1.0,2004
HLA-A*02,eGFR,25,23,2,261,292,3000,-0.016031,-0.003348,-0.003404,0.996602,0.649881,1.528303,0.569047,1.0,1.0,1.0,1995
HLA-A*02,graft_loss,46,37,9,261,427,3000,0.213705,0.051153,0.288162,1.333973,0.954363,1.864578,0.0635179,0.525244,0.114365,0.713647,1992
HLA-A*02,graft_survival,37,31,6,261,380,3000,0.112594,0.025616,0.153043,1.165375,0.809981,1.676704,0.247936,0.923998,0.436249,1.0,1992
HLA-A*02,mixed_rejection,5,4,1,261,92,3000,-0.470504,-0.073551,-0.430761,0.650014,0.272027,1.553221,0.914071,1.0,0.346308,1.0,1999
HLA-A*02,recurrent_GN,23,21,2,261,359,3000,-0.305981,-0.062819,-0.351286,0.703783,0.453781,1.091519,0.963535,1.0,0.110135,0.703972,1999
HLA-A*02,sensitization,38,31,7,261,344,3000,0.238792,0.054659,0.313115,1.367679,0.95224,1.964363,0.0650274,0.532572,0.103981,0.677337,1994
HLA-A*02,skin_cancer,16,13,3,261,229,3000,-0.219286,-0.041898,-0.228983,0.795342,0.473948,1.334679,0.86116,1.0,0.393626,1.0,1992
HLA-A*02:01,ABMR,20,18,2,97,669,3000,-0.078395,-0.015646,-0.085372,0.91817,0.55994,1.505584,0.695812,1.0,0.804146,1.0,2006
HLA-A*02:01,BK_nephropathy,8,8,0,97,305,3000,-0.209214,-0.035299,-0.183823,0.832083,0.407608,1.698598,0.785762,1.0,0.611545,1.0,2009
HLA-A*02:01,CMV,15,13,2,97,388,3000,0.178701,0.033728,0.241296,1.272898,0.73193,2.213692,0.266375,0.947933,0.441681,1.0,1992
HLA-A*02:01,DGF,7,6,1,97,211,3000,0.025709,0.004242,0.089807,1.093963,0.512531,2.334993,0.530042,1.0,0.841097,1.0,2015
HLA-A*02:01,DSA,17,13,4,97,652,3000,-0.215175,-0.041594,-0.253594,0.776007,0.459333,1.311001,0.875981,1.0,0.380593,1.0,1992
HLA-A*02:01,FSGS,1,1,0,97,70,3000,-0.816839,-0.102024,-0.455784,0.633951,0.124187,3.236207,0.902515,1.0,1.0,1.0,2026
HLA-A*02:01,HLA_mismatch_outcome,18,17,1,97,359,3000,0.438706,0.085752,0.557405,1.746135,1.03979,2.932311,0.0360104,0.367089,0.0544302,0.458828,1992
HLA-A*02:01,IgA_nephropathy,3,2,1,97,121,3000,-0.265522,-0.038438,-0.138567,0.870605,0.294882,2.570358,0.759523,1.0,1.0,1.0,2016
HLA-A*02:01,NODAT,3,3,0,97,87,3000,0.064361,0.009317,0.211726,1.23581,0.416077,3.67054,0.539592,1.0,0.759016,1.0,1999
HLA-A*02:01,PTLD,3,2,1,97,104,3000,-0.114122,-0.016521,0.022371,1.022624,0.345507,3.026736,0.662053,1.0,1.0,1.0,2023
HLA-A*02:01,TCMR,20,6,14,97,342,3000,0.592578,0.118264,0.75017,2.117359,1.283776,3.492207,0.00535129,0.0801001,0.00823253,0.108375,2006
HLA-A*02:01,acute_rejection,9,9,0,97,377,3000,-0.303364,-0.052222,-0.303005,0.738595,0.374922,1.45503,0.877929,1.0,0.434661,1.0,2015
HLA-A*02:01,chronic_rejection,3,3,0,97,345,3000,-1.313276,-0.190116,-1.28376,0.276994,0.094743,0.809832,0.999429,1.0,1.0,1.0,2012
HLA-A*02:01,complement_activation,8,6,2,97,289,3000,-0.155329,-0.026207,-0.122422,0.884775,0.4332,1.807081,0.731838,1.0,0.860497,1.0,2012
HLA-A*02:01,eGFR,6,4,2,97,292,3000,-0.453338,-0.072947,-0.4323,0.649014,0.290193,1.451514,0.922877,1.0,0.295553,1.0,1999
HLA-A*02:01,graft_loss,15,14,1,97,427,3000,0.082923,0.015651,0.126446,1.134788,0.653076,1.971813,0.406556,1.0,0.6602,1.0,1992
HLA-A*02:01,graft_survival,9,3,6,97,380,3000,-0.31129,-0.053586,-0.312297,0.731764,0.371477,1.441485,0.88366,1.0,0.354792,1.0,2007
HLA-A*02:01,mixed_rejection,3,2,1,97,92,3000,0.00848,0.001228,0.152464,1.164701,0.392593,3.455305,0.578107,1.0,1.0,1.0,2000
HLA-A*02:01,recurrent_GN,5,4,1,97,359,3000,-0.842228,-0.131661,-0.849516,0.427622,0.179623,1.018024,0.993585,1.0,0.0371616,0.357265,2008
HLA-A*02:01,sensitization,7,5,2,97,344,3000,-0.463075,-0.076409,-0.461714,0.630203,0.29669,1.33862,0.940786,1.0,0.254264,0.973033,2011
HLA-A*02:01,skin_cancer,5,4,1,97,229,3000,-0.392628,-0.061377,-0.342951,0.709673,0.297037,1.695532,0.87505,1.0,0.439214,1.0,2016
HLA-A*02:02,ABMR,21,17,4,63,669,3000,0.401971,0.081012,0.579976,1.785995,1.055463,3.022158,0.0279854,0.306205,0.0452625,0.408572,2001
HLA-A*02:02,BK_nephropathy,3,2,1,63,305,3000,-0.758467,-0.109799,-0.685133,0.504023,0.170465,1.490271,0.962782,1.0,1.0,1.0,2004
HLA-A*02:02,CMV,6,6,0,63,388,3000,-0.306013,-0.049241,-0.280708,0.755249,0.333251,1.711626,0.84328,1.0,0.568024,1.0,2012
HLA-A*02:02,DGF,5,4,1,63,211,3000,0.120813,0.018886,0.218027,1.243621,0.512992,3.01485,0.458489,1.0,0.800964,1.0,2011
HLA-A*02:02,DSA,9,8,1,63,652,3000,-0.419587,-0.072229,-0.475561,0.621536,0.310308,1.244918,0.951464,1.0,0.166276,0.831681,2012
HLA-A*02:02,FSGS,1,1,0,63,70,3000,-0.385262,-0.048119,-0.009484,0.990561,0.192763,5.090246,0.777582,1.0,1.0,1.0,2004
HLA-A*02:02,HLA_mismatch_outcome,7,1,6,63,359,3000,-0.074179,-0.01224,-0.026714,0.97364,0.450899,2.102411,0.642742,1.0,1.0,1.0,2003
HLA-A*02:02,IgA_nephropathy,3,3,0,63,121,3000,0.166055,0.024039,0.319521,1.376469,0.461357,4.106728,0.470869,1.0,0.740299,1.0,2018
HLA-A*02:02,NODAT,1,1,0,63,87,3000,-0.602675,-0.075274,-0.234245,0.791168,0.154473,4.05214,0.846451,1.0,1.0,1.0,2018
HLA-A*02:02,PTLD,2,2,0,63,104,3000,-0.088011,-0.012034,0.117364,1.124529,0.312717,4.043797,0.649691,1.0,1.0,1.0,2018
HLA-A*02:02,TCMR,5,4,1,63,342,3000,-0.36214,-0.056612,-0.322385,0.724419,0.300033,1.749083,0.861587,1.0,0.545876,1.0,2018
HLA-A*02:02,acute_rejection,7,4,3,63,377,3000,-0.123102,-0.020312,-0.083503,0.919888,0.42615,1.985674,0.695026,1.0,0.849104,1.0,2004
HLA-A*02:02,chronic_rejection,5,5,0,63,345,3000,-0.370874,-0.057977,-0.332389,0.717208,0.297063,1.731575,0.866782,1.0,0.546948,1.0,2001
HLA-A*02:02,complement_activation,9,6,3,63,289,3000,0.394031,0.067829,0.501658,1.651458,0.820085,3.325647,0.147118,0.774909,0.196062,0.878196,2013
HLA-A*02:02,eGFR,5,4,1,63,292,3000,-0.204083,-0.031903,-0.142998,0.866756,0.358588,2.095066,0.749012,1.0,0.829669,1.0,2010
HLA-A*02:02,graft_loss,10,9,1,63,427,3000,0.109034,0.019116,0.169622,1.184856,0.606529,2.314623,0.407367,1.0,0.714748,1.0,1996
HLA-A*02:02,graft_survival,8,5,3,63,380,3000,0.002503,0.000422,0.053355,1.054804,0.508291,2.188925,0.55497,1.0,1.0,1.0,1994
HLA-A*02:02,mixed_rejection,1,1,0,63,92,3000,-0.658556,-0.082254,-0.292195,0.746623,0.145884,3.821157,0.862363,1.0,1.0,1.0,2019
HLA-A*02:02,recurrent_GN,6,6,0,63,359,3000,-0.22833,-0.036741,-0.190579,0.826481,0.364502,1.873983,0.783028,1.0,0.695373,1.0,2016
HLA-A*02:02,sensitization,4,4,0,63,344,3000,-0.591114,-0.089291,-0.550009,0.576944,0.21983,1.514192,0.942214,1.0,1.0,1.0,2003
HLA-A*02:02,skin_cancer,2,2,0,63,229,3000,-0.877342,-0.119967,-0.725008,0.484321,0.135771,1.727656,0.959742,1.0,1.0,1.0,2010
HLA-A*02:03,ABMR,1,1,0,12,669,3000,-0.984323,-0.122943,-0.79238,0.452766,0.082409,2.48755,0.951883,1.0,1.0,1.0,2024
HLA-A*02:03,BK_nephropathy,1,1,0,12,305,3000,-0.198851,-0.024837,0.139697,1.149925,0.208893,6.330154,0.724472,1.0,1.0,1.0,2023
HLA-A*02:03,CMV,1,1,0,12,388,3000,-0.439544,-0.054899,-0.132754,0.87568,0.159199,4.816726,0.810853,1.0,1.0,1.0,2021
HLA-A*02:03,DGF,2,2,0,12,211,3000,0.86275,0.117971,1.150218,3.158882,0.789603,12.637412,0.204638,0.873592,0.204638,0.892258,1998
HLA-A*02:03,DSA,2,2,0,12,652,3000,-0.265436,-0.036295,-0.155561,0.855935,0.214894,3.40923,0.771683,1.0,1.0,1.0,2020
HLA-A*02:03,HLA_mismatch_outcome,1,1,0,12,359,3000,-0.361861,-0.045197,-0.043881,0.957067,0.173955,5.265614,0.783995,1.0,1.0,1.0,2025
HLA-A*02:03,TCMR,1,1,0,12,342,3000,-0.31335,-0.039138,0.011141,1.011204,0.183766,5.564317,0.766669,1.0,1.0,1.0,2021
HLA-A*02:03,acute_rejection,1,1,0,12,377,3000,-0.410784,-0.051307,-0.099737,0.905075,0.164529,4.978829,0.801048,1.0,1.0,1.0,1998
HLA-A*02:03,chronic_rejection,4,4,0,12,345,3000,1.064211,0.160755,1.412035,4.104298,1.301925,12.938733,0.0401759,0.391012,0.0401759,0.375557,1998
HLA-A*02:03,eGFR,1,1,0,12,292,3000,-0.155293,-0.019396,0.188159,1.207025,0.21923,6.645563,0.708059,1.0,1.0,1.0,2026
HLA-A*02:03,graft_loss,1,1,0,12,427,3000,-0.535323,-0.066862,-0.243756,0.783679,0.14251,4.309551,0.842154,1.0,1.0,1.0,2026
HLA-A*02:03,graft_survival,3,2,1,12,380,3000,0.679902,0.098426,0.935581,2.548693,0.744744,8.722238,0.186874,0.845784,0.186874,0.86035,2007
HLA-A*02:03,recurrent_GN,4,4,0,12,359,3000,1.024433,0.154746,1.366555,3.921817,1.244276,12.361122,0.0456596,0.43194,0.0456596,0.409034,2020
HLA-A*02:03,sensitization,1,1,0,12,344,3000,-0.319181,-0.039866,0.004546,1.004557,0.182562,5.527636,0.768772,1.0,1.0,1.0,2026
HLA-A*02:03,skin_cancer,2,1,1,12,229,3000,0.780886,0.106777,1.061295,2.89011,0.722795,11.556153,0.231796,0.909118,0.231796,0.940065,2025
HLA-A*02:05,ABMR,1,1,0,12,669,3000,-0.984323,-0.122943,-0.79238,0.452766,0.082409,2.48755,0.951883,1.0,1.0,1.0,2018
HLA-A*02:05,BK_nephropathy,2,2,0,12,305,3000,0.494296,0.067589,0.745156,2.10677,0.527685,8.411228,0.348752,1.0,0.348752,1.0,2010
HLA-A*02:05,CMV,2,1,1,12,388,3000,0.253603,0.034677,0.472011,1.603216,0.401947,6.394621,0.472264,1.0,0.661411,1.0,2008
HLA-A*02:05,DGF,3,2,1,12,211,3000,1.268215,0.183593,1.591918,4.913164,1.430911,16.869797,0.0470126,0.437735,0.0470126,0.416422,2016
HLA-A*02:05,DSA,4,3,1,12,652,3000,0.427711,0.064608,0.647469,1.910699,0.607451,6.009981,0.253051,0.925285,0.305563,1.0,2008
HLA-A*02:05,HLA_mismatch_outcome,2,2,0,12,359,3000,0.331286,0.0453,0.561089,1.752581,0.43927,6.992378,0.430174,1.0,0.646179,1.0,2018
HLA-A*02:05,NODAT,1,1,0,12,87,3000,1.055553,0.131839,1.476301,4.376728,0.787737,24.317425,0.297988,0.985996,0.297988,1.0,2016
HLA-A*02:05,acute_rejection,2,2,0,12,377,3000,0.282363,0.03861,0.505103,1.657156,0.415428,6.610448,0.456463,1.0,0.655415,1.0,2002
HLA-A*02:05,chronic_rejection,2,2,0,12,345,3000,0.371064,0.050739,0.606344,1.833715,0.459534,7.31722,0.409393,1.0,0.639576,1.0,2010
HLA-A*02:05,complement_activation,1,0,1,12,289,3000,-0.144966,-0.018106,0.199615,1.220933,0.221748,6.722402,0.704146,1.0,1.0,1.0,2018
HLA-A*02:05,eGFR,4,2,2,12,292,3000,1.231001,0.18595,1.600508,4.955551,1.570557,15.636162,0.0231693,0.267175,0.0231693,0.255739,2010
HLA-A*02:05,graft_loss,3,2,1,12,427,3000,0.563289,0.081544,0.800078,2.225714,0.650659,7.613524,0.23787,0.914736,0.395716,1.0,2021
HLA-A*02:05,graft_survival,2,2,0,12,380,3000,0.274437,0.037526,0.495996,1.642134,0.411674,6.550337,0.460793,1.0,0.657026,1.0,2002
HLA-A*02:05,recurrent_GN,4,3,1,12,359,3000,1.024433,0.154746,1.366555,3.921817,1.244276,12.361122,0.0456596,0.43194,0.0456596,0.409034,2013
HLA-A*02:05,sensitization,4,4,0,12,344,3000,1.067114,0.161194,1.415345,4.117906,1.306223,12.981818,0.0398004,0.390572,0.0398004,0.375557,2008
HLA-A*02:05,skin_cancer,1,1,0,12,229,3000,0.087739,0.010959,0.454749,1.575778,0.285905,8.684977,0.615061,1.0,0.615061,1.0,2013
HLA-A*02:06,ABMR,2,2,0,16,669,3000,-0.578858,-0.079152,-0.513153,0.598605,0.155962,2.297529,0.901915,1.0,1.0,1.0,2015
HLA-A*02:06,BK_nephropathy,2,1,1,16,305,3000,0.206614,0.028252,0.420892,1.52332,0.395907,5.86123,0.494857,1.0,0.673929,1.0,2008
HLA-A*02:06,CMV,7,6,1,16,388,3000,1.218684,0.201088,1.684112,5.387666,2.055899,14.118857,0.0023002,0.0393336,0.0023002,0.0362078,2005
HLA-A*02:06,DSA,9,9,0,16,652,3000,0.950959,0.1637,1.528014,4.609013,1.762369,12.053661,0.0026606,0.0446264,0.0026606,0.0408593,2002
HLA-A*02:06,HLA_mismatch_outcome,3,2,1,16,359,3000,0.449069,0.065009,0.647908,1.911537,0.586877,6.22613,0.298182,0.985996,0.427597,1.0,2002
HLA-A*02:06,IgA_nephropathy,1,0,1,16,121,3000,0.437988,0.054705,0.833124,2.300495,0.426246,12.416016,0.483353,1.0,0.483353,1.0,2016
HLA-A*02:06,TCMR,1,1,0,16,342,3000,-0.601032,-0.075069,-0.288864,0.749114,0.139648,4.018476,0.856551,1.0,1.0,1.0,2005
HLA-A*02:06,acute_rejection,6,5,1,16,377,3000,1.093293,0.175923,1.471324,4.354996,1.627592,11.652789,0.0100332,0.13406,0.0100332,0.126216,1998
HLA-A*02:06,chronic_rejection,2,2,0,16,345,3000,0.083382,0.011401,0.282057,1.325855,0.344772,5.0987,0.564575,1.0,0.705448,1.0,2005
HLA-A*02:06,complement_activation,5,4,1,16,289,3000,1.17679,0.183962,1.51286,4.539696,1.631353,12.632973,0.0143544,0.177739,0.0143544,0.167781,2005
HLA-A*02:06,eGFR,1,1,0,16,292,3000,-0.442975,-0.055328,-0.111818,0.894207,0.166602,4.799512,0.806555,1.0,1.0,1.0,2017
HLA-A*02:06,graft_loss,6,6,0,16,427,3000,0.968754,0.155883,1.325736,3.764955,1.407933,10.067869,0.0181915,0.217288,0.0181915,0.205852,2002
HLA-A*02:06,graft_survival,1,1,0,16,380,3000,-0.706392,-0.088229,-0.40885,0.664414,0.123899,3.562945,0.886145,1.0,1.0,1.0,2021
HLA-A*02:06,recurrent_GN,2,2,0,16,359,3000,0.043604,0.005962,0.236795,1.267181,0.329568,4.872287,0.587509,1.0,1.0,1.0,2011
HLA-A*02:06,sensitization,1,1,0,16,344,3000,-0.606863,-0.075798,-0.29546,0.744189,0.138733,3.991979,0.858274,1.0,1.0,1.0,2015
HLA-A*02:07,ABMR,1,1,0,11,669,3000,-0.897312,-0.112075,-0.700978,0.4961,0.08946,2.751131,0.938007,1.0,1.0,1.0,2017
HLA-A*02:07,BK_nephropathy,1,1,0,11,305,3000,-0.111839,-0.013969,0.231041,1.259911,0.226754,7.000416,0.693162,1.0,1.0,1.0,2019
HLA-A*02:07,CMV,3,2,1,11,388,3000,0.746079,0.108006,1.023152,2.781949,0.797522,9.704102,0.161063,0.806008,0.161063,0.824695,2000
HLA-A*02:07,DGF,4,3,1,11,211,3000,1.642909,0.248171,2.085148,8.045783,2.479234,26.11074,0.00529585,0.079775,0.00529585,0.0759071,2000
HLA-A*02:07,DSA,1,1,0,11,652,3000,-0.871572,-0.10886,-0.667923,0.512773,0.092462,2.843705,0.932837,1.0,1.0,1.0,2021
HLA-A*02:07,HLA_mismatch_outcome,3,2,1,11,359,3000,0.823762,0.119252,1.112432,3.041746,0.871723,10.61371,0.13545,0.747323,0.13545,0.771821,2009
HLA-A*02:07,TCMR,1,0,1,11,342,3000,-0.226338,-0.02827,0.102491,1.107927,0.199479,6.153535,0.736522,1.0,1.0,1.0,2005
HLA-A*02:07,acute_rejection,1,1,0,11,377,3000,-0.323773,-0.040439,-0.008383,0.991652,0.178598,5.506085,0.772333,1.0,1.0,1.0,2000
HLA-A*02:07,chronic_rejection,7,6,1,11,345,3000,1.710838,0.282295,2.569182,13.055145,4.034982,42.239799,5.48929e-05,0.00231825,5.48929e-05,0.00190914,2000
HLA-A*02:07,complement_activation,1,1,0,11,289,3000,-0.057954,-0.007239,0.290957,1.337707,0.240707,7.434173,0.672478,1.0,1.0,1.0,2005
HLA-A*02:07,eGFR,2,2,0,11,292,3000,0.624866,0.085443,0.894217,2.445421,0.603968,9.901325,0.291261,0.974215,0.291261,1.0,2002
HLA-A*02:07,graft_survival,3,3,0,11,380,3000,0.766913,0.111022,1.047189,2.84963,0.816857,9.941013,0.153827,0.791914,0.153827,0.812737,2002
HLA-A*02:07,skin_cancer,1,1,0,11,229,3000,0.17475,0.021826,0.546083,1.726477,0.310349,9.604416,0.583123,1.0,0.583123,1.0,2016
HLA-A*02:11,IgA_nephropathy,1,1,0,2,121,3000,2.51743,0.314428,3.173375,23.887967,2.466588,231.345921,0.0790528,0.595414,0.0790528,0.587924,1996
HLA-A*02:11,eGFR,1,0,1,2,292,3000,1.636467,0.204396,2.228741,9.288165,0.963007,89.583998,0.185222,0.844966,0.185222,0.86035,2018
HLA-A*02:11,mixed_rejection,2,2,0,2,92,3000,3.484579,0.476477,5.079481,160.690608,7.658859,3371.451509,0.000930532,0.0208871,0.000930532,0.019117,1996
HLA-A*02:17,BK_nephropathy,1,1,0,6,305,3000,0.494296,0.061738,0.879528,2.409763,0.394642,14.714493,0.474734,1.0,0.474734,1.0,2022
HLA-A*02:17,CMV,2,2,0,6,388,3000,0.94675,0.129457,1.321612,3.749461,0.79601,17.661149,0.175986,0.832413,0.175986,0.847671,2018
HLA-A*02:17,DGF,1,1,0,6,211,3000,0.86275,0.107758,1.283055,3.607644,0.589906,22.063012,0.354644,1.0,0.354644,1.0,2017
HLA-A*02:17,DSA,6,5,1,6,652,3000,1.526323,0.245602,3.854908,47.224285,2.656735,839.426373,0.000103493,0.00382439,0.000103493,0.00322054,1990
HLA-A*02:17,HLA_mismatch_outcome,1,0,1,6,359,3000,0.331286,0.041378,0.695996,2.005706,0.32864,12.240908,0.534856,1.0,0.534856,1.0,2016
HLA-A*02:17,IgA_nephropathy,1,1,0,6,121,3000,1.418818,0.177211,1.872701,6.505847,1.059827,39.936738,0.219036,0.888334,0.219036,0.908807,2016
HLA-A*02:17,TCMR,1,0,1,6,342,3000,0.379797,0.047437,0.751004,2.119127,0.347174,12.934996,0.516582,1.0,0.516582,1.0,2022
HLA-A*02:17,acute_rejection,1,1,0,6,377,3000,0.282363,0.035267,0.640156,1.896777,0.310835,11.574502,0.553574,1.0,0.553574,1.0,2018
HLA-A*02:17,complement_activation,1,1,0,6,289,3000,0.548181,0.068468,0.939433,2.558532,0.418926,15.62589,0.455726,1.0,0.455726,1.0,2018
HLA-A*02:17,graft_loss,2,2,0,6,427,3000,0.850971,0.116361,1.210415,3.354877,0.712444,15.798001,0.205539,0.873928,0.205539,0.892258,2018
HLA-A*02:17,graft_survival,2,2,0,6,380,3000,0.967584,0.132306,1.34559,3.840452,0.815274,18.090946,0.170062,0.826725,0.170062,0.840503,1990
HLA-A*02:17,mixed_rejection,1,1,0,6,92,3000,1.69282,0.211434,2.15805,8.654247,1.405898,53.272696,0.170588,0.826725,0.170588,0.840503,2022
HLA-A*02:17,recurrent_GN,2,2,0,6,359,3000,1.024433,0.14008,1.410665,4.098679,0.869928,19.310998,0.154765,0.79225,0.154765,0.812737,2018
HLA-A*03,ABMR,18,17,1,73,669,3000,0.100496,0.019643,0.152505,1.164748,0.683288,1.985457,0.355964,1.0,0.669098,1.0,1997
HLA-A*03,BK_nephropathy,7,4,3,73,305,3000,-0.058494,-0.009652,-0.00652,0.993501,0.462586,2.133755,0.62409,1.0,1.0,1.0,1998
HLA-A*03,CMV,9,9,0,73,388,3000,-0.047873,-0.008241,-0.010968,0.989092,0.496296,1.971209,0.615618,1.0,1.0,1.0,1992
HLA-A*03,DGF,8,6,2,73,211,3000,0.443492,0.074827,0.55239,1.737401,0.838423,3.600285,0.137546,0.753002,0.167933,0.834374,2001
HLA-A*03,DSA,16,15,1,73,652,3000,0.008452,0.001615,0.032553,1.033089,0.59343,1.798479,0.531506,1.0,1.0,1.0,1996
HLA-A*03,FSGS,1,1,0,73,70,3000,-0.532587,-0.06652,-0.161396,0.850955,0.166025,4.361532,0.825319,1.0,1.0,1.0,2017
HLA-A*03,HLA_mismatch_outcome,17,17,0,73,359,3000,0.665799,0.128703,0.849363,2.338156,1.351809,4.044191,0.00448919,0.0689412,0.00539261,0.0760577,1997
HLA-A*03,IgA_nephropathy,2,2,0,73,121,3000,-0.386735,-0.052882,-0.196317,0.821751,0.22978,2.938795,0.802192,1.0,1.0,1.0,2001
HLA-A*03,NODAT,3,3,0,73,87,3000,0.348612,0.050467,0.51319,1.670611,0.558916,4.993488,0.355693,1.0,0.469312,1.0,2019
HLA-A*03,PTLD,3,3,0,73,104,3000,0.17013,0.024629,0.323886,1.38249,0.464135,4.117936,0.467998,1.0,0.739885,1.0,2021
HLA-A*03,TCMR,12,10,2,73,342,3000,0.366004,0.066288,0.46839,1.59742,0.860367,2.965884,0.120525,0.727147,0.188643,0.864613,2009
HLA-A*03,acute_rejection,5,5,0,73,377,3000,-0.606899,-0.094874,-0.59632,0.550835,0.229524,1.321948,0.962191,1.0,0.154443,0.812737,1992
HLA-A*03,chronic_rejection,8,8,0,73,345,3000,-0.048195,-0.008131,-0.003943,0.996064,0.483137,2.053546,0.614232,1.0,1.0,1.0,2002
HLA-A*03,complement_activation,7,7,0,73,289,3000,-0.004608,-0.00076,0.054638,1.056158,0.491528,2.269392,0.564702,1.0,1.0,1.0,2014
HLA-A*03,eGFR,6,6,0,73,292,3000,-0.169086,-0.027208,-0.118962,0.887842,0.39334,2.004026,0.729078,1.0,0.84154,1.0,1998
HLA-A*03,graft_loss,8,2,6,73,427,3000,-0.261434,-0.04411,-0.253607,0.775997,0.376961,1.597434,0.836565,1.0,0.499836,1.0,2009
HLA-A*03,graft_survival,6,5,1,73,380,3000,-0.432504,-0.069595,-0.420697,0.656589,0.291443,1.479222,0.916098,1.0,0.289056,1.0,1995
HLA-A*03,mixed_rejection,4,4,0,73,92,3000,0.580414,0.087675,0.731131,2.07743,0.782347,5.516367,0.183924,0.844966,0.283994,1.0,2007
HLA-A*03,recurrent_GN,5,5,0,73,359,3000,-0.557976,-0.087226,-0.539772,0.582881,0.242806,1.399265,0.948568,1.0,0.203341,0.892258,2001
HLA-A*03,sensitization,13,3,10,73,344,3000,0.440216,0.080901,0.558338,1.747766,0.958293,3.187631,0.068318,0.549565,0.0931467,0.631209,2002
HLA-A*03,skin_cancer,9,8,1,73,229,3000,0.479411,0.082527,0.59251,1.808522,0.902746,3.623112,0.100715,0.674213,0.12102,0.735764,1992
HLA-A*03:01,ABMR,7,6,1,33,669,3000,-0.050014,-0.008252,-0.015209,0.984906,0.435846,2.225647,0.627833,1.0,1.0,1.0,2004
HLA-A*03:01,BK_nephropathy,2,2,0,33,305,3000,-0.517305,-0.070736,-0.361307,0.696765,0.191162,2.539635,0.863821,1.0,1.0,1.0,2004
HLA-A*03:01,CMV,2,2,0,33,388,3000,-0.757998,-0.103648,-0.634703,0.530093,0.145585,1.930137,0.939866,1.0,1.0,1.0,2023
HLA-A*03:01,DGF,2,0,2,33,211,3000,-0.148851,-0.020354,0.044022,1.045005,0.286081,3.817225,0.686525,1.0,1.0,1.0,2022
HLA-A*03:01,DSA,6,6,0,33,652,3000,-0.178425,-0.028711,-0.163988,0.848752,0.35943,2.004229,0.754433,1.0,0.831785,1.0,2016
HLA-A*03:01,FSGS,1,1,0,33,70,3000,0.261365,0.032645,0.654847,1.924848,0.368174,10.063283,0.543132,1.0,0.543132,1.0,2004
HLA-A*03:01,HLA_mismatch_outcome,3,3,0,33,359,3000,-0.27485,-0.039789,-0.173618,0.840618,0.276572,2.554989,0.774372,1.0,1.0,1.0,2020
HLA-A*03:01,NODAT,1,1,0,33,87,3000,0.043952,0.00549,0.430147,1.537483,0.295049,8.011746,0.623353,1.0,0.623353,1.0,2024
HLA-A*03:01,PTLD,1,1,0,33,104,3000,-0.134531,-0.016803,0.244802,1.277369,0.245674,6.641619,0.68984,1.0,1.0,1.0,2018
HLA-A*03:01,TCMR,5,5,0,33,342,3000,0.284487,0.044472,0.408208,1.50412,0.599515,3.773675,0.321244,1.0,0.416633,1.0,2016
HLA-A*03:01,acute_rejection,2,2,0,33,377,3000,-0.729238,-0.099715,-0.601577,0.547947,0.150472,1.995364,0.93273,1.0,1.0,1.0,2024
HLA-A*03:01,chronic_rejection,4,4,0,33,345,3000,0.05261,0.007947,0.159747,1.173214,0.432331,3.183743,0.536294,1.0,0.786807,1.0,2006
HLA-A*03:01,complement_activation,6,4,2,33,289,3000,0.635193,0.10221,0.805654,2.238159,0.943763,5.307857,0.0913123,0.644638,0.125991,0.754832,2005
HLA-A*03:01,eGFR,2,2,0,33,292,3000,-0.473747,-0.064779,-0.312662,0.731497,0.200648,2.666807,0.846205,1.0,1.0,1.0,2004
HLA-A*03:01,graft_loss,4,2,2,33,427,3000,-0.16063,-0.024264,-0.087177,0.916515,0.338098,2.484486,0.711804,1.0,1.0,1.0,2006
HLA-A*03:01,graft_survival,2,2,0,33,380,3000,-0.737164,-0.100799,-0.610693,0.542975,0.149111,1.977198,0.934749,1.0,1.0,1.0,2012
HLA-A*03:01,mixed_rejection,3,3,0,33,92,3000,1.086684,0.157314,1.305822,3.690723,1.197039,11.379274,0.0785839,0.595414,0.0785839,0.587924,2023
HLA-A*03:01,recurrent_GN,5,5,0,33,359,3000,0.235976,0.036889,0.352581,1.422735,0.567242,3.56845,0.360078,1.0,0.585706,1.0,2005
HLA-A*03:01,sensitization,2,1,1,33,344,3000,-0.637634,-0.087189,-0.496942,0.608388,0.167007,2.216294,0.906466,1.0,1.0,1.0,2008
HLA-A*03:02,ABMR,6,6,0,23,669,3000,0.156849,0.025239,0.259021,1.295662,0.524451,3.200947,0.408722,1.0,0.619856,1.0,2009
HLA-A*03:02,BK_nephropathy,8,8,0,23,305,3000,1.230003,0.207528,1.597571,4.941014,2.122299,11.503382,0.00130147,0.0256498,0.00130147,0.023318,2008
HLA-A*03:02,CMV,4,4,0,23,388,3000,0.296162,0.044737,0.442483,1.556567,0.555364,4.362727,0.34618,1.0,0.527753,1.0,1992
HLA-A*03:02,DGF,8,7,1,23,211,3000,1.598457,0.269694,2.011786,7.476658,3.200229,17.467634,0.000102298,0.00382439,0.000102298,0.00322054,2008
HLA-A*03:02,DSA,3,3,0,23,652,3000,-0.510559,-0.073911,-0.490885,0.612084,0.196362,1.907937,0.90494,1.0,1.0,1.0,2011
HLA-A*03:02,FSGS,1,0,1,23,70,3000,0.622378,0.077735,1.026016,2.789928,0.525274,14.818348,0.420188,1.0,0.420188,1.0,2026
HLA-A*03:02,HLA_mismatch_outcome,3,2,1,23,359,3000,0.086163,0.012473,0.227506,1.255465,0.401938,3.921478,0.531347,1.0,0.75023,1.0,2004
HLA-A*03:02,PTLD,1,1,0,23,104,3000,0.226482,0.028288,0.616012,1.85153,0.350499,9.780801,0.557151,1.0,0.557151,1.0,2021
HLA-A*03:02,TCMR,5,4,1,23,342,3000,0.645501,0.100908,0.844135,2.325966,0.89182,6.066377,0.11255,0.711713,0.173678,0.843424,2009
HLA-A*03:02,acute_rejection,4,1,3,23,377,3000,0.324923,0.049081,0.475741,1.609206,0.574065,4.510893,0.325945,1.0,0.520992,1.0,1992
HLA-A*03:02,chronic_rejection,1,1,0,23,345,3000,-0.972671,-0.121487,-0.674075,0.509627,0.097227,2.671265,0.940446,1.0,1.0,1.0,2024
HLA-A*03:02,complement_activation,1,1,0,23,289,3000,-0.795553,-0.099365,-0.475635,0.62149,0.118492,3.259705,0.903558,1.0,1.0,1.0,2022
HLA-A*03:02,eGFR,4,3,1,23,292,3000,0.580414,0.087675,0.766078,2.151313,0.766345,6.039245,0.179454,0.843756,0.273461,0.992043,2004
HLA-A*03:02,graft_loss,3,3,0,23,427,3000,-0.087298,-0.012638,0.026646,1.027005,0.32904,3.205501,0.656082,1.0,1.0,1.0,2009
HLA-A*03:02,graft_survival,2,2,0,23,380,3000,-0.376151,-0.051434,-0.224904,0.798593,0.214588,2.971983,0.808708,1.0,1.0,1.0,2008
HLA-A*03:02,mixed_rejection,2,1,1,23,92,3000,1.042232,0.142513,1.311034,3.710009,0.98484,13.976038,0.155567,0.792923,0.155567,0.812737,2017
HLA-A*03:02,recurrent_GN,1,1,0,23,359,3000,-1.012449,-0.126455,-0.71924,0.487122,0.092946,2.552972,0.947292,1.0,1.0,1.0,2022
HLA-A*03:02,sensitization,2,1,1,23,344,3000,-0.276621,-0.037825,-0.111206,0.894755,0.240331,3.331177,0.759475,1.0,1.0,1.0,2022
HLA-A*03:02,skin_cancer,9,7,2,23,229,3000,1.634376,0.281345,2.103325,8.193369,3.574366,18.781317,2.38592e-05,0.0011322,2.38592e-05,0.000928034,1992
HLA-A*11,ABMR,15,15,0,61,669,3000,0.09776,0.018451,0.151856,1.163993,0.650815,2.081821,0.3806,1.0,0.642692,1.0,1990
HLA-A*11,BK_nephropathy,4,2,2,61,305,3000,-0.438524,-0.066242,-0.378512,0.68488,0.260459,1.800898,0.881904,1.0,1.0,1.0,1999
HLA-A*11,CMV,2,2,0,61,388,3000,-1.372364,-0.187655,-1.281597,0.277594,0.077965,0.988372,0.997992,1.0,1.0,1.0,2009
HLA-A*11,DGF,3,2,1,61,211,3000,-0.357752,-0.05179,-0.243597,0.783804,0.264134,2.3259,0.814752,1.0,1.0,1.0,1996
HLA-A*11,DSA,15,3,12,61,652,3000,0.123499,0.023309,0.185584,1.203922,0.673056,2.153501,0.339639,1.0,0.637552,1.0,2002
HLA-A*11,FSGS,2,2,0,61,70,3000,0.340146,0.046511,0.56607,1.761332,0.485874,6.384967,0.419332,1.0,0.652738,1.0,2004
HLA-A*11,HLA_mismatch_outcome,5,5,0,61,359,3000,-0.378391,-0.059152,-0.342527,0.709974,0.293753,1.715943,0.87161,1.0,0.431025,1.0,2009
HLA-A*11,IgA_nephropathy,1,1,0,61,121,3000,-0.900297,-0.112448,-0.544513,0.580124,0.113632,2.961705,0.920922,1.0,1.0,1.0,1995
HLA-A*11,NODAT,1,1,0,61,87,3000,-0.570414,-0.071245,-0.201021,0.817895,0.159592,4.191635,0.836939,1.0,1.0,1.0,2022
HLA-A*11,PTLD,1,1,0,61,104,3000,-0.748897,-0.093538,-0.386424,0.679483,0.132881,3.474523,0.886324,1.0,1.0,1.0,2003
HLA-A*11,TCMR,9,6,3,61,342,3000,0.257908,0.044397,0.346599,1.41425,0.702022,2.849059,0.25471,0.928179,0.412859,1.0,1997
HLA-A*11,acute_rejection,9,8,1,61,377,3000,0.160473,0.027624,0.233283,1.262738,0.627294,2.541882,0.356754,1.0,0.559446,1.0,1990
HLA-A*11,chronic_rejection,6,4,2,61,345,3000,-0.156291,-0.025149,-0.108596,0.897093,0.394957,2.037627,0.719483,1.0,0.840034,1.0,2002
HLA-A*11,complement_activation,13,11,2,61,289,3000,0.794016,0.145921,0.986311,2.681326,1.448596,4.963088,0.00438086,0.0681628,0.00632111,0.0874235,2004
HLA-A*11,eGFR,12,10,2,61,292,3000,0.703647,0.127438,0.873076,2.394263,1.271961,4.506818,0.0127072,0.163329,0.0145194,0.167781,1995
HLA-A*11,graft_loss,13,12,1,61,427,3000,0.403659,0.074183,0.528247,1.695957,0.919646,3.127583,0.08361,0.610302,0.13513,0.771821,1997
HLA-A*11,graft_survival,5,5,0,61,380,3000,-0.43524,-0.068039,-0.408232,0.664824,0.275165,1.60628,0.901879,1.0,0.433799,1.0,2017
HLA-A*11,recurrent_GN,7,5,2,61,359,3000,-0.041919,-0.006917,0.010099,1.01015,0.46705,2.184782,0.607623,1.0,1.0,1.0,1990
HLA-A*11,sensitization,10,9,1,61,344,3000,0.357437,0.062667,0.462536,1.588097,0.809913,3.113978,0.15403,0.791914,0.221985,0.917824,1998
HLA-A*11,skin_cancer,11,10,1,61,229,3000,0.859667,0.15328,1.042526,2.836373,1.473228,5.460805,0.00551818,0.081059,0.00551818,0.0772219,1997
HLA-A*11:01,ABMR,8,8,0,37,669,3000,-0.030893,-0.005212,0.002917,1.002921,0.465347,2.161506,0.604182,1.0,1.0,1.0,1992
HLA-A*11:01,BK_nephropathy,4,3,1,37,305,3000,0.061432,0.00928,0.170783,1.186233,0.440232,3.196378,0.527976,1.0,0.785921,1.0,1999
HLA-A*11:01,CMV,4,4,0,37,388,3000,-0.179261,-0.027078,-0.104061,0.90117,0.334897,2.424947,0.724014,1.0,1.0,1.0,2009
HLA-A*11:01,DGF,4,4,0,37,211,3000,0.429886,0.064937,0.579118,1.784463,0.66034,4.822227,0.260526,0.940677,0.32671,1.0,1994
HLA-A*11:01,DSA,7,7,0,37,652,3000,-0.138685,-0.022884,-0.124173,0.883227,0.395433,1.97275,0.723619,1.0,0.841474,1.0,2002
HLA-A*11:01,FSGS,1,1,0,37,70,3000,0.146954,0.018355,0.537394,1.71154,0.32866,8.913085,0.584766,1.0,0.584766,1.0,2018
HLA-A*11:01,HLA_mismatch_outcome,6,4,2,37,359,3000,0.303887,0.048899,0.421228,1.523832,0.650234,3.571121,0.277366,0.947933,0.439825,1.0,1999
HLA-A*11:01,IgA_nephropathy,1,0,1,37,121,3000,-0.400341,-0.050003,-0.030706,0.969761,0.187545,5.014451,0.784042,1.0,1.0,1.0,1992
HLA-A*11:01,PTLD,1,1,0,37,104,3000,-0.248941,-0.031093,0.127333,1.135795,0.219306,5.882332,0.731114,1.0,1.0,1.0,2026
HLA-A*11:01,TCMR,6,5,1,37,342,3000,0.352398,0.056705,0.477005,1.611241,0.687314,3.77716,0.240638,0.917919,0.304894,1.0,2019
HLA-A*11:01,acute_rejection,4,3,1,37,377,3000,-0.150501,-0.022734,-0.07078,0.931667,0.34618,2.507375,0.701682,1.0,1.0,1.0,2003
HLA-A*11:01,complement_activation,16,7,9,37,289,3000,1.501612,0.286908,2.021488,7.549551,3.927697,14.511234,7.29581e-08,1.07841e-05,7.29581e-08,7.843e-06,2007
HLA-A*11:01,eGFR,6,6,0,37,292,3000,0.510455,0.082138,0.656715,1.928447,0.821679,4.525985,0.144606,0.770257,0.166688,0.831681,2007
HLA-A*11:01,graft_loss,5,4,1,37,427,3000,-0.051896,-0.008113,0.017828,1.017988,0.40995,2.527871,0.622396,1.0,1.0,1.0,2007
HLA-A*11:01,graft_survival,5,5,0,37,380,3000,0.064716,0.010117,0.154083,1.166588,0.469505,2.898644,0.512243,1.0,0.804353,1.0,1999
HLA-A*11:01,sensitization,3,2,1,37,344,3000,-0.34658,-0.050173,-0.249661,0.779065,0.25796,2.352853,0.814459,1.0,1.0,1.0,2009
HLA-A*11:01,skin_cancer,11,10,1,37,229,3000,1.359623,0.242423,1.696135,5.45283,2.69243,11.043316,5.82026e-05,0.0024149,5.82026e-05,0.00199492,1999
HLA-A*11:02,ABMR,3,1,2,18,669,3000,-0.291176,-0.042152,-0.242304,0.784817,0.245261,2.511358,0.800837,1.0,1.0,1.0,2004
HLA-A*11:02,BK_nephropathy,4,4,0,18,305,3000,0.781978,0.118122,1.01529,2.760165,0.952142,8.001441,0.102309,0.676383,0.102309,0.673741,2002
HLA-A*11:02,CMV,2,2,0,18,388,3000,-0.151862,-0.020765,0.017718,1.017876,0.267997,3.865981,0.69716,1.0,1.0,1.0,2017
HLA-A*11:02,DSA,2,2,0,18,652,3000,-0.670902,-0.091738,-0.610115,0.543288,0.14325,2.060468,0.927746,1.0,1.0,1.0,2025
HLA-A*11:02,FSGS,1,1,0,18,70,3000,0.867501,0.108351,1.279048,3.593217,0.666747,19.364489,0.347015,1.0,0.347015,1.0,2004
HLA-A*11:02,HLA_mismatch_outcome,3,2,1,18,359,3000,0.331286,0.047959,0.508996,1.66362,0.518819,5.334488,0.367344,1.0,0.467489,1.0,2013
HLA-A*11:02,NODAT,1,1,0,18,87,3000,0.650088,0.081196,1.054378,2.87019,0.534304,15.418157,0.412129,1.0,0.412129,1.0,2019
HLA-A*11:02,TCMR,2,2,0,18,342,3000,-0.025668,-0.00351,0.161996,1.175855,0.309439,4.468205,0.625449,1.0,1.0,1.0,2004
HLA-A*11:02,acute_rejection,3,3,0,18,377,3000,0.282363,0.040876,0.452862,1.572807,0.490604,5.042191,0.398463,1.0,0.486972,1.0,2013
HLA-A*11:02,chronic_rejection,3,1,2,18,345,3000,0.371064,0.053717,0.554375,1.740852,0.542804,5.583174,0.343091,1.0,0.453267,1.0,2005
HLA-A*11:02,complement_activation,3,3,0,18,289,3000,0.548181,0.079357,0.753894,2.12526,0.662049,6.822351,0.247543,0.923998,0.247543,0.969145,2004
HLA-A*11:02,eGFR,8,7,1,18,292,3000,1.518684,0.256235,2.038409,7.678383,3.082866,19.124271,0.000134281,0.00488578,0.000134281,0.00412436,2004
HLA-A*11:02,graft_loss,1,1,0,18,427,3000,-0.940788,-0.117505,-0.665954,0.513783,0.096655,2.731098,0.937477,1.0,1.0,1.0,2022
HLA-A*11:02,graft_survival,1,1,0,18,380,3000,-0.824175,-0.10294,-0.530978,0.588029,0.110586,3.126784,0.913301,1.0,1.0,1.0,2019
HLA-A*11:02,recurrent_GN,2,1,1,18,359,3000,-0.074179,-0.010143,0.106822,1.112736,0.292886,4.227517,0.653236,1.0,1.0,1.0,2018
HLA-A*11:02,sensitization,2,2,0,18,344,3000,-0.031499,-0.004307,0.155382,1.168104,0.307407,4.438643,0.628796,1.0,1.0,1.0,2002
HLA-A*11:02,skin_cancer,2,2,0,18,229,3000,0.375421,0.051335,0.607134,1.835165,0.481942,6.988039,0.4046,1.0,0.643072,1.0,2022
HLA-A*11:03,ABMR,1,1,0,4,669,3000,0.114289,0.014275,0.400645,1.492788,0.220017,10.128385,0.635721,1.0,1.0,1.0,2000
HLA-A*11:03,CMV,1,1,0,4,388,3000,0.659068,0.082318,1.0599,2.886083,0.424927,19.602132,0.425515,1.0,0.425515,1.0,2000
HLA-A*11:03,DGF,1,1,0,4,211,3000,1.268215,0.158401,1.735758,5.673227,0.833493,38.615213,0.253133,0.925285,0.253133,0.973033,2024
HLA-A*11:03,DSA,2,2,0,4,652,3000,0.833176,0.113927,1.282939,3.607225,0.623574,20.86694,0.207879,0.876048,0.207879,0.892258,2000
HLA-A*11:03,FSGS,1,1,0,4,70,3000,2.371578,0.296211,2.893279,18.052415,2.626836,124.061676,0.0901607,0.641259,0.0901607,0.622563,2024
HLA-A*11:03,HLA_mismatch_outcome,4,4,0,4,359,3000,2.123045,0.320698,4.202802,66.873418,3.592717,1244.755489,0.00020206,0.00645772,0.00020206,0.00562201,2000
HLA-A*11:03,chronic_rejection,1,1,0,4,345,3000,0.776529,0.096989,1.193866,3.299813,0.485688,22.419268,0.386718,1.0,0.386718,1.0,2022
HLA-A*11:03,graft_loss,2,2,0,4,427,3000,1.256436,0.171803,1.79898,6.043478,1.043838,34.989764,0.0995958,0.669159,0.0995958,0.663504,2009
HLA-A*11:03,skin_cancer,1,1,0,4,229,3000,1.186351,0.148176,1.647227,5.19256,0.763159,35.330358,0.272238,0.947933,0.272238,0.992043,2000
HLA-A*23,ABMR,4,4,0,30,669,3000,-0.51432,-0.077691,-0.530553,0.588279,0.215759,1.603982,0.928026,1.0,1.0,1.0,2008
HLA-A*23,BK_nephropathy,6,6,0,30,305,3000,0.676618,0.108875,0.86141,2.366495,0.988505,5.665426,0.0770039,0.593895,0.116445,0.720922,2018
HLA-A*23,CMV,3,3,0,30,388,3000,-0.257223,-0.037237,-0.15829,0.853602,0.279218,2.609563,0.765243,1.0,1.0,1.0,2009
HLA-A*23,DGF,3,3,0,30,211,3000,0.351924,0.050946,0.522529,1.686287,0.549537,5.174478,0.354111,1.0,0.465034,1.0,1990
HLA-A*23,DSA,4,2,2,30,652,3000,-0.48858,-0.073803,-0.49733,0.608152,0.223032,1.658281,0.917771,1.0,1.0,1.0,2014
HLA-A*23,FSGS,1,1,0,30,70,3000,0.356675,0.044549,0.752731,2.12279,0.404564,11.138494,0.509232,1.0,0.509232,1.0,2020
HLA-A*23,HLA_mismatch_outcome,7,6,1,30,359,3000,0.667758,0.110183,0.863209,2.370756,1.034296,5.434118,0.0589165,0.49901,0.0803352,0.59004,1999
HLA-A*23,IgA_nephropathy,2,2,0,30,121,3000,0.502527,0.068715,0.738671,2.093151,0.567192,7.724518,0.34283,1.0,0.34283,1.0,2015
HLA-A*23,TCMR,2,2,0,30,342,3000,-0.536493,-0.073359,-0.389099,0.677667,0.1851,2.480992,0.872567,1.0,1.0,1.0,2015
HLA-A*23,acute_rejection,3,3,0,30,377,3000,-0.228463,-0.033073,-0.125095,0.882413,0.288605,2.697987,0.746969,1.0,1.0,1.0,1998
HLA-A*23,chronic_rejection,7,7,0,30,345,3000,0.707536,0.116746,0.909068,2.482008,1.082543,5.690642,0.0491418,0.450467,0.074264,0.575851,2002
HLA-A*23,complement_activation,3,3,0,30,289,3000,0.037356,0.005408,0.176088,1.192543,0.389497,3.651274,0.563187,1.0,0.76276,1.0,2009
HLA-A*23,eGFR,3,3,0,30,292,3000,0.027029,0.003913,0.164553,1.178866,0.385053,3.609178,0.570515,1.0,1.0,1.0,2015
HLA-A*23,graft_loss,4,4,0,30,427,3000,-0.065319,-0.009867,0.021247,1.021474,0.374052,2.789475,0.636325,1.0,1.0,1.0,1990
HLA-A*23,graft_survival,2,2,0,30,380,3000,-0.641854,-0.087766,-0.509451,0.600825,0.164182,2.198726,0.909096,1.0,1.0,1.0,1999
HLA-A*23,recurrent_GN,7,5,2,30,359,3000,0.667758,0.110183,0.863209,2.370756,1.034296,5.434118,0.0589165,0.49901,0.0803352,0.59004,1990
HLA-A*23,sensitization,6,5,1,30,344,3000,0.556288,0.089513,0.724294,2.063274,0.862566,4.935389,0.120879,0.727427,0.146288,0.798464,1998
HLA-A*23,skin_cancer,2,2,0,30,229,3000,-0.135405,-0.018515,0.056226,1.057837,0.288325,3.881098,0.680137,1.0,1.0,1.0,2015
HLA-A*23:01,ABMR,6,6,0,26,669,3000,0.034246,0.005511,0.0995,1.104619,0.455214,2.680462,0.538671,1.0,1.0,1.0,2008
HLA-A*23:01,BK_nephropathy,2,1,1,26,305,3000,-0.278894,-0.038136,-0.107369,0.898195,0.243145,3.317988,0.758558,1.0,1.0,1.0,2025
HLA-A*23:01,CMV,3,3,0,26,388,3000,-0.114122,-0.016521,0.000441,1.000442,0.323803,3.091023,0.672609,1.0,1.0,1.0,2010
HLA-A*23:01,DGF,1,1,0,26,211,3000,-0.603587,-0.075388,-0.258084,0.77253,0.147967,4.033352,0.851088,1.0,1.0,1.0,1990
HLA-A*23:01,DSA,4,3,1,26,652,3000,-0.345479,-0.052187,-0.33198,0.717502,0.259797,1.981581,0.849033,1.0,1.0,1.0,2016
HLA-A*23:01,FSGS,2,2,0,26,70,3000,1.192923,0.163119,1.465489,4.329659,1.152916,16.259595,0.121927,0.728175,0.121927,0.737486,2008
HLA-A*23:01,HLA_mismatch_outcome,4,4,0,26,359,3000,0.251243,0.037952,0.387776,1.473699,0.532374,4.079441,0.379031,1.0,0.542758,1.0,1999
HLA-A*23:01,NODAT,1,1,0,26,87,3000,0.282363,0.035267,0.675135,1.964298,0.373281,10.336639,0.536247,1.0,0.536247,1.0,2008
HLA-A*23:01,PTLD,1,1,0,26,104,3000,0.10388,0.012975,0.489805,1.631998,0.310814,8.569156,0.601975,1.0,0.601975,1.0,2024
HLA-A*23:01,TCMR,1,1,0,26,342,3000,-1.08654,-0.135709,-0.790492,0.453622,0.087067,2.363377,0.957618,1.0,1.0,1.0,2016
HLA-A*23:01,acute_rejection,2,2,0,26,377,3000,-0.490827,-0.067115,-0.347566,0.706405,0.191402,2.607122,0.856919,1.0,1.0,1.0,1990
HLA-A*23:01,chronic_rejection,4,4,0,26,345,3000,0.291021,0.04396,0.433283,1.542313,0.557042,4.270289,0.349976,1.0,0.531476,1.0,2020
HLA-A*23:01,eGFR,5,4,1,26,292,3000,0.680955,0.10645,0.871839,2.391304,0.929983,6.148859,0.101551,0.676383,0.101551,0.670859,2010
HLA-A*23:01,graft_loss,5,5,0,26,427,3000,0.300925,0.047042,0.435334,1.54548,0.602378,3.965131,0.307486,0.996171,0.404617,1.0,1990
HLA-A*23:01,graft_survival,2,2,0,26,380,3000,-0.498753,-0.068199,-0.356679,0.699997,0.189671,2.583394,0.860132,1.0,1.0,1.0,1990
HLA-A*23:01,recurrent_GN,12,11,1,26,359,3000,1.349855,0.244474,1.874603,6.518234,3.034032,14.0036,1.45259e-05,0.000754086,1.45259e-05,0.000608561,1990
HLA-A*23:01,sensitization,13,10,3,26,344,3000,1.472579,0.270624,2.076231,7.974359,3.718172,17.102598,1.22889e-06,0.000107642,1.22889e-06,8.07312e-05,1990
HLA-A*23:01,skin_cancer,1,1,0,26,229,3000,-0.685451,-0.085613,-0.346667,0.707041,0.135482,3.689838,0.874256,1.0,1.0,1.0,2026
HLA-A*24,ABMR,8,2,6,214,669,3000,-1.785951,-0.301328,-2.022982,0.13226,0.066239,0.264085,1.0,1.0,5.49352e-15,1.85602e-12,2000
HLA-A*24,BK_nephropathy,27,19,8,214,305,3000,0.215917,0.045837,0.278429,1.321053,0.868917,2.008457,0.133785,0.747323,0.239271,0.952074,1996
HLA-A*24,CMV,28,28,0,214,388,3000,0.011591,0.00248,0.028186,1.028587,0.683013,1.549006,0.505974,1.0,0.91598,1.0,1990
HLA-A*24,DGF,11,10,1,214,211,3000,-0.313571,-0.05591,-0.316072,0.729007,0.395628,1.343309,0.901186,1.0,0.330429,1.0,1997
HLA-A*24,DSA,45,42,3,214,652,3000,-0.032991,-0.007855,-0.037642,0.963058,0.685898,1.352212,0.630486,1.0,0.863523,1.0,1997
HLA-A*24,FSGS,4,4,0,214,70,3000,-0.221809,-0.033506,-0.134039,0.874556,0.333209,2.295397,0.747653,1.0,1.0,1.0,1990
HLA-A*24,HLA_mismatch_outcome,34,33,1,214,359,3000,0.28343,0.063265,0.368392,1.445409,0.986391,2.118032,0.0460353,0.433759,0.0793968,0.588632,1990
HLA-A*24,IgA_nephropathy,12,9,3,214,121,3000,0.329508,0.059678,0.411703,1.509386,0.82643,2.756731,0.150401,0.787354,0.208644,0.89392,1998
HLA-A*24,NODAT,6,3,3,214,87,3000,-0.033757,-0.005432,0.034302,1.034897,0.459844,2.329077,0.596438,1.0,1.0,1.0,2005
HLA-A*24,PTLD,7,6,1,214,104,3000,-0.058089,-0.009585,-0.00297,0.997034,0.468142,2.123453,0.621392,1.0,1.0,1.0,1998
HLA-A*24,TCMR,24,22,2,214,342,3000,-0.016365,-0.003389,-0.003236,0.99677,0.644169,1.542375,0.569851,1.0,1.0,1.0,2006
HLA-A*24,acute_rejection,42,40,2,214,377,3000,0.445816,0.104438,0.58794,1.800276,1.262923,2.566265,0.00151348,0.0291007,0.00252565,0.0392255,1992
HLA-A*24,chronic_rejection,21,21,0,214,345,3000,-0.15863,-0.03197,-0.170578,0.843178,0.532093,1.336136,0.818658,1.0,0.50435,1.0,1990
HLA-A*24,complement_activation,16,15,1,214,289,3000,-0.253446,-0.048425,-0.269299,0.763915,0.455324,1.28165,0.893858,1.0,0.335164,1.0,2005
HLA-A*24,eGFR,16,12,4,214,292,3000,-0.263774,-0.050398,-0.281402,0.754725,0.449912,1.266047,0.902586,1.0,0.282213,1.0,1990
HLA-A*24,graft_loss,30,26,4,214,427,3000,-0.015195,-0.0033,-0.006278,0.993741,0.667757,1.478864,0.56928,1.0,1.0,1.0,1992
HLA-A*24,graft_survival,21,18,3,214,380,3000,-0.255257,-0.051444,-0.287322,0.75027,0.474045,1.187451,0.924424,1.0,0.239851,0.952074,1992
HLA-A*24,mixed_rejection,7,6,1,214,92,3000,0.064513,0.010645,0.132818,1.142042,0.534277,2.441166,0.487818,1.0,0.836057,1.0,1995
HLA-A*24,recurrent_GN,27,26,1,214,359,3000,0.052906,0.011231,0.079446,1.082687,0.714016,1.641714,0.413875,1.0,0.743232,1.0,1995
HLA-A*24,sensitization,28,25,3,214,344,3000,0.131954,0.028231,0.176325,1.192826,0.790671,1.799527,0.250437,0.923998,0.43588,1.0,1990
HLA-A*24,skin_cancer,17,15,2,214,229,3000,0.039883,0.00771,0.070931,1.073507,0.645623,1.784968,0.469527,1.0,0.790502,1.0,1992
HLA-A*24:02,ABMR,4,4,0,37,669,3000,-0.72404,-0.10937,-0.767995,0.463942,0.172765,1.245871,0.978522,1.0,1.0,1.0,1993
HLA-A*24:02,BK_nephropathy,4,3,1,37,305,3000,0.061432,0.00928,0.170783,1.186233,0.440232,3.196378,0.527976,1.0,0.785921,1.0,2016
HLA-A*24:02,CMV,2,2,0,37,388,3000,-0.872409,-0.119292,-0.755799,0.469635,0.12967,1.700918,0.96217,1.0,1.0,1.0,2012
HLA-A*24:02,DGF,8,3,5,37,211,3000,1.123033,0.18948,1.363177,3.908591,1.79859,8.493923,0.00341186,0.0552675,0.00341186,0.0510699,1995
HLA-A*24:02,DSA,8,1,7,37,652,3000,-0.005153,-0.000869,0.036308,1.036975,0.481104,2.235105,0.571631,1.0,1.0,1.0,2006
HLA-A*24:02,FSGS,1,1,0,37,70,3000,0.146954,0.018355,0.537394,1.71154,0.32866,8.913085,0.584766,1.0,0.584766,1.0,2024
HLA-A*24:02,HLA_mismatch_outcome,6,3,3,37,359,3000,0.303887,0.048899,0.421228,1.523832,0.650234,3.571121,0.277366,0.947933,0.439825,1.0,2012
HLA-A*24:02,IgA_nephropathy,1,1,0,37,121,3000,-0.400341,-0.050003,-0.030706,0.969761,0.187545,5.014451,0.784042,1.0,1.0,1.0,2016
HLA-A*24:02,NODAT,1,1,0,37,87,3000,-0.070458,-0.0088,0.312686,1.367092,0.263382,7.095918,0.665645,1.0,1.0,1.0,1993
HLA-A*24:02,TCMR,2,2,0,37,342,3000,-0.746214,-0.102036,-0.611393,0.542595,0.149738,1.966167,0.935744,1.0,1.0,1.0,2006
HLA-A*24:02,acute_rejection,4,3,1,37,377,3000,-0.150501,-0.022734,-0.07078,0.931667,0.34618,2.507375,0.701682,1.0,1.0,1.0,1995
HLA-A*24:02,chronic_rejection,3,3,0,37,345,3000,-0.349482,-0.050593,-0.252966,0.776494,0.257113,2.345055,0.816076,1.0,1.0,1.0,2017
HLA-A*24:02,complement_activation,5,5,0,37,289,3000,0.338461,0.05291,0.46616,1.593862,0.640333,3.967309,0.281604,0.950062,0.3966,1.0,2004
HLA-A*24:02,eGFR,6,6,0,37,292,3000,0.510455,0.082138,0.656715,1.928447,0.821679,4.525985,0.144606,0.770257,0.166688,0.831681,1998
HLA-A*24:02,graft_loss,4,3,1,37,427,3000,-0.27504,-0.041546,-0.215905,0.805812,0.299595,2.167365,0.7937,1.0,1.0,1.0,2008
HLA-A*24:02,graft_survival,4,3,1,37,380,3000,-0.158427,-0.023931,-0.079939,0.923173,0.343038,2.484414,0.70789,1.0,1.0,1.0,1993
HLA-A*24:02,recurrent_GN,2,2,0,37,359,3000,-0.794726,-0.10867,-0.666614,0.513444,0.141722,1.860155,0.947035,1.0,1.0,1.0,2013
HLA-A*24:02,sensitization,7,7,0,37,344,3000,0.500718,0.082621,0.649018,1.913661,0.85399,4.28822,0.123321,0.732802,0.186143,0.86035,1998
HLA-A*24:02,skin_cancer,2,2,0,37,229,3000,-0.345125,-0.047192,-0.165957,0.847082,0.233263,3.07613,0.786892,1.0,1.0,1.0,2006
HLA-A*24:03,BK_nephropathy,6,4,2,6,305,3000,2.286056,0.367852,4.762174,117.0,6.574537,2082.123917,1.05622e-06,9.99188e-05,1.05622e-06,7.34697e-05,2005
HLA-A*24:03,DSA,1,1,0,6,652,3000,-0.265436,-0.033153,-0.01916,0.981023,0.160949,5.979552,0.770461,1.0,1.0,1.0,2019
HLA-A*24:03,HLA_mismatch_outcome,2,2,0,6,359,3000,1.024433,0.14008,1.410665,4.098679,0.869928,19.310998,0.154765,0.79225,0.154765,0.812737,2015
HLA-A*24:03,IgA_nephropathy,1,1,0,6,121,3000,1.418818,0.177211,1.872701,6.505847,1.059827,39.936738,0.219036,0.888334,0.219036,0.908807,2010
HLA-A*24:03,TCMR,1,1,0,6,342,3000,0.379797,0.047437,0.751004,2.119127,0.347174,12.934996,0.516582,1.0,0.516582,1.0,2010
HLA-A*24:03,acute_rejection,1,1,0,6,377,3000,0.282363,0.035267,0.640156,1.896777,0.310835,11.574502,0.553574,1.0,0.553574,1.0,2020
HLA-A*24:03,chronic_rejection,1,1,0,6,345,3000,0.371064,0.046346,0.741127,2.098298,0.343771,12.807517,0.51985,1.0,0.51985,1.0,2023
HLA-A*24:03,graft_loss,1,1,0,6,427,3000,0.157824,0.019712,0.496182,1.642438,0.269242,10.019246,0.602305,1.0,0.602305,1.0,2023
HLA-A*24:03,graft_survival,1,1,0,6,380,3000,0.274437,0.034277,0.631073,1.879626,0.308031,11.469597,0.556631,1.0,0.556631,1.0,2010
HLA-A*24:03,recurrent_GN,1,1,0,6,359,3000,0.331286,0.041378,0.695996,2.005706,0.32864,12.240908,0.534856,1.0,0.534856,1.0,2010
HLA-A*24:03,sensitization,2,2,0,6,344,3000,1.067114,0.145916,1.4592,4.302514,0.913055,20.274395,0.144084,0.770257,0.144084,0.793944,2005
HLA-A*24:03,skin_cancer,1,1,0,6,229,3000,0.780886,0.097533,1.194519,3.301969,0.540136,20.185653,0.379257,1.0,0.379257,1.0,2019
HLA-A*24:07,ABMR,4,4,0,15,669,3000,0.178828,0.027013,0.31073,1.36442,0.457258,4.071321,0.438783,1.0,0.75513,1.0,2021
HLA-A*24:07,BK_nephropathy,1,1,0,15,305,3000,-0.421994,-0.052707,-0.093223,0.91099,0.168897,4.913678,0.800549,1.0,1.0,1.0,2019
HLA-A*24:07,CMV,1,1,0,15,388,3000,-0.662688,-0.08277,-0.36571,0.693704,0.128713,3.738736,0.875401,1.0,1.0,1.0,2026
HLA-A*24:07,DSA,4,3,1,15,652,3000,0.204567,0.030901,0.343906,1.410446,0.472652,4.208925,0.417316,1.0,0.752652,1.0,1999
HLA-A*24:07,HLA_mismatch_outcome,2,1,1,15,359,3000,0.108142,0.014787,0.308634,1.361564,0.351551,5.273367,0.551343,1.0,0.69845,1.0,2019
HLA-A*24:07,IgA_nephropathy,2,2,0,15,121,3000,1.195674,0.163495,1.491132,4.44212,1.137988,17.339756,0.120398,0.727147,0.120398,0.733867,2019
HLA-A*24:07,TCMR,2,2,0,15,342,3000,0.156654,0.021421,0.363801,1.438788,0.371418,5.573542,0.52365,1.0,0.68566,1.0,2019
HLA-A*24:07,chronic_rejection,2,2,0,15,345,3000,0.14792,0.020226,0.353895,1.424605,0.367769,5.518402,0.528607,1.0,0.687889,1.0,2013
HLA-A*24:07,complement_activation,1,0,1,15,289,3000,-0.368109,-0.045977,-0.033298,0.96725,0.17929,5.218202,0.781979,1.0,1.0,1.0,2019
HLA-A*24:07,graft_loss,3,3,0,15,427,3000,0.340146,0.049241,0.524471,1.689564,0.514136,5.552282,0.362211,1.0,0.461579,1.0,2019
HLA-A*24:07,graft_survival,1,1,0,15,380,3000,-0.641854,-0.080168,-0.341775,0.710508,0.131823,3.829536,0.869537,1.0,1.0,1.0,2022
HLA-A*24:07,sensitization,1,1,0,15,344,3000,-0.542324,-0.067737,-0.22839,0.795814,0.147605,4.290645,0.839813,1.0,1.0,1.0,2009
HLA-A*25,ABMR,5,4,1,19,669,3000,0.165582,0.025885,0.279809,1.322877,0.493858,3.543539,0.422575,1.0,0.591761,1.0,2002
HLA-A*25,BK_nephropathy,6,6,0,19,305,3000,1.133376,0.182373,1.461503,4.312434,1.678987,11.076374,0.00907227,0.122605,0.00907227,0.116555,2010
HLA-A*25,CMV,4,3,1,19,388,3000,0.487218,0.073597,0.673598,1.961282,0.68291,5.632697,0.224223,0.890479,0.295589,1.0,1999
HLA-A*25,DGF,1,1,0,19,211,3000,-0.28993,-0.036212,0.065353,1.067535,0.200993,5.670005,0.750921,1.0,1.0,1.0,2002
HLA-A*25,DSA,3,3,0,19,652,3000,-0.319504,-0.046253,-0.272104,0.761775,0.239592,2.422037,0.815885,1.0,1.0,1.0,2017
HLA-A*25,HLA_mismatch_outcome,2,2,0,19,359,3000,-0.128247,-0.017536,0.0476,1.048751,0.277426,3.964583,0.682843,1.0,1.0,1.0,2011
HLA-A*25,TCMR,3,3,0,19,342,3000,0.32573,0.047154,0.501409,1.651047,0.518118,5.261266,0.370683,1.0,0.470233,1.0,2014
HLA-A*25,acute_rejection,5,5,0,19,377,3000,0.739121,0.115543,0.977276,2.657209,0.989809,7.13346,0.0798744,0.597794,0.0798744,0.59004,2017
HLA-A*25,chronic_rejection,3,2,1,19,345,3000,0.316996,0.04589,0.491476,1.634727,0.513018,5.209042,0.376145,1.0,0.473575,1.0,2010
HLA-A*25,complement_activation,2,2,0,19,289,3000,0.088649,0.012122,0.291835,1.338882,0.353831,5.066269,0.559206,1.0,0.704252,1.0,2016
HLA-A*25,eGFR,6,3,3,19,292,3000,1.176934,0.189382,1.510713,4.529959,1.76314,11.638628,0.00733833,0.103923,0.00733833,0.0980517,2010
HLA-A*25,graft_survival,2,2,0,19,380,3000,-0.185095,-0.02531,-0.017514,0.982638,0.259994,3.713841,0.714434,1.0,1.0,1.0,2010
HLA-A*25,mixed_rejection,1,1,0,19,92,3000,0.54014,0.067464,0.94054,2.561365,0.478848,13.700774,0.447664,1.0,0.447664,1.0,2013
HLA-A*25,recurrent_GN,1,1,0,19,359,3000,-0.821394,-0.102593,-0.52197,0.593351,0.111965,3.144433,0.911912,1.0,1.0,1.0,2002
HLA-A*25,sensitization,3,2,1,19,344,3000,0.319899,0.04631,0.494778,1.640135,0.514708,5.226347,0.374325,1.0,0.472456,1.0,1999
HLA-A*25:01,ABMR,10,8,2,22,669,3000,0.712126,0.124852,1.083272,2.954329,1.29465,6.741635,0.0131931,0.166854,0.0169916,0.193198,1994
HLA-A*25:01,BK_nephropathy,7,7,0,22,305,3000,1.140923,0.188257,1.469052,4.345113,1.802318,10.475401,0.00464582,0.0708863,0.00464582,0.0674072,2007
HLA-A*25:01,CMV,1,1,0,22,388,3000,-1.04568,-0.130606,-0.762312,0.466587,0.088836,2.45063,0.953038,1.0,1.0,1.0,2024
HLA-A*25:01,DGF,2,2,0,22,211,3000,0.256614,0.035089,0.477564,1.612143,0.430439,6.038037,0.465055,1.0,0.664883,1.0,2002
HLA-A*25:01,DSA,1,0,1,22,652,3000,-1.564719,-0.195434,-1.389315,0.249246,0.04751,1.307583,0.99554,1.0,1.0,1.0,2024
HLA-A*25:01,FSGS,2,2,0,22,70,3000,1.359977,0.185961,1.645112,5.181592,1.363981,19.684215,0.0918953,0.646291,0.0918953,0.629949,2015
HLA-A*25:01,HLA_mismatch_outcome,5,4,1,22,359,3000,0.641441,0.100273,0.844485,2.326778,0.886892,6.10435,0.113459,0.71175,0.173392,0.843424,1994
HLA-A*25:01,TCMR,7,7,0,22,342,3000,1.026425,0.169364,1.3383,3.812557,1.582677,9.184183,0.00876566,0.119142,0.00876566,0.113283,2007
HLA-A*25:01,acute_rejection,3,3,0,22,377,3000,0.081692,0.011826,0.221753,1.248263,0.398042,3.914565,0.535085,1.0,0.750872,1.0,2014
HLA-A*25:01,chronic_rejection,3,3,0,22,345,3000,0.170393,0.024667,0.323284,1.381658,0.440397,4.334678,0.472491,1.0,0.733941,1.0,2010
HLA-A*25:01,complement_activation,8,8,0,22,289,3000,1.32834,0.22412,1.725866,5.617382,2.38767,13.215805,0.000645558,0.016242,0.000645558,0.0144033,2014
HLA-A*25:01,eGFR,1,1,0,22,292,3000,-0.761429,-0.095103,-0.441261,0.643225,0.122348,3.381649,0.895773,1.0,1.0,1.0,2010
HLA-A*25:01,graft_loss,1,1,0,22,427,3000,-1.141459,-0.142569,-0.873372,0.417541,0.079519,2.192448,0.966316,1.0,1.0,1.0,2012
HLA-A*25:01,graft_survival,2,2,0,22,380,3000,-0.331699,-0.045356,-0.176891,0.837871,0.224397,3.128501,0.788139,1.0,1.0,1.0,2010
HLA-A*25:01,mixed_rejection,1,0,1,22,92,3000,0.393537,0.049153,0.78922,2.201677,0.415185,11.67524,0.497257,1.0,0.497257,1.0,2007
HLA-A*25:01,recurrent_GN,9,8,1,22,359,3000,1.229227,0.211602,1.66341,5.277276,2.284016,12.193276,0.000543743,0.0142371,0.000543743,0.0125943,1994
HLA-A*25:01,sensitization,4,3,1,22,344,3000,0.460978,0.069633,0.633857,1.884867,0.668632,5.313423,0.240043,0.917127,0.307963,1.0,2012
HLA-A*25:01,skin_cancer,2,1,1,22,229,3000,0.17475,0.023895,0.388617,1.47494,0.394021,5.521148,0.509486,1.0,0.68269,1.0,2014
HLA-A*25:14,ABMR,1,0,1,2,669,3000,0.807436,0.100849,1.248802,3.486163,0.362024,33.570507,0.396329,1.0,0.396329,1.0,2021
HLA-A*25:14,FSGS,2,2,0,2,70,3000,3.757872,0.513846,5.365533,213.905109,10.172393,4497.997149,0.000536846,0.0142371,0.000536846,0.0125943,2021
HLA-A*25:14,IgA_nephropathy,1,1,0,2,121,3000,2.51743,0.314428,3.173375,23.887967,2.466588,231.345921,0.0790528,0.595414,0.0790528,0.587924,2021
HLA-A*25:14,eGFR,1,0,1,2,292,3000,1.636467,0.204396,2.228741,9.288165,0.963007,89.583998,0.185222,0.844966,0.185222,0.86035,2026
HLA-A*26,ABMR,6,4,2,33,669,3000,-0.204165,-0.032852,-0.197294,0.82095,0.347684,1.938419,0.778103,1.0,0.677736,1.0,2008
HLA-A*26,BK_nephropathy,5,5,0,33,305,3000,0.398986,0.062372,0.538293,1.713081,0.682291,4.301163,0.239952,0.917127,0.376131,1.0,2005
HLA-A*26,CMV,3,3,0,33,388,3000,-0.352533,-0.051034,-0.262992,0.768748,0.253017,2.335712,0.819795,1.0,1.0,1.0,1997
HLA-A*26,DGF,3,3,0,33,211,3000,0.256614,0.037149,0.417902,1.518772,0.497996,4.631902,0.412949,1.0,0.501864,1.0,2004
HLA-A*26,DSA,7,7,0,33,652,3000,-0.024274,-0.004005,0.018133,1.018298,0.450584,2.301304,0.597675,1.0,1.0,1.0,2007
HLA-A*26,HLA_mismatch_outcome,6,4,2,33,359,3000,0.418297,0.067309,0.558561,1.748155,0.738274,4.139448,0.195058,0.857582,0.275681,0.99388,2014
HLA-A*26,IgA_nephropathy,1,1,0,33,121,3000,-0.285931,-0.035713,0.086772,1.090648,0.210095,5.661782,0.744884,1.0,1.0,1.0,1999
HLA-A*26,NODAT,1,1,0,33,87,3000,0.043952,0.00549,0.430147,1.537483,0.295049,8.011746,0.623353,1.0,0.623353,1.0,2025
HLA-A*26,PTLD,2,0,2,33,104,3000,0.558616,0.076384,0.796939,2.218738,0.602956,8.164434,0.318168,1.0,0.318168,1.0,2017
HLA-A*26,TCMR,4,4,0,33,342,3000,0.061344,0.009266,0.169712,1.184964,0.436639,3.215786,0.529035,1.0,0.78514,1.0,2014
HLA-A*26,acute_rejection,4,4,0,33,377,3000,-0.036091,-0.005452,0.057918,1.059628,0.39066,2.874145,0.610402,1.0,1.0,1.0,2003
HLA-A*26,chronic_rejection,2,2,0,33,345,3000,-0.640537,-0.087586,-0.500238,0.606386,0.166459,2.208972,0.907382,1.0,1.0,1.0,2013
HLA-A*26,complement_activation,2,1,1,33,289,3000,-0.46342,-0.063367,-0.301161,0.739959,0.202958,2.697796,0.841869,1.0,1.0,1.0,2004
HLA-A*26,eGFR,5,5,0,33,292,3000,0.442544,0.069181,0.58738,1.799268,0.716396,4.518961,0.213058,0.885232,0.246485,0.969145,2002
HLA-A*26,graft_loss,5,5,0,33,427,3000,0.062514,0.009772,0.150737,1.162691,0.463993,2.913513,0.515373,1.0,0.803569,1.0,2007
HLA-A*26,graft_survival,2,1,1,33,380,3000,-0.737164,-0.100799,-0.610693,0.542975,0.149111,1.977198,0.934749,1.0,1.0,1.0,2001
HLA-A*26,recurrent_GN,3,3,0,33,359,3000,-0.27485,-0.039789,-0.173618,0.840618,0.276572,2.554989,0.774372,1.0,1.0,1.0,2006
HLA-A*26,sensitization,4,4,0,33,344,3000,0.055513,0.008386,0.16306,1.177107,0.433759,3.194361,0.53388,1.0,0.786246,1.0,2001
HLA-A*26,skin_cancer,3,2,1,33,229,3000,0.17475,0.025298,0.328552,1.388955,0.455727,4.233228,0.466951,1.0,0.736548,1.0,1999
HLA-A*26:01,ABMR,3,3,0,22,669,3000,-0.491847,-0.071202,-0.473607,0.622752,0.198956,1.949276,0.898546,1.0,1.0,1.0,2016
HLA-A*26:01,BK_nephropathy,5,5,0,22,305,3000,0.804451,0.125756,1.030112,2.801379,1.066733,7.356781,0.0651488,0.532572,0.0651488,0.52002,2015
HLA-A*26:01,DGF,3,3,0,22,211,3000,0.662079,0.095846,0.869193,2.384984,0.757837,7.505775,0.198196,0.860061,0.198196,0.879424,2002
HLA-A*26:01,DSA,2,2,0,22,652,3000,-0.871572,-0.119178,-0.828896,0.436531,0.117092,1.627432,0.968046,1.0,1.0,1.0,2000
HLA-A*26:01,HLA_mismatch_outcome,3,2,1,22,359,3000,0.130615,0.018908,0.277898,1.320351,0.420935,4.141554,0.500284,1.0,0.740887,1.0,2015
HLA-A*26:01,PTLD,3,3,0,22,104,3000,1.369547,0.198262,1.626967,5.088417,1.603308,16.149102,0.0386163,0.385348,0.0386163,0.368256,2000
HLA-A*26:01,TCMR,1,1,0,22,342,3000,-0.919486,-0.114844,-0.618349,0.538833,0.10255,2.831206,0.930942,1.0,1.0,1.0,2015
HLA-A*26:01,acute_rejection,5,1,4,22,377,3000,0.592518,0.092625,0.788074,2.199156,0.83847,5.767995,0.132797,0.747323,0.184327,0.86035,2002
HLA-A*26:01,chronic_rejection,1,1,0,22,345,3000,-0.928219,-0.115935,-0.628233,0.533534,0.101545,2.803277,0.932643,1.0,1.0,1.0,2019
HLA-A*26:01,complement_activation,3,3,0,22,289,3000,0.347511,0.050307,0.522835,1.686804,0.537153,5.297014,0.357064,1.0,0.463871,1.0,2004
HLA-A*26:01,eGFR,1,1,0,22,292,3000,-0.761429,-0.095103,-0.441261,0.643225,0.122348,3.381649,0.895773,1.0,1.0,1.0,2019
HLA-A*26:01,graft_loss,4,1,3,22,427,3000,0.244835,0.036984,0.383756,1.467788,0.521223,4.13336,0.384075,1.0,0.541752,1.0,2014
HLA-A*26:01,graft_survival,7,6,1,22,380,3000,0.921064,0.151979,1.216525,3.375437,1.402131,8.125902,0.0153999,0.187736,0.0153999,0.175946,2001
HLA-A*26:01,sensitization,2,2,0,22,344,3000,-0.232169,-0.031747,-0.063198,0.938757,0.251317,3.50659,0.737007,1.0,1.0,1.0,2001
HLA-A*26:01,skin_cancer,4,4,0,22,229,3000,0.867897,0.131101,1.088615,2.970156,1.050738,8.39584,0.0815069,0.605246,0.0815069,0.592368,2014
HLA-A*29,ABMR,2,2,0,26,669,3000,-1.064366,-0.14554,-1.042002,0.352748,0.095735,1.299745,0.988279,1.0,1.0,1.0,2017
HLA-A*29,DGF,3,3,0,26,211,3000,0.495025,0.071662,0.681162,1.976172,0.637245,6.128341,0.274933,0.947933,0.423845,1.0,1990
HLA-A*29,DSA,6,3,3,26,652,3000,0.059986,0.009652,0.132784,1.142003,0.470582,2.771397,0.510547,1.0,0.813624,1.0,2000
HLA-A*29,FSGS,1,1,0,26,70,3000,0.499776,0.062422,0.899821,2.459162,0.465797,12.983067,0.460148,1.0,0.460148,1.0,1990
HLA-A*29,HLA_mismatch_outcome,2,2,0,26,359,3000,-0.441904,-0.060425,-0.291543,0.74711,0.202392,2.757884,0.836273,1.0,1.0,1.0,2005
HLA-A*29,NODAT,2,2,0,26,87,3000,0.97551,0.13339,1.23794,3.448502,0.92216,12.895998,0.173017,0.827873,0.173017,0.843424,2017
HLA-A*29,TCMR,4,2,2,26,342,3000,0.299755,0.04528,0.443246,1.557755,0.562592,4.31325,0.343766,1.0,0.52928,1.0,2010
HLA-A*29,acute_rejection,4,4,0,26,377,3000,0.20232,0.030562,0.331488,1.393039,0.503362,3.855193,0.416383,1.0,0.559464,1.0,1998
HLA-A*29,chronic_rejection,7,6,1,26,345,3000,0.850637,0.140359,1.097172,2.995682,1.280758,7.006878,0.0236815,0.269264,0.0236815,0.255739,1990
HLA-A*29,complement_activation,8,6,2,26,289,3000,1.161286,0.195934,1.48076,4.396284,1.933575,9.995639,0.00223784,0.0389154,0.00223784,0.0357601,2010
HLA-A*29,eGFR,2,2,0,26,292,3000,-0.235336,-0.032179,-0.058736,0.942955,0.255208,3.484083,0.735899,1.0,1.0,1.0,2024
HLA-A*29,graft_loss,4,4,0,26,427,3000,0.077781,0.011749,0.186445,1.204959,0.435654,3.332745,0.517786,1.0,0.779953,1.0,2000
HLA-A*29,graft_survival,3,0,3,26,380,3000,-0.093288,-0.013505,0.024497,1.024799,0.331656,3.16657,0.657979,1.0,1.0,1.0,1990
HLA-A*29,recurrent_GN,1,1,0,26,359,3000,-1.135051,-0.141769,-0.845549,0.429322,0.082416,2.236418,0.964158,1.0,1.0,1.0,2018
HLA-A*29,sensitization,3,3,0,26,344,3000,0.006242,0.000904,0.138484,1.148531,0.371527,3.55055,0.587039,1.0,1.0,1.0,2018
HLA-A*29,skin_cancer,1,1,0,26,229,3000,-0.685451,-0.085613,-0.346667,0.707041,0.135482,3.689838,0.874256,1.0,1.0,1.0,2026
HLA-A*29:02,ABMR,4,2,2,18,669,3000,-0.003494,-0.000528,0.077634,1.080727,0.373991,3.122996,0.594983,1.0,1.0,1.0,2013
HLA-A*29:02,BK_nephropathy,1,1,0,18,305,3000,-0.604316,-0.075479,-0.282395,0.753976,0.14169,4.012129,0.855669,1.0,1.0,1.0,2022
HLA-A*29:02,CMV,4,4,0,18,388,3000,0.541285,0.081764,0.740675,2.09735,0.724419,6.072282,0.195589,0.858195,0.27763,0.997863,2013
HLA-A*29:02,DSA,5,4,1,18,652,3000,0.245389,0.03836,0.384921,1.469498,0.543147,3.975763,0.350532,1.0,0.565825,1.0,2009
HLA-A*29:02,HLA_mismatch_outcome,3,2,1,18,359,3000,0.331286,0.047959,0.508996,1.66362,0.518819,5.334488,0.367344,1.0,0.467489,1.0,2009
HLA-A*29:02,NODAT,3,1,2,18,87,3000,1.7487,0.25315,2.04712,7.745562,2.380215,25.205177,0.0140274,0.175528,0.0140274,0.166202,2009
HLA-A*29:02,PTLD,1,1,0,18,104,3000,0.471605,0.058904,0.869065,2.384679,0.444887,12.782328,0.471076,1.0,0.471076,1.0,2020
HLA-A*29:02,TCMR,1,1,0,18,342,3000,-0.718815,-0.08978,-0.410981,0.662999,0.124644,3.526595,0.887554,1.0,1.0,1.0,2025
HLA-A*29:02,acute_rejection,5,5,0,18,377,3000,0.793189,0.123995,1.049118,2.855133,1.053072,7.740956,0.0653048,0.532572,0.0653048,0.52002,2003
HLA-A*29:02,chronic_rejection,6,5,1,18,345,3000,1.064211,0.171243,1.398459,4.048954,1.558832,10.516869,0.0123174,0.160058,0.0123174,0.150935,2003
HLA-A*29:02,complement_activation,3,3,0,18,289,3000,0.548181,0.079357,0.753894,2.12526,0.662049,6.822351,0.247543,0.923998,0.247543,0.969145,2018
HLA-A*29:02,eGFR,1,1,0,18,292,3000,-0.560758,-0.070039,-0.233922,0.791424,0.148703,4.212099,0.842567,1.0,1.0,1.0,2020
HLA-A*29:02,graft_loss,4,4,0,18,427,3000,0.445506,0.067296,0.628942,1.875626,0.64811,5.428051,0.247301,0.923998,0.309825,1.0,2013
HLA-A*29:02,graft_survival,1,1,0,18,380,3000,-0.824175,-0.10294,-0.530978,0.588029,0.110586,3.126784,0.913301,1.0,1.0,1.0,2025
HLA-A*29:02,mixed_rejection,1,1,0,18,92,3000,0.594207,0.074217,0.996456,2.708665,0.504599,14.539983,0.430081,1.0,0.430081,1.0,2013
HLA-A*29:02,recurrent_GN,3,3,0,18,359,3000,0.331286,0.047959,0.508996,1.66362,0.518819,5.334488,0.367344,1.0,0.467489,1.0,2003
HLA-A*29:02,sensitization,2,2,0,18,344,3000,-0.031499,-0.004307,0.155382,1.168104,0.307407,4.438643,0.628796,1.0,1.0,1.0,2023
HLA-A*29:02,skin_cancer,1,1,0,18,229,3000,-0.317726,-0.039684,0.032719,1.03326,0.193933,5.505121,0.761528,1.0,1.0,1.0,2013
HLA-A*30,ABMR,9,8,1,24,669,3000,0.519754,0.089472,0.765267,2.149569,0.954134,4.842764,0.0661769,0.535988,0.0843446,0.601735,2005
HLA-A*30,BK_nephropathy,3,2,1,24,305,3000,0.206614,0.02991,0.364146,1.439285,0.462172,4.482186,0.447141,1.0,0.729479,1.0,2007
HLA-A*30,CMV,3,3,0,24,388,3000,-0.034079,-0.004933,0.090161,1.09435,0.351826,3.403967,0.61719,1.0,1.0,1.0,2019
HLA-A*30,DGF,3,2,1,24,211,3000,0.575068,0.08325,0.770832,2.161564,0.692375,6.74831,0.236003,0.914736,0.236003,0.94762,2005
HLA-A*30,DSA,6,5,1,24,652,3000,0.140029,0.022532,0.236296,1.26655,0.516013,3.108736,0.425958,1.0,0.626654,1.0,1993
HLA-A*30,FSGS,1,1,0,24,70,3000,0.579818,0.07242,0.982187,2.670289,0.503845,14.152063,0.433822,1.0,0.433822,1.0,2011
HLA-A*30,HLA_mismatch_outcome,5,4,1,24,359,3000,0.554429,0.086671,0.735509,2.086543,0.804716,5.410184,0.150812,0.787354,0.197165,0.879424,2007
HLA-A*30,IgA_nephropathy,1,1,0,24,121,3000,0.032523,0.004062,0.414167,1.51311,0.287514,7.963106,0.629147,1.0,1.0,1.0,2007
HLA-A*30,NODAT,2,1,1,24,87,3000,1.055553,0.144335,1.32379,3.757635,0.99954,14.126316,0.152345,0.791151,0.152345,0.812737,2017
HLA-A*30,TCMR,5,5,0,24,342,3000,0.602941,0.094255,0.791113,2.20585,0.85049,5.721145,0.129621,0.747323,0.183726,0.86035,2009
HLA-A*30,acute_rejection,2,1,1,24,377,3000,-0.410784,-0.05617,-0.26164,0.769788,0.207468,2.856221,0.823903,1.0,1.0,1.0,1993
HLA-A*30,chronic_rejection,3,3,0,24,345,3000,0.083382,0.012071,0.224887,1.252181,0.40235,3.897004,0.532842,1.0,0.751133,1.0,2017
HLA-A*30,complement_activation,4,4,0,24,289,3000,0.548181,0.082806,0.727264,2.069412,0.740568,5.782678,0.194936,0.857582,0.282016,1.0,2016
HLA-A*30,eGFR,1,1,0,24,292,3000,-0.84844,-0.105971,-0.530953,0.588044,0.112366,3.077397,0.915214,1.0,1.0,1.0,2010
HLA-A*30,graft_loss,4,4,0,24,427,3000,0.157824,0.02384,0.280319,1.323552,0.474646,3.690728,0.452242,1.0,0.76704,1.0,1995
HLA-A*30,graft_survival,8,5,3,24,380,3000,0.967584,0.163252,1.281465,3.601912,1.563395,8.298457,0.00716312,0.102078,0.00716312,0.0962544,1995
HLA-A*30,mixed_rejection,1,1,0,24,92,3000,0.306525,0.038285,0.699579,2.012905,0.381323,10.625602,0.527845,1.0,0.527845,1.0,2005
HLA-A*30,recurrent_GN,2,2,0,24,359,3000,-0.361861,-0.04948,-0.205621,0.814141,0.219379,3.021369,0.8011,1.0,1.0,1.0,2017
HLA-A*30,sensitization,5,5,0,24,344,3000,0.59711,0.093343,0.784446,2.191194,0.844868,5.682935,0.132033,0.747323,0.185166,0.86035,1995
HLA-A*30,skin_cancer,4,4,0,24,229,3000,0.780886,0.117957,0.985234,2.678438,0.956864,7.497442,0.105281,0.685922,0.105281,0.67998,2009
HLA-A*30:01,ABMR,7,7,0,17,669,3000,0.61328,0.101194,0.917476,2.502965,0.976723,6.414133,0.0632094,0.525244,0.0767452,0.587924,2007
HLA-A*30:01,BK_nephropathy,5,5,0,17,305,3000,1.06228,0.166061,1.368449,3.929251,1.431167,10.787709,0.0232719,0.267175,0.0232719,0.255739,2000
HLA-A*30:01,CMV,4,4,0,17,388,3000,0.598443,0.090398,0.812518,2.253576,0.771258,6.584831,0.1682,0.822757,0.262507,0.986954,2003
HLA-A*30:01,DGF,2,2,0,17,211,3000,0.514443,0.070344,0.758953,2.136038,0.557521,8.183831,0.33843,1.0,0.33843,1.0,2019
HLA-A*30:01,HLA_mismatch_outcome,5,4,1,17,359,3000,0.89927,0.140578,1.18286,3.263695,1.189879,8.951926,0.043649,0.417935,0.043649,0.399197,2007
HLA-A*30:01,IgA_nephropathy,2,2,0,17,121,3000,1.070511,0.14638,1.352283,3.866244,1.003969,14.88875,0.148156,0.778641,0.148156,0.801804,2007
HLA-A*30:01,NODAT,1,1,0,17,87,3000,0.707246,0.088335,1.113564,3.045192,0.564646,16.423013,0.394469,1.0,0.394469,1.0,2012
HLA-A*30:01,TCMR,7,6,1,17,342,3000,1.284254,0.211907,1.729655,5.638706,2.194023,14.491646,0.00165584,0.0305942,0.00165584,0.028173,2009
HLA-A*30:01,acute_rejection,3,3,0,17,377,3000,0.339521,0.049151,0.519936,1.681921,0.520818,5.43157,0.36235,1.0,0.463663,1.0,2000
HLA-A*30:01,chronic_rejection,4,3,1,17,345,3000,0.715904,0.108141,0.947521,2.579307,0.882228,7.540936,0.122474,0.729599,0.122474,0.738905,2003
HLA-A*30:01,complement_activation,5,3,2,17,289,3000,1.116165,0.174485,1.429108,4.174974,1.520133,11.466369,0.0187709,0.223082,0.0187709,0.211396,2016
HLA-A*30:01,eGFR,1,1,0,17,292,3000,-0.5036,-0.0629,-0.17471,0.839701,0.157148,4.486833,0.825484,1.0,1.0,1.0,2013
HLA-A*30:01,graft_loss,3,3,0,17,427,3000,0.214982,0.031122,0.37527,1.455384,0.450896,4.69763,0.443902,1.0,0.724019,1.0,2011
HLA-A*30:01,graft_survival,6,5,1,17,380,3000,1.024742,0.164893,1.370777,3.938411,1.496149,10.367338,0.0144322,0.177771,0.0144322,0.167781,2007
HLA-A*30:01,recurrent_GN,1,1,0,17,359,3000,-0.710168,-0.0887,-0.406797,0.665779,0.124689,3.55493,0.886155,1.0,1.0,1.0,2019
HLA-A*30:01,sensitization,4,4,0,17,344,3000,0.718807,0.10858,0.950832,2.587861,0.88514,7.56606,0.121489,0.728175,0.121489,0.736724,2003
HLA-A*30:01,skin_cancer,7,7,0,17,229,3000,1.685342,0.278088,2.18213,8.865169,3.438957,22.853215,0.000138176,0.0049346,0.000138176,0.00418504,2009
HLA-A*30:02,ABMR,2,2,0,9,669,3000,-0.003494,-0.000478,0.149109,1.160799,0.27669,4.86991,0.630499,1.0,1.0,1.0,2022
HLA-A*30:02,BK_nephropathy,1,1,0,9,305,3000,0.088831,0.011095,0.443095,1.55752,0.273418,8.87236,0.619507,1.0,1.0,1.0,2008
HLA-A*30:02,CMV,1,1,0,9,388,3000,-0.151862,-0.018968,0.170679,1.18611,0.208378,6.75148,0.712994,1.0,1.0,1.0,2024
HLA-A*30:02,DSA,1,1,0,9,652,3000,-0.670902,-0.083796,-0.455759,0.633967,0.1115,3.604621,0.890165,1.0,1.0,1.0,2026
HLA-A*30:02,NODAT,1,1,0,9,87,3000,1.343235,0.167771,1.779615,5.927576,1.031162,34.074336,0.232962,0.912176,0.232962,0.941347,2020
HLA-A*30:02,TCMR,2,2,0,9,342,3000,0.667479,0.09127,0.953853,2.595693,0.617567,10.90995,0.273913,0.947933,0.273913,0.992043,2024
HLA-A*30:02,acute_rejection,2,2,0,9,377,3000,0.570045,0.077947,0.842722,2.322681,0.55281,9.758946,0.315141,1.0,0.315141,1.0,2010
HLA-A*30:02,chronic_rejection,1,0,1,9,345,3000,-0.034401,-0.004297,0.304676,1.356185,0.238174,7.722263,0.667485,1.0,1.0,1.0,2018
HLA-A*30:02,eGFR,1,1,0,9,292,3000,0.132389,0.016535,0.491551,1.63485,0.286948,9.314359,0.602641,1.0,0.602641,1.0,2024
HLA-A*30:02,graft_loss,1,1,0,9,427,3000,-0.247641,-0.030931,0.059695,1.061513,0.186536,6.040723,0.749389,1.0,1.0,1.0,2020
HLA-A*30:02,graft_survival,2,1,1,9,380,3000,0.562119,0.076863,0.833617,2.301629,0.547815,9.670228,0.31868,1.0,0.31868,1.0,2007
HLA-A*30:02,recurrent_GN,3,2,1,9,359,3000,1.024433,0.148302,1.381455,3.980688,1.080354,14.667303,0.0824056,0.605246,0.0824056,0.592368,2010
HLA-A*30:02,sensitization,3,3,0,9,344,3000,1.067114,0.154481,1.430117,4.179187,1.134024,15.401439,0.0742206,0.581231,0.0742206,0.575851,2007
HLA-A*31,ABMR,9,5,4,45,669,3000,-0.108854,-0.018738,-0.100312,0.904555,0.440687,1.856694,0.701947,1.0,0.857152,1.0,1995
HLA-A*31,BK_nephropathy,4,3,1,45,305,3000,-0.134312,-0.020289,-0.046374,0.954684,0.358295,2.543775,0.68602,1.0,1.0,1.0,1999
HLA-A*31,CMV,14,12,2,45,388,3000,0.877757,0.163538,1.154695,3.173056,1.687615,5.965986,0.00107903,0.0225833,0.00107903,0.0207472,1995
HLA-A*31,DSA,16,13,3,45,652,3000,0.492249,0.094052,0.712093,2.038252,1.108723,3.747079,0.0227915,0.264225,0.0289033,0.295915,1995
HLA-A*31,HLA_mismatch_outcome,7,7,0,45,359,3000,0.262293,0.043279,0.363806,1.438795,0.652879,3.170776,0.288573,0.966677,0.483648,1.0,1990
HLA-A*31,IgA_nephropathy,4,4,0,45,121,3000,0.790209,0.119366,0.962977,2.619482,0.973238,7.050372,0.105622,0.686256,0.105622,0.67998,2002
HLA-A*31,NODAT,1,1,0,45,87,3000,-0.266203,-0.033249,0.111725,1.118205,0.216675,5.770767,0.736645,1.0,1.0,1.0,2024
HLA-A*31,PTLD,2,1,1,45,104,3000,0.248461,0.033974,0.469969,1.599944,0.440473,5.811529,0.466616,1.0,0.668582,1.0,2001
HLA-A*31,TCMR,6,5,1,45,342,3000,0.156654,0.025207,0.247642,1.281001,0.55449,2.959415,0.408069,1.0,0.636186,1.0,2006
HLA-A*31,acute_rejection,5,4,1,45,377,3000,-0.123102,-0.019244,-0.059891,0.941868,0.383974,2.310348,0.684581,1.0,1.0,1.0,1995
HLA-A*31,chronic_rejection,4,4,0,45,345,3000,-0.257545,-0.038904,-0.186136,0.830161,0.311795,2.210321,0.778001,1.0,1.0,1.0,2002
HLA-A*31,complement_activation,5,4,1,45,289,3000,0.142716,0.02231,0.243108,1.275207,0.51896,3.133484,0.439883,1.0,0.616442,1.0,2018
HLA-A*31,eGFR,4,3,1,45,292,3000,-0.090754,-0.013709,0.002586,1.002589,0.376165,2.672191,0.651269,1.0,1.0,1.0,2012
HLA-A*31,graft_loss,4,4,0,45,427,3000,-0.470785,-0.071115,-0.433207,0.648426,0.243804,1.72457,0.901295,1.0,1.0,1.0,2004
HLA-A*31,graft_survival,7,6,1,45,380,3000,0.205444,0.033899,0.29784,1.346946,0.611433,2.967233,0.341474,1.0,0.500997,1.0,2012
HLA-A*31,mixed_rejection,3,3,0,45,92,3000,0.776529,0.112414,0.969867,2.637594,0.869183,8.003961,0.158141,0.797447,0.158141,0.818009,1990
HLA-A*31,recurrent_GN,14,13,1,45,359,3000,0.95544,0.178011,1.246466,3.478028,1.84858,6.543767,0.000486609,0.0135392,0.000486609,0.0119878,1999
HLA-A*31,sensitization,3,1,2,45,344,3000,-0.542324,-0.078509,-0.461261,0.630488,0.210761,1.886094,0.904058,1.0,1.0,1.0,2001
HLA-A*31,skin_cancer,3,3,0,45,229,3000,-0.135405,-0.019602,-0.007612,0.992417,0.330894,2.97645,0.679807,1.0,1.0,1.0,2012
HLA-A*31:01,ABMR,7,5,2,21,669,3000,0.401971,0.066327,0.592978,1.809369,0.746169,4.387497,0.167875,0.822757,0.288594,1.0,2003
HLA-A*31:01,BK_nephropathy,2,2,0,21,305,3000,-0.065319,-0.008932,0.12276,1.130613,0.301417,4.240921,0.645601,1.0,1.0,1.0,2012
HLA-A*31:01,CMV,3,1,2,21,388,3000,0.099452,0.014397,0.2416,1.273285,0.404188,4.011141,0.522947,1.0,0.746676,1.0,2000
HLA-A*31:01,DSA,8,6,2,21,652,3000,0.561242,0.094694,0.824883,2.281614,0.962962,5.40599,0.0655947,0.533098,0.104887,0.67961,1996
HLA-A*31:01,FSGS,1,1,0,21,70,3000,0.71335,0.089098,1.119794,3.064222,0.574051,16.356476,0.391943,1.0,0.391943,1.0,2020
HLA-A*31:01,HLA_mismatch_outcome,4,3,1,21,359,3000,0.464817,0.070213,0.640997,1.898373,0.66974,5.380924,0.237518,0.914736,0.305663,1.0,2007
HLA-A*31:01,TCMR,8,6,2,21,342,3000,1.206476,0.203558,1.605355,4.979627,2.095193,11.835036,0.00140093,0.0273819,0.00140093,0.0249113,2007
HLA-A*31:01,acute_rejection,1,1,0,21,377,3000,-0.9704,-0.121204,-0.681266,0.505976,0.096074,2.664726,0.941003,1.0,1.0,1.0,1995
HLA-A*31:01,chronic_rejection,5,4,1,21,345,3000,0.727739,0.113764,0.949317,2.583945,0.97795,6.827317,0.0844719,0.61281,0.0844719,0.601735,2003
HLA-A*31:01,complement_activation,7,7,0,21,289,3000,1.241329,0.204824,1.597157,4.938969,2.028132,12.027529,0.00253763,0.0428679,0.00253763,0.0392255,2010
HLA-A*31:01,eGFR,2,1,1,21,292,3000,-0.021761,-0.002976,0.171383,1.186946,0.316368,4.453166,0.620841,1.0,1.0,1.0,2012
HLA-A*31:01,graft_loss,4,4,0,21,427,3000,0.291355,0.044011,0.439717,1.552269,0.548081,4.396313,0.349534,1.0,0.526961,1.0,1996
HLA-A*31:01,graft_survival,8,7,1,21,380,3000,1.101115,0.185782,1.483287,4.407407,1.855663,10.468087,0.00279444,0.0462157,0.00279444,0.0423644,1996
HLA-A*31:01,mixed_rejection,2,2,0,21,92,3000,1.133204,0.154953,1.409365,4.093356,1.07914,15.526769,0.134196,0.747323,0.134196,0.771821,2011
HLA-A*31:01,recurrent_GN,3,3,0,21,359,3000,0.177135,0.025643,0.330923,1.392252,0.4418,4.387432,0.468212,1.0,0.73237,1.0,2012
HLA-A*31:01,sensitization,1,1,0,21,344,3000,-0.878797,-0.109762,-0.576939,0.561615,0.106608,2.958603,0.923213,1.0,1.0,1.0,2012
HLA-A*31:01,skin_cancer,2,2,0,21,229,3000,0.22127,0.030256,0.438991,1.551141,0.412874,5.827538,0.484383,1.0,0.67201,1.0,2012
HLA-A*33,ABMR,9,7,2,40,669,3000,0.008929,0.001537,0.049189,1.050419,0.505887,2.181078,0.55014,1.0,1.0,1.0,1991
HLA-A*33,CMV,4,4,0,40,388,3000,-0.257223,-0.038855,-0.190991,0.82614,0.308482,2.212466,0.779823,1.0,1.0,1.0,2001
HLA-A*33,DGF,6,6,0,40,211,3000,0.757389,0.121872,0.926751,2.526288,1.079802,5.910462,0.0579909,0.496915,0.0579909,0.477869,1996
HLA-A*33,DSA,7,6,1,40,652,3000,-0.216646,-0.035748,-0.219287,0.803091,0.362098,1.781165,0.798462,1.0,0.699094,1.0,1991
HLA-A*33,FSGS,1,1,0,40,70,3000,0.068993,0.008617,0.457368,1.579911,0.304119,8.20769,0.613515,1.0,0.613515,1.0,2024
HLA-A*33,HLA_mismatch_outcome,2,2,0,40,359,3000,-0.872687,-0.11933,-0.748891,0.472891,0.130957,1.707626,0.96158,1.0,1.0,1.0,2018
HLA-A*33,IgA_nephropathy,1,0,1,40,121,3000,-0.478302,-0.05974,-0.11075,0.895163,0.17354,4.617466,0.809442,1.0,1.0,1.0,2011
HLA-A*33,NODAT,5,5,0,40,87,3000,1.461018,0.228394,1.687442,5.405634,2.144708,13.624642,0.00540283,0.0803628,0.00540283,0.0760577,1991
HLA-A*33,PTLD,3,3,0,40,104,3000,0.77171,0.111716,0.966765,2.629425,0.863774,8.004264,0.159576,0.802648,0.159576,0.820429,1994
HLA-A*33,TCMR,2,1,1,40,342,3000,-0.824175,-0.112697,-0.693662,0.499743,0.138365,1.804959,0.952498,1.0,1.0,1.0,2019
HLA-A*33,acute_rejection,1,1,0,40,377,3000,-1.614757,-0.201684,-1.344466,0.260679,0.05087,1.335827,0.995526,1.0,1.0,1.0,2009
HLA-A*33,chronic_rejection,9,9,0,40,345,3000,0.671168,0.115537,0.855352,2.352202,1.128669,4.902102,0.0340257,0.353915,0.041319,0.384722,1991
HLA-A*33,complement_activation,5,4,1,40,289,3000,0.260499,0.040723,0.376747,1.457536,0.588789,3.608105,0.34054,1.0,0.584337,1.0,2012
HLA-A*33,eGFR,2,1,1,40,292,3000,-0.666119,-0.091084,-0.51595,0.596933,0.165151,2.157597,0.913048,1.0,1.0,1.0,2012
HLA-A*33,graft_loss,7,6,1,40,427,3000,0.206614,0.034092,0.302029,1.352601,0.6087,3.005632,0.339822,1.0,0.497838,1.0,2005
HLA-A*33,graft_survival,3,3,0,40,380,3000,-0.524071,-0.075867,-0.448248,0.638746,0.212455,1.920388,0.898549,1.0,1.0,1.0,2006
HLA-A*33,recurrent_GN,10,9,1,40,359,3000,0.736751,0.129169,0.944825,2.572363,1.264524,5.232841,0.0165073,0.200204,0.0224011,0.248725,1994
HLA-A*33,sensitization,8,5,3,40,344,3000,0.556288,0.093858,0.712874,2.039845,0.950569,4.377342,0.0797329,0.597794,0.126071,0.754832,2005
HLA-A*33,skin_cancer,5,4,1,40,229,3000,0.493204,0.0771,0.635775,1.888485,0.761373,4.684135,0.185934,0.844966,0.226784,0.925025,2006
HLA-A*33:01,ABMR,4,3,1,26,669,3000,-0.371219,-0.056075,-0.36519,0.694065,0.251328,1.916721,0.864223,1.0,1.0,1.0,1992
HLA-A*33:01,BK_nephropathy,1,1,0,26,305,3000,-0.972041,-0.121408,-0.661863,0.515889,0.098978,2.688888,0.939184,1.0,1.0,1.0,2026
HLA-A*33:01,CMV,3,3,0,26,388,3000,-0.114122,-0.016521,0.000441,1.000442,0.323803,3.091023,0.672609,1.0,1.0,1.0,2011
HLA-A*33:01,DGF,2,2,0,26,211,3000,0.08956,0.012246,0.297871,1.346987,0.363852,4.98658,0.555528,1.0,0.70444,1.0,2004
HLA-A*33:01,DSA,10,8,2,26,652,3000,0.570812,0.100076,0.837344,2.310223,1.060436,5.032957,0.0389309,0.386855,0.0526964,0.451547,2011
HLA-A*33:01,HLA_mismatch_outcome,1,0,1,26,359,3000,-1.135051,-0.141769,-0.845549,0.429322,0.082416,2.236418,0.964158,1.0,1.0,1.0,2011
HLA-A*33:01,IgA_nephropathy,1,0,1,26,121,3000,-0.04752,-0.005935,0.331789,1.393459,0.265803,7.305125,0.658696,1.0,1.0,1.0,2022
HLA-A*33:01,NODAT,1,1,0,26,87,3000,0.282363,0.035267,0.675135,1.964298,0.373281,10.336639,0.536247,1.0,0.536247,1.0,2022
HLA-A*33:01,PTLD,1,1,0,26,104,3000,0.10388,0.012975,0.489805,1.631998,0.310814,8.569156,0.601975,1.0,0.601975,1.0,2019
HLA-A*33:01,acute_rejection,1,1,0,26,377,3000,-1.183974,-0.147879,-0.901442,0.405984,0.077948,2.114526,0.970022,1.0,1.0,1.0,2011
HLA-A*33:01,chronic_rejection,12,11,1,26,345,3000,1.389633,0.251679,1.921039,6.828051,3.177294,14.673581,9.56416e-06,0.000551689,9.56416e-06,0.000434985,1992
HLA-A*33:01,complement_activation,1,1,0,26,289,3000,-0.918156,-0.114678,-0.601914,0.547762,0.105071,2.855613,0.929015,1.0,1.0,1.0,2023
HLA-A*33:01,eGFR,2,2,0,26,292,3000,-0.235336,-0.032179,-0.058736,0.942955,0.255208,3.484083,0.735899,1.0,1.0,1.0,2011
HLA-A*33:01,graft_loss,5,3,2,26,427,3000,0.300925,0.047042,0.435334,1.54548,0.602378,3.965131,0.307486,0.996171,0.404617,1.0,2011
HLA-A*33:01,graft_survival,5,5,0,26,380,3000,0.417538,0.065272,0.571511,1.770941,0.689849,4.54626,0.22618,0.893016,0.366049,1.0,2006
HLA-A*33:01,sensitization,2,1,1,26,344,3000,-0.399223,-0.054589,-0.242965,0.784299,0.212429,2.895677,0.81717,1.0,1.0,1.0,2002
HLA-A*33:01,skin_cancer,3,3,0,26,229,3000,0.413161,0.059811,0.591828,1.807289,0.583162,5.601013,0.318748,1.0,0.444491,1.0,2003
HLA-A*33:03,PTLD,2,2,0,2,104,3000,3.361977,0.459712,4.950834,141.292683,6.739807,2962.046574,0.00119062,0.0240668,0.00119062,0.0219985,2014
HLA-A*33:03,TCMR,1,1,0,2,342,3000,1.47841,0.184654,2.051793,7.781845,0.807169,75.024096,0.215038,0.885232,0.215038,0.902734,2017
HLA-A*33:03,complement_activation,1,1,0,2,289,3000,1.646794,0.205685,2.240193,9.395147,0.97407,90.61855,0.183416,0.844966,0.183416,0.86035,2017
HLA-A*33:03,eGFR,1,1,0,2,292,3000,1.636467,0.204396,2.228741,9.288165,0.963007,89.583998,0.185222,0.844966,0.185222,0.86035,2017
HLA-A*33:03,skin_cancer,1,0,1,2,229,3000,1.879498,0.23475,2.495247,12.124726,1.256106,117.035458,0.146863,0.774909,0.146863,0.798464,2014
HLA-A*68,ABMR,8,7,1,34,669,3000,0.053665,0.009054,0.111464,1.117914,0.513779,2.432431,0.498314,1.0,0.836902,1.0,2014
HLA-A*68,BK_nephropathy,4,4,0,34,305,3000,0.14599,0.022053,0.265728,1.30438,0.48134,3.534726,0.459717,1.0,0.772435,1.0,2001
HLA-A*68,CMV,2,1,1,34,388,3000,-0.787851,-0.10773,-0.666343,0.513583,0.141256,1.867309,0.946394,1.0,1.0,1.0,1997
HLA-A*68,DGF,4,3,1,34,211,3000,0.514443,0.07771,0.674024,1.962117,0.721985,5.332385,0.213815,0.885232,0.296406,1.0,2014
HLA-A*68,DSA,10,2,8,34,652,3000,0.302548,0.053043,0.438596,1.550528,0.748548,3.211736,0.186143,0.844966,0.294963,1.0,2014
HLA-A*68,HLA_mismatch_outcome,4,4,0,34,359,3000,-0.017021,-0.002571,0.080506,1.083835,0.400338,2.934266,0.594082,1.0,1.0,1.0,2004
HLA-A*68,NODAT,1,1,0,34,87,3000,0.014099,0.001761,0.399494,1.491071,0.286448,7.761591,0.634397,1.0,1.0,1.0,2016
HLA-A*68,TCMR,5,5,0,34,342,3000,0.254634,0.039806,0.373341,1.45258,0.580414,3.635316,0.344916,1.0,0.582604,1.0,2014
HLA-A*68,acute_rejection,2,2,0,34,377,3000,-0.759091,-0.103797,-0.633216,0.530882,0.145997,1.930417,0.939786,1.0,1.0,1.0,2016
HLA-A*68,chronic_rejection,5,4,1,34,345,3000,0.245901,0.03844,0.36335,1.438139,0.574675,3.598983,0.351986,1.0,0.584246,1.0,2016
HLA-A*68,eGFR,4,4,0,34,292,3000,0.189548,0.028632,0.314668,1.369804,0.50534,3.713075,0.425411,1.0,0.5674,1.0,2006
HLA-A*68,graft_loss,4,3,1,34,427,3000,-0.190483,-0.028773,-0.120906,0.886117,0.327585,2.396942,0.734261,1.0,1.0,1.0,1997
HLA-A*68,graft_survival,6,4,2,34,380,3000,0.331595,0.053357,0.456684,1.57883,0.668899,3.726578,0.255263,0.928766,0.43106,1.0,2002
HLA-A*68,recurrent_GN,12,12,0,34,359,3000,1.081591,0.195889,1.432187,4.18785,2.078753,8.436831,0.000335835,0.00956927,0.000335835,0.00863315,2004
HLA-A*68,sensitization,5,4,1,34,344,3000,0.248803,0.038894,0.366672,1.442925,0.576577,3.611022,0.349628,1.0,0.583686,1.0,2015
HLA-A*68:01,ABMR,3,3,0,22,669,3000,-0.491847,-0.071202,-0.473607,0.622752,0.198956,1.949276,0.898546,1.0,1.0,1.0,2004
HLA-A*68:01,BK_nephropathy,3,3,0,22,305,3000,0.293626,0.042507,0.462532,1.588091,0.505873,4.985502,0.39049,1.0,0.484208,1.0,2001
HLA-A*68:01,CMV,2,2,0,22,388,3000,-0.352533,-0.048205,-0.200888,0.818004,0.219094,3.054082,0.798321,1.0,1.0,1.0,2021
HLA-A*68:01,DGF,3,3,0,22,211,3000,0.662079,0.095846,0.869193,2.384984,0.757837,7.505775,0.198196,0.860061,0.198196,0.879424,2016
HLA-A*68:01,DSA,6,5,1,22,652,3000,0.22704,0.036533,0.351565,1.421289,0.571059,3.537399,0.33952,1.0,0.602399,1.0,2002
HLA-A*68:01,HLA_mismatch_outcome,1,1,0,22,359,3000,-0.967997,-0.120903,-0.673396,0.509974,0.097073,2.679144,0.940067,1.0,1.0,1.0,2025
HLA-A*68:01,NODAT,1,1,0,22,87,3000,0.449417,0.056132,0.847144,2.332975,0.439625,12.380487,0.477821,1.0,0.477821,1.0,2016
HLA-A*68:01,PTLD,1,1,0,22,104,3000,0.270934,0.03384,0.661822,1.938322,0.366055,10.26372,0.541126,1.0,0.541126,1.0,2004
HLA-A*68:01,TCMR,1,1,0,22,342,3000,-0.919486,-0.114844,-0.618349,0.538833,0.10255,2.831206,0.930942,1.0,1.0,1.0,2025
HLA-A*68:01,acute_rejection,2,1,1,22,377,3000,-0.323773,-0.044272,-0.167781,0.845539,0.226444,3.157229,0.784214,1.0,1.0,1.0,2021
HLA-A*68:01,chronic_rejection,7,6,1,22,345,3000,1.017691,0.167923,1.328262,3.774479,1.566959,9.09194,0.00919206,0.123518,0.00919206,0.116878,2002
HLA-A*68:01,complement_activation,1,1,0,22,289,3000,-0.751102,-0.093813,-0.429801,0.650639,0.123753,3.420767,0.893193,1.0,1.0,1.0,2026
HLA-A*68:01,eGFR,7,7,0,22,292,3000,1.184481,0.195444,1.518418,4.564996,1.892901,11.009128,0.00362856,0.0579835,0.00362856,0.0536347,2004
HLA-A*68:01,graft_loss,3,3,0,22,427,3000,-0.042847,-0.006203,0.077048,1.080094,0.344594,3.385439,0.625078,1.0,1.0,1.0,2002
HLA-A*68:01,graft_survival,2,0,2,22,380,3000,-0.331699,-0.045356,-0.176891,0.837871,0.224397,3.128501,0.788139,1.0,1.0,1.0,2018
HLA-A*68:01,recurrent_GN,1,0,1,22,359,3000,-0.967997,-0.120903,-0.673396,0.509974,0.097073,2.679144,0.940067,1.0,1.0,1.0,2016
HLA-A*68:01,sensitization,4,3,1,22,344,3000,0.460978,0.069633,0.633857,1.884867,0.668632,5.313423,0.240043,0.917127,0.307963,1.0,2019
HLA-A*68:01,skin_cancer,1,0,1,22,229,3000,-0.518397,-0.064748,-0.174586,0.839805,0.159566,4.419926,0.826796,1.0,1.0,1.0,2026
HLA-A*68:02,ABMR,3,2,1,10,669,3000,0.296611,0.042939,0.48708,1.627557,0.456291,5.805371,0.392306,1.0,0.472167,1.0,2000
HLA-A*68:02,CMV,1,1,0,10,388,3000,-0.257223,-0.032127,0.059069,1.060849,0.188948,5.956125,0.750225,1.0,1.0,1.0,2023
HLA-A*68:02,DSA,2,2,0,10,652,3000,-0.083115,-0.011365,0.056603,1.058236,0.257626,4.346849,0.674681,1.0,1.0,1.0,2014
HLA-A*68:02,TCMR,6,6,0,10,342,3000,1.660731,0.26723,2.433138,11.394585,3.407028,38.108447,0.000296154,0.00886588,0.000296154,0.00786972,2000
HLA-A*68:02,acute_rejection,2,2,0,10,377,3000,0.464684,0.06354,0.717177,2.048641,0.498007,8.427444,0.363763,1.0,0.363763,1.0,2016
HLA-A*68:02,complement_activation,2,1,1,10,289,3000,0.730503,0.099888,1.017304,2.765729,0.671593,11.389716,0.249642,0.923998,0.249642,0.973033,2016
HLA-A*68:02,graft_loss,1,1,0,10,427,3000,-0.353002,-0.04409,-0.05192,0.949405,0.169142,5.329056,0.785167,1.0,1.0,1.0,2016
HLA-A*68:02,graft_survival,2,2,0,10,380,3000,0.456758,0.062457,0.708071,2.030072,0.493507,8.350824,0.367629,1.0,0.367629,1.0,2007
HLA-A*68:02,mixed_rejection,1,1,0,10,92,3000,1.181994,0.147632,1.610128,5.003451,0.882984,28.352191,0.267977,0.947933,0.267977,0.992043,2018
HLA-A*68:02,recurrent_GN,2,0,2,10,359,3000,0.513607,0.07023,0.773158,2.166598,0.526588,8.914273,0.34048,1.0,0.34048,1.0,2015
HLA-A*68:02,sensitization,3,1,2,10,344,3000,0.961753,0.139228,1.286638,3.620595,1.012943,12.941217,0.0973226,0.662043,0.0973226,0.656168,2000
HLA-A*68:02,skin_cancer,2,1,1,10,229,3000,0.963208,0.131708,1.273328,3.572721,0.866483,14.7312,0.174242,0.830247,0.174242,0.844431,1995
HLA-A*68:03,ABMR,1,1,0,5,669,3000,-0.108854,-0.013596,0.148901,1.160558,0.1825,7.38025,0.717063,1.0,1.0,1.0,2002
HLA-A*68:03,CMV,2,2,0,5,388,3000,1.129071,0.154388,1.57331,4.822584,0.948156,24.528991,0.127918,0.74698,0.127918,0.760117,2002
HLA-A*68:03,DSA,1,1,0,5,652,3000,-0.083115,-0.010381,0.181938,1.19954,0.188623,7.628423,0.706585,1.0,1.0,1.0,2021
HLA-A*68:03,HLA_mismatch_outcome,2,2,0,5,359,3000,1.206754,0.16501,1.662358,5.271728,1.03621,26.819977,0.111764,0.708638,0.111764,0.706281,2021
HLA-A*68:03,chronic_rejection,1,1,0,5,345,3000,0.553385,0.069118,0.942174,2.565554,0.402872,16.337879,0.45734,1.0,0.45734,1.0,2025
HLA-A*68:03,eGFR,1,1,0,5,292,3000,0.720176,0.08995,1.12902,3.092624,0.485376,19.704987,0.400926,1.0,0.400926,1.0,2025
HLA-A*68:03,recurrent_GN,1,0,1,5,359,3000,0.513607,0.06415,0.897046,2.452348,0.385139,15.615159,0.471508,1.0,0.471508,1.0,2025
HLA-A*68:03,skin_cancer,5,4,1,5,229,3000,2.572646,0.402169,4.911164,135.797327,7.484684,2463.820127,2.48845e-06,0.000183912,2.48845e-06,0.000140124,2002
HLA-B*07,ABMR,47,16,31,206,669,3000,0.022855,0.005499,0.038576,1.03933,0.742724,1.454385,0.45575,1.0,0.862363,1.0,1990
HLA-B*07,BK_nephropathy,32,27,5,206,305,3000,0.423916,0.09336,0.540623,1.717076,1.157108,2.548035,0.0081275,0.113737,0.0117405,0.144617,1997
HLA-B*07,CMV,27,23,4,206,388,3000,0.013323,0.002828,0.030835,1.031315,0.680137,1.563817,0.503045,1.0,0.914447,1.0,1995
HLA-B*07,DGF,9,7,2,206,211,3000,-0.476142,-0.081964,-0.484809,0.615815,0.316208,1.199298,0.962026,1.0,0.156018,0.812737,1995
HLA-B*07,DSA,10,3,7,206,652,3000,-1.498968,-0.262802,-1.720269,0.179018,0.095626,0.335133,1.0,1.0,5.21798e-12,1.12187e-09,2005
HLA-B*07,FSGS,6,6,0,206,70,3000,0.221756,0.035683,0.316563,1.372402,0.604913,3.113649,0.348288,1.0,0.477901,1.0,2008
HLA-B*07,HLA_mismatch_outcome,20,20,0,206,359,3000,-0.209099,-0.041731,-0.229395,0.795015,0.4969,1.271983,0.87601,1.0,0.372795,1.0,1999
HLA-B*07,IgA_nephropathy,9,8,1,206,121,3000,0.079925,0.013759,0.137104,1.146948,0.582344,2.258955,0.45265,1.0,0.715231,1.0,2002
HLA-B*07,NODAT,7,7,0,206,87,3000,0.158493,0.026152,0.237195,1.267688,0.591685,2.716027,0.389058,1.0,0.664253,1.0,1993
HLA-B*07,PTLD,5,5,0,206,104,3000,-0.356462,-0.055724,-0.30186,0.739442,0.309671,1.765663,0.853616,1.0,0.552159,1.0,2014
HLA-B*07,TCMR,31,28,3,206,342,3000,0.277668,0.060727,0.358373,1.431,0.96197,2.128715,0.0592904,0.49901,0.0890515,0.618897,1997
HLA-B*07,acute_rejection,25,22,3,206,377,3000,-0.034878,-0.007285,-0.02685,0.973507,0.633726,1.495465,0.610437,1.0,0.913568,1.0,1990
HLA-B*07,chronic_rejection,28,25,3,206,345,3000,0.167151,0.035761,0.219843,1.245881,0.824956,1.881578,0.192405,0.857582,0.310177,1.0,1995
HLA-B*07,complement_activation,23,13,10,206,289,3000,0.147559,0.030294,0.194793,1.215059,0.776621,1.901016,0.252663,0.925285,0.461879,1.0,2005
HLA-B*07,eGFR,15,13,2,206,292,3000,-0.290212,-0.054774,-0.308847,0.734293,0.431243,1.250307,0.916269,1.0,0.271985,0.992043,2000
HLA-B*07,graft_loss,28,27,1,206,427,3000,-0.046088,-0.00986,-0.043551,0.957384,0.635807,1.441607,0.639674,1.0,0.836955,1.0,1995
HLA-B*07,graft_survival,25,24,1,206,380,3000,-0.042804,-0.008941,-0.036554,0.964106,0.627673,1.480868,0.627379,1.0,0.913582,1.0,1993
HLA-B*07,mixed_rejection,10,10,0,206,92,3000,0.459288,0.080523,0.563541,1.756882,0.909565,3.393528,0.0965081,0.662043,0.138181,0.779948,1995
HLA-B*07,recurrent_GN,24,24,0,206,359,3000,-0.026777,-0.005546,-0.015986,0.984141,0.635805,1.52332,0.592107,1.0,1.0,1.0,1990
HLA-B*07,sensitization,26,21,5,206,344,3000,0.095946,0.020207,0.132393,1.141557,0.746986,1.744546,0.327777,1.0,0.571468,1.0,1993
HLA-B*07,skin_cancer,12,11,1,206,229,3000,-0.270324,-0.048959,-0.272327,0.761605,0.422848,1.371751,0.877506,1.0,0.413141,1.0,1995
HLA-B*07:02,ABMR,7,7,0,44,669,3000,-0.337696,-0.055721,-0.367188,0.692679,0.314762,1.524343,0.890344,1.0,0.364902,1.0,2008
HLA-B*07:02,BK_nephropathy,9,8,1,44,305,3000,0.699091,0.120343,0.875981,2.40123,1.161878,4.962573,0.0297216,0.319507,0.0383433,0.367133,2002
HLA-B*07:02,CMV,4,4,0,44,388,3000,-0.352533,-0.053252,-0.296535,0.74339,0.279055,1.980353,0.839898,1.0,1.0,1.0,2001
HLA-B*07:02,DGF,4,4,0,44,211,3000,0.256614,0.038763,0.386818,1.472289,0.550305,3.938969,0.374696,1.0,0.547478,1.0,2001
HLA-B*07:02,DSA,7,6,1,44,652,3000,-0.311956,-0.051474,-0.333811,0.716189,0.325416,1.57622,0.872944,1.0,0.46105,1.0,2013
HLA-B*07:02,FSGS,3,3,0,44,70,3000,1.072295,0.155231,1.283781,3.610263,1.181114,11.03535,0.0816974,0.605246,0.0816974,0.592368,1998
HLA-B*07:02,HLA_mismatch_outcome,7,6,1,44,359,3000,0.284766,0.046987,0.390507,1.47773,0.66942,3.262061,0.268918,0.947933,0.357043,1.0,2012
HLA-B*07:02,NODAT,2,1,1,44,87,3000,0.449417,0.061453,0.68086,1.975576,0.541885,7.202447,0.366745,1.0,0.366745,1.0,2014
HLA-B*07:02,TCMR,6,5,1,44,342,3000,0.179127,0.028823,0.273666,1.314776,0.568252,3.042022,0.38667,1.0,0.630495,1.0,1998
HLA-B*07:02,acute_rejection,4,4,0,44,377,3000,-0.323773,-0.048908,-0.263242,0.768556,0.28846,2.047695,0.822304,1.0,1.0,1.0,2001
HLA-B*07:02,chronic_rejection,6,6,0,44,345,3000,0.170393,0.027418,0.263645,1.301666,0.562619,3.011511,0.394935,1.0,0.632462,1.0,2000
HLA-B*07:02,complement_activation,7,7,0,44,289,3000,0.501661,0.082776,0.638401,1.893451,0.856304,4.18678,0.124807,0.735184,0.189447,0.866618,2015
HLA-B*07:02,eGFR,5,5,0,44,292,3000,0.154862,0.024209,0.256871,1.292878,0.525491,3.180903,0.429201,1.0,0.612081,1.0,2007
HLA-B*07:02,graft_loss,5,5,0,44,427,3000,-0.225168,-0.035199,-0.17999,0.835278,0.340291,2.050271,0.771655,1.0,0.827121,1.0,2011
HLA-B*07:02,graft_survival,4,4,0,44,380,3000,-0.331699,-0.050105,-0.272404,0.761546,0.285841,2.028937,0.827247,1.0,1.0,1.0,2002
HLA-B*07:02,mixed_rejection,1,1,0,44,92,3000,-0.299611,-0.037422,0.076863,1.079894,0.20928,5.572309,0.748555,1.0,1.0,1.0,2024
HLA-B*07:02,recurrent_GN,2,2,0,44,359,3000,-0.967997,-0.132363,-0.849274,0.427725,0.118884,1.538887,0.975129,1.0,1.0,1.0,2018
HLA-B*07:02,sensitization,4,3,1,44,344,3000,-0.232169,-0.035071,-0.158047,0.85381,0.320298,2.275976,0.760387,1.0,1.0,1.0,2010
HLA-B*07:02,skin_cancer,4,3,1,44,229,3000,0.17475,0.026397,0.297061,1.345898,0.503439,3.598135,0.436145,1.0,0.575057,1.0,1995
HLA-B*07:05,ABMR,2,2,0,6,669,3000,0.401971,0.054965,0.661224,1.937162,0.411792,9.112854,0.401062,1.0,0.620799,1.0,2016
HLA-B*07:05,BK_nephropathy,2,2,0,6,305,3000,1.187444,0.162369,1.594686,4.92678,1.045054,23.22671,0.117397,0.719288,0.117397,0.721156,2018
HLA-B*07:05,DGF,2,1,1,6,211,3000,1.555897,0.212751,1.999672,7.386635,1.56399,34.88665,0.0611745,0.511229,0.0611745,0.495472,1998
HLA-B*07:05,NODAT,1,1,0,6,87,3000,1.7487,0.218414,2.215965,9.170257,1.488732,56.486745,0.161988,0.806008,0.161988,0.825074,2019
HLA-B*07:05,TCMR,2,1,1,6,342,3000,1.072945,0.146713,1.46581,4.331049,0.919091,20.409284,0.142676,0.770216,0.142676,0.791862,2016
HLA-B*07:05,chronic_rejection,6,6,0,6,345,3000,2.162823,0.348022,4.621864,101.683358,5.715333,1809.081858,2.22524e-06,0.000169764,2.22524e-06,0.000128358,1998
HLA-B*07:05,eGFR,1,1,0,6,292,3000,0.537854,0.067178,0.92798,2.529393,0.41417,15.447354,0.459333,1.0,0.459333,1.0,2019
HLA-B*07:05,graft_loss,1,1,0,6,427,3000,0.157824,0.019712,0.496182,1.642438,0.269242,10.019246,0.602305,1.0,0.602305,1.0,2018
HLA-B*07:05,graft_survival,1,1,0,6,380,3000,0.274437,0.034277,0.631073,1.879626,0.308031,11.469597,0.556631,1.0,0.556631,1.0,2019
HLA-B*07:05,sensitization,1,1,0,6,344,3000,0.373966,0.046709,0.744411,2.1052,0.344899,12.849762,0.518763,1.0,0.518763,1.0,2022
HLA-B*08,ABMR,14,13,1,71,669,3000,-0.123039,-0.022924,-0.133519,0.875011,0.488697,1.566704,0.744929,1.0,0.667091,1.0,2001
HLA-B*08,BK_nephropathy,3,3,0,71,305,3000,-0.878012,-0.127105,-0.812364,0.443808,0.150614,1.307745,0.980821,1.0,1.0,1.0,1998
HLA-B*08,CMV,7,6,1,71,388,3000,-0.271407,-0.044783,-0.252613,0.776769,0.3619,1.667225,0.831134,1.0,0.590114,1.0,2005
HLA-B*08,DGF,4,4,0,71,211,3000,-0.221876,-0.033516,-0.133876,0.874699,0.333366,2.295067,0.747598,1.0,1.0,1.0,1991
HLA-B*08,DSA,8,8,0,71,652,3000,-0.656915,-0.110836,-0.745108,0.474683,0.230782,0.97635,0.99319,1.0,0.0287635,0.295915,1997
HLA-B*08,FSGS,2,2,0,71,70,3000,0.18834,0.025753,0.407231,1.502652,0.416015,5.427602,0.498057,1.0,0.681398,1.0,1998
HLA-B*08,HLA_mismatch_outcome,9,9,0,71,359,3000,0.05759,0.009914,0.112115,1.118642,0.560194,2.233799,0.481362,1.0,0.852694,1.0,1997
HLA-B*08,IgA_nephropathy,2,2,0,71,121,3000,-0.358956,-0.049083,-0.167235,0.846001,0.236417,3.027352,0.789362,1.0,1.0,1.0,2018
HLA-B*08,NODAT,5,5,0,71,87,3000,0.887217,0.138694,1.048945,2.854637,1.16439,6.99847,0.0532091,0.473081,0.0532091,0.454295,2006
HLA-B*08,PTLD,5,3,2,71,104,3000,0.708735,0.110793,0.855597,2.352779,0.963958,5.74254,0.0977032,0.662086,0.0977032,0.656444,2012
HLA-B*08,TCMR,13,12,1,71,342,3000,0.473826,0.087078,0.599546,1.821291,0.996751,3.327913,0.0545256,0.477452,0.0851505,0.602937,2001
HLA-B*08,acute_rejection,11,8,3,71,377,3000,0.209338,0.037325,0.284834,1.329541,0.701095,2.521312,0.274085,0.947933,0.46665,1.0,1990
HLA-B*08,chronic_rejection,5,4,1,71,345,3000,-0.490419,-0.076665,-0.463649,0.628984,0.261694,1.511771,0.924692,1.0,0.343457,1.0,2015
HLA-B*08,complement_activation,5,5,0,71,289,3000,-0.313301,-0.048977,-0.262572,0.769071,0.319579,1.850778,0.828973,1.0,0.681818,1.0,2007
HLA-B*08,eGFR,6,5,1,71,292,3000,-0.141307,-0.022738,-0.088127,0.915644,0.405225,2.068985,0.703544,1.0,0.841272,1.0,2002
HLA-B*08,graft_loss,9,7,2,71,427,3000,-0.115872,-0.019946,-0.091916,0.912182,0.457378,1.819228,0.699674,1.0,0.86353,1.0,1990
HLA-B*08,graft_survival,8,7,1,71,380,3000,-0.117042,-0.019748,-0.084425,0.91904,0.445532,1.895792,0.694036,1.0,0.857331,1.0,1990
HLA-B*08,mixed_rejection,2,2,0,71,92,3000,-0.084954,-0.011616,0.120997,1.128622,0.314128,4.054992,0.647828,1.0,1.0,1.0,2008
HLA-B*08,recurrent_GN,9,7,2,71,359,3000,0.05759,0.009914,0.112115,1.118642,0.560194,2.233799,0.481362,1.0,0.852694,1.0,2007
HLA-B*08,sensitization,38,30,8,71,344,3000,1.540632,0.352646,2.28616,9.837087,6.0994,15.865212,1.5299e-18,1.8091e-15,1.5299e-18,1.8091e-15,1990
HLA-B*08,skin_cancer,2,2,0,71,229,3000,-0.996887,-0.136313,-0.850254,0.427307,0.120128,1.519972,0.976683,1.0,1.0,1.0,2006
HLA-B*08:01,ABMR,8,7,1,45,669,3000,-0.226637,-0.038239,-0.240515,0.786223,0.37154,1.663744,0.818526,1.0,0.588716,1.0,1993
HLA-B*08:01,BK_nephropathy,2,2,0,45,305,3000,-0.82746,-0.113146,-0.688594,0.502282,0.139617,1.806991,0.952237,1.0,1.0,1.0,1998
HLA-B*08:01,CMV,8,6,2,45,388,3000,0.318141,0.053677,0.428038,1.534244,0.723047,3.255535,0.218807,0.888334,0.366231,1.0,1999
HLA-B*08:01,DGF,3,3,0,45,211,3000,-0.053541,-0.007751,0.081767,1.085202,0.361592,3.256889,0.623551,1.0,1.0,1.0,2014
HLA-B*08:01,DSA,7,6,1,45,652,3000,-0.334429,-0.055182,-0.360561,0.697285,0.317361,1.532027,0.887526,1.0,0.366624,1.0,2012
HLA-B*08:01,FSGS,1,1,0,45,70,3000,-0.04879,-0.006094,0.336449,1.399968,0.270378,7.248784,0.657131,1.0,1.0,1.0,1998
HLA-B*08:01,HLA_mismatch_outcome,9,8,1,45,359,3000,0.513607,0.088414,0.659999,1.93479,0.939375,3.985003,0.0810914,0.604988,0.103376,0.677242,2002
HLA-B*08:01,IgA_nephropathy,3,3,0,45,121,3000,0.502527,0.072748,0.679025,1.971953,0.652914,5.955758,0.271853,0.947933,0.426497,1.0,1999
HLA-B*08:01,NODAT,3,3,0,45,87,3000,0.832409,0.120504,1.029097,2.798538,0.921167,8.502062,0.140365,0.764892,0.140365,0.790388,2014
HLA-B*08:01,PTLD,1,0,1,45,104,3000,-0.444686,-0.055542,-0.073645,0.929002,0.180414,4.7837,0.798033,1.0,1.0,1.0,2025
HLA-B*08:01,TCMR,10,10,0,45,342,3000,0.667479,0.117024,0.847467,2.333729,1.161303,4.689809,0.0268242,0.296446,0.0309536,0.314186,2007
HLA-B*08:01,acute_rejection,8,7,1,45,377,3000,0.346901,0.05853,0.461635,1.586667,0.747606,3.367429,0.196437,0.858732,0.261309,0.985641,1994
HLA-B*08:01,chronic_rejection,4,4,0,45,345,3000,-0.257545,-0.038904,-0.186136,0.830161,0.311795,2.210321,0.778001,1.0,1.0,1.0,2015
HLA-B*08:01,complement_activation,2,2,0,45,289,3000,-0.773574,-0.105778,-0.628421,0.533433,0.148236,1.919582,0.940566,1.0,1.0,1.0,2010
HLA-B*08:01,eGFR,2,2,0,45,292,3000,-0.783902,-0.10719,-0.639927,0.527331,0.146548,1.897522,0.942938,1.0,1.0,1.0,2016
HLA-B*08:01,graft_loss,5,3,2,45,427,3000,-0.247641,-0.038712,-0.205386,0.814333,0.332202,1.996186,0.788775,1.0,0.67065,1.0,2012
HLA-B*08:01,graft_survival,4,3,1,45,380,3000,-0.354172,-0.0535,-0.297183,0.742908,0.279171,1.976972,0.840478,1.0,1.0,1.0,2010
HLA-B*08:01,recurrent_GN,4,4,0,45,359,3000,-0.297323,-0.044912,-0.231682,0.793198,0.297979,2.111437,0.804925,1.0,1.0,1.0,2014
HLA-B*08:01,sensitization,8,7,1,45,344,3000,0.438505,0.073985,0.567866,1.764497,0.830844,3.747334,0.136193,0.747323,0.232134,0.940065,2015
HLA-B*08:01,skin_cancer,2,1,1,45,229,3000,-0.54087,-0.073958,-0.372113,0.689276,0.191282,2.483773,0.869519,1.0,1.0,1.0,2020
HLA-B*13,ABMR,4,3,1,22,669,3000,-0.204165,-0.03084,-0.167715,0.845595,0.300733,2.377623,0.757272,1.0,1.0,1.0,2010
HLA-B*13,BK_nephropathy,4,4,0,22,305,3000,0.581308,0.08781,0.770175,2.160145,0.765752,6.093654,0.17866,0.843119,0.272378,0.992043,1996
HLA-B*13,CMV,4,2,2,22,388,3000,0.340614,0.051452,0.495512,1.641338,0.582599,4.62409,0.315061,1.0,0.51674,1.0,2004
HLA-B*13,DSA,4,4,0,22,652,3000,-0.178425,-0.026952,-0.134517,0.874138,0.310864,2.458045,0.737121,1.0,1.0,1.0,2002
HLA-B*13,HLA_mismatch_outcome,2,1,1,22,359,3000,-0.27485,-0.037583,-0.111768,0.894252,0.239444,3.339762,0.759398,1.0,1.0,1.0,1996
HLA-B*13,NODAT,1,0,1,22,87,3000,0.449417,0.056132,0.847144,2.332975,0.439625,12.380487,0.477821,1.0,0.477821,1.0,2022
HLA-B*13,TCMR,4,3,1,22,342,3000,0.466809,0.070514,0.640506,1.897441,0.673071,5.349037,0.236756,0.914736,0.305814,1.0,2013
HLA-B*13,acute_rejection,1,1,0,22,377,3000,-1.01692,-0.127014,-0.729278,0.482257,0.091811,2.533151,0.94847,1.0,1.0,1.0,2020
HLA-B*13,chronic_rejection,2,2,0,22,345,3000,-0.235072,-0.032143,-0.066493,0.935669,0.250493,3.495013,0.73855,1.0,1.0,1.0,2002
HLA-B*13,complement_activation,4,1,3,22,289,3000,0.635193,0.09595,0.830661,2.294836,0.813222,6.475812,0.155436,0.792923,0.155436,0.812737,2013
HLA-B*13,eGFR,2,2,0,22,292,3000,-0.068282,-0.009337,0.121001,1.128626,0.30192,4.218983,0.646591,1.0,1.0,1.0,2002
HLA-B*13,graft_loss,8,6,2,22,427,3000,0.937983,0.158258,1.274421,3.576631,1.524179,8.392901,0.00808647,0.113737,0.00808647,0.107441,2002
HLA-B*13,graft_survival,3,2,1,22,380,3000,0.073766,0.010679,0.212621,1.236916,0.394437,3.878847,0.540773,1.0,0.752634,1.0,2002
HLA-B*13,recurrent_GN,5,4,1,22,359,3000,0.641441,0.100273,0.844485,2.326778,0.886892,6.10435,0.113459,0.71175,0.173392,0.843424,2002
HLA-B*13,sensitization,4,4,0,22,344,3000,0.460978,0.069633,0.633857,1.884867,0.668632,5.313423,0.240043,0.917127,0.307963,1.0,1996
HLA-B*13,skin_cancer,2,2,0,22,229,3000,0.17475,0.023895,0.388617,1.47494,0.394021,5.521148,0.509486,1.0,0.68269,1.0,2002
HLA-B*13:02,ABMR,6,6,0,22,669,3000,0.201301,0.032392,0.318294,1.37478,0.552415,3.421381,0.36415,1.0,0.606878,1.0,2003
HLA-B*13:02,BK_nephropathy,1,1,0,22,305,3000,-0.804987,-0.100543,-0.489741,0.612785,0.116578,3.221078,0.906282,1.0,1.0,1.0,1996
HLA-B*13:02,CMV,2,2,0,22,388,3000,-0.352533,-0.048205,-0.200888,0.818004,0.219094,3.054082,0.798321,1.0,1.0,1.0,2023
HLA-B*13:02,DGF,3,3,0,22,211,3000,0.662079,0.095846,0.869193,2.384984,0.757837,7.505775,0.198196,0.860061,0.198196,0.879424,2003
HLA-B*13:02,DSA,5,4,1,22,652,3000,0.044718,0.006991,0.123696,1.131671,0.432414,2.961698,0.538397,1.0,1.0,1.0,2002
HLA-B*13:02,HLA_mismatch_outcome,3,3,0,22,359,3000,0.130615,0.018908,0.277898,1.320351,0.420935,4.141554,0.500284,1.0,0.740887,1.0,1996
HLA-B*13:02,NODAT,2,1,1,22,87,3000,1.142564,0.156233,1.417572,4.127086,1.090949,15.612868,0.132229,0.747323,0.132229,0.771821,2022
HLA-B*13:02,TCMR,2,2,0,22,342,3000,-0.226338,-0.030949,-0.056583,0.944988,0.252979,3.529949,0.733901,1.0,1.0,1.0,2007
HLA-B*13:02,acute_rejection,3,2,1,22,377,3000,0.081692,0.011826,0.221753,1.248263,0.398042,3.914565,0.535085,1.0,0.750872,1.0,2008
HLA-B*13:02,chronic_rejection,4,3,1,22,345,3000,0.458075,0.069195,0.630546,1.878636,0.666432,5.295773,0.241691,0.918581,0.309049,1.0,2002
HLA-B*13:02,complement_activation,6,6,0,22,289,3000,1.040658,0.167454,1.320569,3.745551,1.498853,9.359926,0.0149865,0.183643,0.0149865,0.172054,2008
HLA-B*13:02,eGFR,2,2,0,22,292,3000,-0.068282,-0.009337,0.121001,1.128626,0.30192,4.218983,0.646591,1.0,1.0,1.0,2007
HLA-B*13:02,graft_loss,5,5,0,22,427,3000,0.467979,0.073157,0.642752,1.901708,0.72551,4.984758,0.194101,0.857582,0.227786,0.927217,2002
HLA-B*13:02,recurrent_GN,11,11,0,22,359,3000,1.429898,0.254953,2.021291,7.548063,3.3079,17.223394,1.28652e-05,0.000691502,1.28652e-05,0.000553201,2002
HLA-B*13:02,sensitization,12,11,1,22,344,3000,1.55959,0.28246,2.248707,9.475474,4.138506,21.694932,9.55304e-07,9.41373e-05,9.55304e-07,7.0603e-05,1996
HLA-B*13:02,skin_cancer,3,3,0,22,229,3000,0.580215,0.083995,0.779868,2.181185,0.693519,6.860043,0.233353,0.912198,0.233353,0.941347,2002
HLA-B*15,ABMR,13,13,0,70,669,3000,-0.182962,-0.033624,-0.206502,0.813424,0.446821,1.480814,0.815701,1.0,0.560958,1.0,1995
HLA-B*15,BK_nephropathy,7,5,2,70,305,3000,-0.016529,-0.002727,0.040782,1.041625,0.484129,2.241102,0.578207,1.0,1.0,1.0,2006
HLA-B*15,CMV,7,7,0,70,388,3000,-0.257223,-0.042443,-0.236595,0.789311,0.367518,1.695185,0.819884,1.0,0.588804,1.0,2002
HLA-B*15,DGF,4,4,0,70,211,3000,-0.207691,-0.031373,-0.118583,0.888178,0.338354,2.331469,0.737412,1.0,1.0,1.0,1994
HLA-B*15,DSA,17,14,3,70,652,3000,0.111041,0.021465,0.166813,1.181533,0.683837,2.041454,0.344733,1.0,0.56076,1.0,1990
HLA-B*15,HLA_mismatch_outcome,8,7,1,70,359,3000,-0.046009,-0.007763,-0.001959,0.998043,0.483306,2.060991,0.612071,1.0,1.0,1.0,1996
HLA-B*15,IgA_nephropathy,1,1,0,70,121,3000,-1.037918,-0.129637,-0.686394,0.503388,0.09885,2.563471,0.945862,1.0,1.0,1.0,1991
HLA-B*15,NODAT,1,1,0,70,87,3000,-0.708036,-0.088434,-0.342863,0.709735,0.138836,3.628183,0.875624,1.0,1.0,1.0,2026
HLA-B*15,PTLD,3,2,1,70,104,3000,0.212094,0.030704,0.368432,1.445466,0.48474,4.310294,0.440417,1.0,0.734149,1.0,1999
HLA-B*15,TCMR,4,4,0,70,342,3000,-0.690644,-0.104326,-0.657271,0.518264,0.198162,1.355443,0.966655,1.0,1.0,1.0,2016
HLA-B*15,acute_rejection,6,5,1,70,377,3000,-0.382613,-0.061567,-0.364845,0.694304,0.307668,1.566815,0.890604,1.0,0.365683,1.0,1996
HLA-B*15,chronic_rejection,10,10,0,70,345,3000,0.216913,0.03803,0.294644,1.342649,0.690453,2.610905,0.280316,0.948905,0.447354,1.0,1991
HLA-B*15,complement_activation,4,4,0,70,289,3000,-0.52226,-0.07889,-0.466751,0.627036,0.239493,1.641692,0.91736,1.0,1.0,1.0,2012
HLA-B*15,eGFR,7,7,0,70,292,3000,0.027029,0.00446,0.090236,1.094433,0.508481,2.355609,0.529867,1.0,0.839678,1.0,2007
HLA-B*15,graft_loss,14,12,2,70,427,3000,0.340146,0.063374,0.446272,1.562477,0.869334,2.808279,0.113175,0.71175,0.16595,0.831681,2006
HLA-B*15,graft_survival,9,7,2,70,380,3000,0.014926,0.002569,0.062273,1.064253,0.532806,2.125791,0.535803,1.0,1.0,1.0,1990
HLA-B*15,recurrent_GN,18,17,1,70,359,3000,0.764922,0.149516,0.98283,2.672007,1.554289,4.593498,0.00104928,0.0221567,0.00116867,0.0219985,1995
HLA-B*15,sensitization,11,9,2,70,344,3000,0.315126,0.056187,0.409033,1.505361,0.792518,2.85938,0.171891,0.827873,0.254202,0.973033,1994
HLA-B*15,skin_cancer,7,6,1,70,229,3000,0.27006,0.044561,0.363086,1.43776,0.666353,3.10219,0.283952,0.956115,0.48952,1.0,1990
HLA-B*15:01,ABMR,5,3,2,38,669,3000,-0.527565,-0.082472,-0.56582,0.567894,0.229537,1.405017,0.948278,1.0,0.237917,0.952071,2014
HLA-B*15:01,BK_nephropathy,3,1,2,38,305,3000,-0.252918,-0.036614,-0.142582,0.867117,0.287337,2.616756,0.758535,1.0,1.0,1.0,2014
HLA-B*15:01,CMV,2,2,0,38,388,3000,-0.899077,-0.122939,-0.783966,0.456591,0.126213,1.651772,0.966359,1.0,1.0,1.0,2015
HLA-B*15:01,DSA,7,6,1,38,652,3000,-0.165353,-0.027284,-0.156865,0.854819,0.383669,1.904549,0.750468,1.0,0.842844,1.0,2011
HLA-B*15:01,HLA_mismatch_outcome,3,2,1,38,359,3000,-0.415929,-0.060212,-0.32734,0.720838,0.23907,2.173457,0.850733,1.0,1.0,1.0,2015
HLA-B*15:01,IgA_nephropathy,3,3,0,38,121,3000,0.671603,0.097225,0.86146,2.366613,0.777318,7.205363,0.196049,0.858622,0.196049,0.878196,1991
HLA-B*15:01,PTLD,3,3,0,38,104,3000,0.823003,0.119142,1.022273,2.779505,0.910715,8.483054,0.14297,0.770216,0.14297,0.791862,2016
HLA-B*15:01,TCMR,5,5,0,38,342,3000,0.143409,0.022418,0.244664,1.277192,0.514697,3.169283,0.439796,1.0,0.614313,1.0,2016
HLA-B*15:01,acute_rejection,2,2,0,38,377,3000,-0.870317,-0.119006,-0.750833,0.471973,0.130451,1.707607,0.961582,1.0,1.0,1.0,2016
HLA-B*15:01,chronic_rejection,4,4,0,38,345,3000,-0.088469,-0.013364,0.001272,1.001273,0.372491,2.691468,0.651568,1.0,1.0,1.0,1991
HLA-B*15:01,complement_activation,8,7,1,38,289,3000,0.781796,0.131906,0.976339,2.654719,1.2291,5.733894,0.0252991,0.28628,0.0252991,0.270735,2012
HLA-B*15:01,eGFR,5,2,3,38,292,3000,0.301466,0.047127,0.423871,1.527865,0.615055,3.795387,0.308767,0.998951,0.411364,1.0,2007
HLA-B*15:01,graft_loss,8,7,1,38,427,3000,0.391439,0.066044,0.524572,1.689736,0.784574,3.639181,0.162686,0.806609,0.239389,0.952074,2016
HLA-B*15:01,graft_survival,8,6,2,38,380,3000,0.508052,0.085719,0.661709,1.938101,0.899233,4.177153,0.0987061,0.666971,0.135762,0.771821,2012
HLA-B*15:01,recurrent_GN,5,2,3,38,359,3000,0.094897,0.014835,0.189025,1.208071,0.486985,2.996879,0.483959,1.0,0.800332,1.0,1995
HLA-B*15:01,sensitization,3,3,0,38,344,3000,-0.373248,-0.054033,-0.278615,0.756831,0.250954,2.282461,0.828624,1.0,1.0,1.0,2019
HLA-B*15:01,skin_cancer,1,1,0,38,229,3000,-1.064941,-0.133012,-0.736708,0.478687,0.093079,2.461792,0.952016,1.0,1.0,1.0,2011
HLA-B*15:02,ABMR,4,2,2,18,669,3000,-0.003494,-0.000528,0.077634,1.080727,0.373991,3.122996,0.594983,1.0,1.0,1.0,2011
HLA-B*15:02,BK_nephropathy,3,3,0,18,305,3000,0.494296,0.071557,0.6936,2.000906,0.623498,6.42123,0.274396,0.947933,0.418726,1.0,2015
HLA-B*15:02,CMV,1,1,0,18,388,3000,-0.84501,-0.105542,-0.554917,0.57412,0.107977,3.052634,0.917959,1.0,1.0,1.0,2019
HLA-B*15:02,DGF,2,2,0,18,211,3000,0.457285,0.062529,0.696072,2.005858,0.526485,7.642132,0.364698,1.0,0.364698,1.0,2011
HLA-B*15:02,DSA,5,3,2,18,652,3000,0.245389,0.03836,0.384921,1.469498,0.543147,3.975763,0.350532,1.0,0.565825,1.0,2005
HLA-B*15:02,HLA_mismatch_outcome,2,1,1,18,359,3000,-0.074179,-0.010143,0.106822,1.112736,0.292886,4.227517,0.653236,1.0,1.0,1.0,2015
HLA-B*15:02,PTLD,1,1,0,18,104,3000,0.471605,0.058904,0.869065,2.384679,0.444887,12.782328,0.471076,1.0,0.471076,1.0,2024
HLA-B*15:02,TCMR,2,2,0,18,342,3000,-0.025668,-0.00351,0.161996,1.175855,0.309439,4.468205,0.625449,1.0,1.0,1.0,2018
HLA-B*15:02,acute_rejection,1,1,0,18,377,3000,-0.816249,-0.10195,-0.52189,0.593398,0.111593,3.155404,0.911491,1.0,1.0,1.0,2009
HLA-B*15:02,chronic_rejection,2,1,1,18,345,3000,-0.034401,-0.004704,0.152088,1.164263,0.306399,4.423992,0.630462,1.0,1.0,1.0,2021
HLA-B*15:02,complement_activation,2,2,0,18,289,3000,0.142716,0.019515,0.351046,1.420553,0.373547,5.402195,0.529253,1.0,0.689865,1.0,2010
HLA-B*15:02,eGFR,7,6,1,18,292,3000,1.385152,0.228556,1.818395,6.161958,2.436142,15.586012,0.000953274,0.0208871,0.000953274,0.019117,2009
HLA-B*15:02,graft_loss,3,2,1,18,427,3000,0.157824,0.022847,0.308187,1.360956,0.424737,4.360819,0.483222,1.0,0.733756,1.0,2021
HLA-B*15:02,graft_survival,3,3,0,18,380,3000,0.274437,0.039729,0.443732,1.558513,0.486162,4.996196,0.403631,1.0,0.49033,1.0,2005
HLA-B*15:02,recurrent_GN,3,2,1,18,359,3000,0.331286,0.047959,0.508996,1.66362,0.518819,5.334488,0.367344,1.0,0.467489,1.0,2009
HLA-B*15:02,sensitization,3,2,1,18,344,3000,0.373966,0.054137,0.557677,1.746611,0.544592,5.601721,0.341359,1.0,0.452287,1.0,2005
HLA-B*15:02,skin_cancer,3,2,1,18,229,3000,0.780886,0.113045,1.010895,2.74806,0.85477,8.834931,0.153519,0.791914,0.153519,0.812737,2011
HLA-B*15:11,CMV,1,1,0,2,388,3000,1.352215,0.168892,1.907964,6.739355,0.699239,64.954762,0.241977,0.918581,0.241977,0.955385,2015
HLA-B*15:11,NODAT,2,2,0,2,87,3000,3.540459,0.484118,5.138032,170.380117,8.117374,3576.203865,0.000831611,0.019282,0.000831611,0.0177185,2015
HLA-B*15:11,chronic_rejection,1,1,0,2,345,3000,1.469676,0.183563,2.041918,7.70537,0.799253,74.285231,0.216809,0.885232,0.216809,0.902734,2022
HLA-B*15:11,graft_loss,1,1,0,2,427,3000,1.256436,0.15693,1.797021,6.031653,0.625934,58.122498,0.264449,0.947933,0.264449,0.986959,2022
HLA-B*15:11,recurrent_GN,1,0,1,2,359,3000,1.429898,0.178595,1.996795,7.365411,0.764063,71.001086,0.225048,0.890479,0.225048,0.920829,2015
HLA-B*15:17,CMV,6,6,0,6,388,3000,2.045362,0.329122,4.486284,88.79085,4.991764,1579.364561,4.52445e-06,0.000305724,4.52445e-06,0.000237785,1995
HLA-B*15:17,DGF,1,1,0,6,211,3000,0.86275,0.107758,1.283055,3.607644,0.589906,22.063012,0.354644,1.0,0.354644,1.0,2008
HLA-B*15:17,TCMR,2,2,0,6,342,3000,1.072945,0.146713,1.46581,4.331049,0.919091,20.409284,0.142676,0.770216,0.142676,0.791862,2010
HLA-B*15:17,acute_rejection,1,1,0,6,377,3000,0.282363,0.035267,0.640156,1.896777,0.310835,11.574502,0.553574,1.0,0.553574,1.0,1995
HLA-B*15:17,chronic_rejection,1,1,0,6,345,3000,0.371064,0.046346,0.741127,2.098298,0.343771,12.807517,0.51985,1.0,0.51985,1.0,2002
HLA-B*15:17,eGFR,1,1,0,6,292,3000,0.537854,0.067178,0.92798,2.529393,0.41417,15.447354,0.459333,1.0,0.459333,1.0,2014
HLA-B*15:17,graft_loss,1,1,0,6,427,3000,0.157824,0.019712,0.496182,1.642438,0.269242,10.019246,0.602305,1.0,0.602305,1.0,1995
HLA-B*15:17,skin_cancer,1,0,1,6,229,3000,0.780886,0.097533,1.194519,3.301969,0.540136,20.185653,0.379257,1.0,0.379257,1.0,2012
HLA-B*18,ABMR,9,3,6,45,669,3000,-0.108854,-0.018738,-0.100312,0.904555,0.440687,1.856694,0.701947,1.0,0.857152,1.0,2003
HLA-B*18,CMV,6,4,2,45,388,3000,0.030459,0.004901,0.101795,1.107156,0.479625,2.555735,0.535347,1.0,0.825393,1.0,2001
HLA-B*18,DGF,6,6,0,45,211,3000,0.639606,0.10292,0.789593,2.202501,0.949283,5.110186,0.0923233,0.646291,0.128948,0.760858,1999
HLA-B*18,DSA,8,8,0,45,652,3000,-0.200898,-0.033896,-0.207098,0.81294,0.384129,1.720442,0.793784,1.0,0.589536,1.0,1998
HLA-B*18,HLA_mismatch_outcome,5,4,1,45,359,3000,-0.074179,-0.011596,-0.003419,0.996587,0.406166,2.445271,0.640181,1.0,1.0,1.0,2009
HLA-B*18,IgA_nephropathy,1,1,0,45,121,3000,-0.596085,-0.074451,-0.2317,0.793184,0.154284,4.077821,0.845356,1.0,1.0,1.0,2022
HLA-B*18,NODAT,2,2,0,45,87,3000,0.426944,0.05838,0.657255,1.929488,0.529669,7.028775,0.377274,1.0,0.377274,1.0,2003
HLA-B*18,PTLD,2,2,0,45,104,3000,0.248461,0.033974,0.469969,1.599944,0.440473,5.811529,0.466616,1.0,0.668582,1.0,1998
HLA-B*18,TCMR,1,1,0,45,342,3000,-1.635106,-0.204226,-1.354544,0.258065,0.050513,1.31843,0.995871,1.0,1.0,1.0,2026
HLA-B*18,acute_rejection,7,7,0,45,377,3000,0.21337,0.035207,0.307066,1.35943,0.617068,2.994889,0.333801,1.0,0.498061,1.0,1998
HLA-B*18,chronic_rejection,6,5,1,45,345,3000,0.14792,0.023802,0.23762,1.268228,0.548993,2.929731,0.416515,1.0,0.638514,1.0,2010
HLA-B*18,complement_activation,5,2,3,45,289,3000,0.142716,0.02231,0.243108,1.275207,0.51896,3.133484,0.439883,1.0,0.616442,1.0,2009
HLA-B*18,eGFR,3,1,2,45,292,3000,-0.378436,-0.054784,-0.276374,0.758529,0.253333,2.271188,0.828966,1.0,1.0,1.0,2005
HLA-B*18,graft_loss,8,7,1,45,427,3000,0.222363,0.037517,0.315202,1.370536,0.64629,2.906391,0.305344,0.993212,0.516569,1.0,1994
HLA-B*18,graft_survival,6,5,1,45,380,3000,0.051293,0.008254,0.126036,1.134323,0.491332,2.618773,0.513764,1.0,0.822128,1.0,1996
HLA-B*18,mixed_rejection,1,1,0,45,92,3000,-0.322083,-0.040228,0.053786,1.055259,0.204629,5.441897,0.756381,1.0,1.0,1.0,2005
HLA-B*18,recurrent_GN,5,4,1,45,359,3000,-0.074179,-0.011596,-0.003419,0.996587,0.406166,2.445271,0.640181,1.0,1.0,1.0,2011
HLA-B*18,sensitization,8,8,0,45,344,3000,0.438505,0.073985,0.567866,1.764497,0.830844,3.747334,0.136193,0.747323,0.232134,0.940065,1999
HLA-B*18,skin_cancer,7,5,2,45,229,3000,0.711893,0.117465,0.872656,2.393258,1.081675,5.2952,0.0515875,0.463059,0.0788911,0.587924,1998
HLA-B*18:01,ABMR,7,6,1,29,669,3000,0.079198,0.013068,0.150153,1.162013,0.506233,2.667294,0.477591,1.0,0.822935,1.0,2003
HLA-B*18:01,BK_nephropathy,3,3,0,29,305,3000,0.017372,0.002515,0.153183,1.165539,0.379901,3.575882,0.577746,1.0,1.0,1.0,2005
HLA-B*18:01,CMV,7,7,0,29,388,3000,0.623977,0.102959,0.816883,2.263434,0.983649,5.208292,0.0711069,0.567829,0.0887638,0.618897,2013
HLA-B*18:01,DGF,4,4,0,29,211,3000,0.673508,0.101737,0.854883,2.351099,0.854562,6.468419,0.142535,0.770216,0.142535,0.791862,2013
HLA-B*18:01,DSA,7,7,0,29,652,3000,0.104937,0.017315,0.183483,1.201394,0.523346,2.757924,0.447789,1.0,0.820637,1.0,2010
HLA-B*18:01,FSGS,3,3,0,29,70,3000,1.489189,0.215582,1.737507,5.683159,1.816625,17.779283,0.0288119,0.311143,0.0288119,0.295915,2013
HLA-B*18:01,HLA_mismatch_outcome,3,2,1,29,359,3000,-0.145638,-0.021083,-0.031505,0.968986,0.316102,2.970344,0.692454,1.0,1.0,1.0,2017
HLA-B*18:01,IgA_nephropathy,1,0,1,29,121,3000,-0.156719,-0.019574,0.219512,1.245468,0.238715,6.49808,0.698696,1.0,1.0,1.0,2022
HLA-B*18:01,NODAT,1,1,0,29,87,3000,0.173164,0.021628,0.56287,1.755704,0.33524,9.194897,0.57578,1.0,0.57578,1.0,2003
HLA-B*18:01,TCMR,3,2,1,29,342,3000,-0.097127,-0.014061,0.023834,1.02412,0.334009,3.140096,0.658854,1.0,1.0,1.0,2005
HLA-B*18:01,acute_rejection,4,4,0,29,377,3000,0.093121,0.014066,0.205171,1.227734,0.448051,3.3642,0.503861,1.0,0.778413,1.0,2019
HLA-B*18:01,chronic_rejection,8,6,2,29,345,3000,0.874969,0.147626,1.126896,3.086064,1.383655,6.883064,0.0137292,0.172711,0.0137292,0.163988,2010
HLA-B*18:01,complement_activation,3,2,1,29,289,3000,0.071257,0.010316,0.213502,1.238006,0.403395,3.799398,0.53951,1.0,0.754899,1.0,2011
HLA-B*18:01,eGFR,2,2,0,29,292,3000,-0.344535,-0.047111,-0.175367,0.839149,0.228608,3.08026,0.789633,1.0,1.0,1.0,2012
HLA-B*18:01,graft_loss,6,6,0,29,427,3000,0.374047,0.060188,0.515027,1.673683,0.697901,4.013771,0.22276,0.890479,0.289553,1.0,2005
HLA-B*18:01,graft_survival,2,2,0,29,380,3000,-0.607952,-0.083131,-0.473348,0.622913,0.169897,2.283866,0.898626,1.0,1.0,1.0,2018
HLA-B*18:01,recurrent_GN,3,3,0,29,359,3000,-0.145638,-0.021083,-0.031505,0.968986,0.316102,2.970344,0.692454,1.0,1.0,1.0,2018
HLA-B*18:01,sensitization,6,6,0,29,344,3000,0.59019,0.094968,0.766347,2.15189,0.896186,5.167044,0.106401,0.689418,0.135137,0.771821,1999
HLA-B*27,ABMR,31,29,2,77,669,3000,0.590765,0.129203,0.885754,2.424811,1.529633,3.843868,0.00025317,0.00787824,0.000409808,0.0102021,1990
HLA-B*27,BK_nephropathy,2,2,0,77,305,3000,-1.364602,-0.186594,-1.252103,0.285903,0.080648,1.013549,0.997686,1.0,1.0,1.0,1998
HLA-B*27,CMV,6,5,1,77,388,3000,-0.506684,-0.081531,-0.504114,0.60404,0.268679,1.357994,0.946035,1.0,0.226856,0.925025,2017
HLA-B*27,DGF,7,7,0,77,211,3000,0.256614,0.042342,0.346926,1.414712,0.657593,3.043539,0.295928,0.984346,0.493449,1.0,2013
HLA-B*27,DSA,16,13,3,77,652,3000,-0.044894,-0.008578,-0.036446,0.96421,0.556046,1.671985,0.626595,1.0,1.0,1.0,1991
HLA-B*27,FSGS,2,2,0,77,70,3000,0.107214,0.01466,0.322327,1.380335,0.382805,4.977274,0.542009,1.0,0.700561,1.0,1990
HLA-B*27,HLA_mismatch_outcome,5,5,0,77,359,3000,-0.611322,-0.095565,-0.59808,0.549866,0.229459,1.317679,0.962879,1.0,0.155584,0.812737,2000
HLA-B*27,IgA_nephropathy,2,2,0,77,121,3000,-0.440081,-0.060176,-0.252178,0.777107,0.217539,2.776032,0.825806,1.0,1.0,1.0,1998
HLA-B*27,NODAT,1,0,1,77,87,3000,-0.803346,-0.100338,-0.441291,0.643205,0.126017,3.282989,0.899305,1.0,1.0,1.0,2026
HLA-B*27,PTLD,5,5,0,77,104,3000,0.627609,0.098111,0.767091,2.153492,0.884677,5.242056,0.126472,0.742197,0.19025,0.866938,1998
HLA-B*27,TCMR,7,6,1,77,342,3000,-0.226338,-0.037347,-0.197498,0.820782,0.383338,1.757412,0.792089,1.0,0.715177,1.0,2005
HLA-B*27,acute_rejection,10,9,1,77,377,3000,0.032902,0.005768,0.078919,1.082116,0.55966,2.092299,0.507814,1.0,0.862055,1.0,1990
HLA-B*27,chronic_rejection,11,10,1,77,345,3000,0.216913,0.038676,0.291728,1.338739,0.708573,2.52934,0.266414,0.947933,0.466696,1.0,1990
HLA-B*27,complement_activation,8,6,2,77,289,3000,0.075577,0.012751,0.138088,1.148076,0.557309,2.365077,0.466988,1.0,0.843936,1.0,2010
HLA-B*27,eGFR,1,1,0,77,292,3000,-2.014192,-0.251574,-1.731176,0.177076,0.035027,0.895201,0.999662,1.0,1.0,1.0,2026
HLA-B*27,graft_loss,9,8,1,77,427,3000,-0.196997,-0.033912,-0.185975,0.830294,0.417949,1.649456,0.788144,1.0,0.621349,1.0,2007
HLA-B*27,graft_survival,8,6,2,77,380,3000,-0.198168,-0.033435,-0.177061,0.837729,0.407583,1.72183,0.77815,1.0,0.727581,1.0,1990
HLA-B*27,recurrent_GN,5,5,0,77,359,3000,-0.611322,-0.095565,-0.59808,0.549866,0.229459,1.317679,0.962879,1.0,0.155584,0.812737,2013
HLA-B*27,sensitization,6,6,0,77,344,3000,-0.38632,-0.062163,-0.364745,0.694374,0.308616,1.562313,0.891461,1.0,0.368083,1.0,1990
HLA-B*27,skin_cancer,3,3,0,77,229,3000,-0.672548,-0.097361,-0.5807,0.559506,0.189905,1.648444,0.941798,1.0,1.0,1.0,2013
HLA-B*27:02,ABMR,7,6,1,21,669,3000,0.401971,0.066327,0.592978,1.809369,0.746169,4.387497,0.167875,0.822757,0.288594,1.0,2014
HLA-B*27:02,BK_nephropathy,1,1,0,21,305,3000,-0.758467,-0.094733,-0.441739,0.642917,0.121989,3.388346,0.895593,1.0,1.0,1.0,2013
HLA-B*27:02,CMV,4,3,1,21,388,3000,0.387134,0.058479,0.551467,1.735798,0.612619,4.918221,0.284207,0.956115,0.338201,1.0,2015
HLA-B*27:02,DGF,5,5,0,21,211,3000,1.219425,0.190627,1.498953,4.476998,1.688117,11.873289,0.0131788,0.166854,0.0131788,0.159019,2013
HLA-B*27:02,DSA,5,4,1,21,652,3000,0.091238,0.014263,0.182965,1.200772,0.455668,3.164267,0.493198,1.0,0.792208,1.0,2014
HLA-B*27:02,HLA_mismatch_outcome,1,1,0,21,359,3000,-0.921477,-0.115093,-0.625386,0.535055,0.10158,2.818294,0.931854,1.0,1.0,1.0,2016
HLA-B*27:02,IgA_nephropathy,1,1,0,21,121,3000,0.166055,0.02074,0.551793,1.736363,0.327572,9.203936,0.580004,1.0,0.580004,1.0,2023
HLA-B*27:02,NODAT,1,1,0,21,87,3000,0.495937,0.061943,0.895118,2.447624,0.460028,13.022834,0.462112,1.0,0.462112,1.0,2018
HLA-B*27:02,TCMR,4,3,1,21,342,3000,0.513329,0.077541,0.696455,2.006626,0.70775,5.689223,0.211281,0.884392,0.289296,1.0,2013
HLA-B*27:02,acute_rejection,3,3,0,21,377,3000,0.128212,0.018561,0.27478,1.316241,0.417772,4.146981,0.50247,1.0,0.740904,1.0,2000
HLA-B*27:02,chronic_rejection,3,3,0,21,345,3000,0.216913,0.031401,0.376307,1.456895,0.462225,4.592008,0.441018,1.0,0.726656,1.0,2016
HLA-B*27:02,complement_activation,9,7,2,21,289,3000,1.492643,0.256947,1.989811,7.314153,3.118246,17.156068,6.54492e-05,0.00262351,6.54492e-05,0.0021801,2013
HLA-B*27:02,eGFR,3,3,0,21,292,3000,0.383704,0.055547,0.564319,1.75825,0.557344,5.546742,0.335571,1.0,0.451124,1.0,2023
HLA-B*27:02,graft_loss,3,1,2,21,427,3000,0.003673,0.000532,0.130083,1.138923,0.361677,3.586475,0.592214,1.0,1.0,1.0,2013
HLA-B*27:02,graft_survival,1,1,0,21,380,3000,-0.978326,-0.122194,-0.690355,0.501398,0.095207,2.640552,0.94241,1.0,1.0,1.0,2018
HLA-B*27:02,recurrent_GN,12,10,2,21,359,3000,1.563429,0.283155,2.299361,9.967815,4.256084,23.344778,7.76948e-07,8.35219e-05,7.76948e-07,6.12494e-05,2013
HLA-B*27:02,sensitization,6,3,3,21,344,3000,0.912963,0.146906,1.18554,3.272454,1.300416,8.235027,0.0264129,0.294653,0.0264129,0.277629,2000
HLA-B*27:02,skin_cancer,1,1,0,21,229,3000,-0.471877,-0.058938,-0.126594,0.881091,0.166973,4.649393,0.812373,1.0,1.0,1.0,2013
HLA-B*27:04,BK_nephropathy,2,2,0,6,305,3000,1.187444,0.162369,1.594686,4.92678,1.045054,23.22671,0.117397,0.719288,0.117397,0.721156,2000
HLA-B*27:04,DSA,1,1,0,6,652,3000,-0.265436,-0.033153,-0.01916,0.981023,0.160949,5.979552,0.770461,1.0,1.0,1.0,2021
HLA-B*27:04,HLA_mismatch_outcome,1,1,0,6,359,3000,0.331286,0.041378,0.695996,2.005706,0.32864,12.240908,0.534856,1.0,0.534856,1.0,2025
HLA-B*27:04,TCMR,6,5,1,6,342,3000,2.171557,0.349428,4.631869,102.705795,5.772702,1827.303869,2.11082e-06,0.000166403,2.11082e-06,0.000124802,2000
HLA-B*27:04,acute_rejection,1,0,1,6,377,3000,0.282363,0.035267,0.640156,1.896777,0.310835,11.574502,0.553574,1.0,0.553574,1.0,2013
HLA-B*27:04,chronic_rejection,1,1,0,6,345,3000,0.371064,0.046346,0.741127,2.098298,0.343771,12.807517,0.51985,1.0,0.51985,1.0,2000
HLA-B*27:04,complement_activation,1,1,0,6,289,3000,0.548181,0.068468,0.939433,2.558532,0.418926,15.62589,0.455726,1.0,0.455726,1.0,2015
HLA-B*27:04,eGFR,1,0,1,6,292,3000,0.537854,0.067178,0.92798,2.529393,0.41417,15.447354,0.459333,1.0,0.459333,1.0,2025
HLA-B*27:04,graft_loss,1,1,0,6,427,3000,0.157824,0.019712,0.496182,1.642438,0.269242,10.019246,0.602305,1.0,0.602305,1.0,2021
HLA-B*27:04,graft_survival,1,1,0,6,380,3000,0.274437,0.034277,0.631073,1.879626,0.308031,11.469597,0.556631,1.0,0.556631,1.0,2006
HLA-B*27:04,mixed_rejection,1,0,1,6,92,3000,1.69282,0.211434,2.15805,8.654247,1.405898,53.272696,0.170588,0.826725,0.170588,0.840503,2013
HLA-B*27:04,recurrent_GN,1,1,0,6,359,3000,0.331286,0.041378,0.695996,2.005706,0.32864,12.240908,0.534856,1.0,0.534856,1.0,2015
HLA-B*27:05,ABMR,9,7,2,33,669,3000,0.201301,0.034652,0.303542,1.354648,0.637275,2.879559,0.305569,0.993212,0.527467,1.0,1993
HLA-B*27:05,BK_nephropathy,1,1,0,33,305,3000,-1.210452,-0.151186,-0.90705,0.403714,0.078223,2.083578,0.971508,1.0,1.0,1.0,2014
HLA-B*27:05,CMV,2,2,0,33,388,3000,-0.757998,-0.103648,-0.634703,0.530093,0.145585,1.930137,0.939866,1.0,1.0,1.0,2011
HLA-B*27:05,DGF,5,5,0,33,211,3000,0.76744,0.11997,0.948073,2.580731,1.024651,6.499945,0.0777621,0.593895,0.0777621,0.587924,2009
HLA-B*27:05,DSA,7,7,0,33,652,3000,-0.024274,-0.004005,0.018133,1.018298,0.450584,2.301304,0.597675,1.0,1.0,1.0,2003
HLA-B*27:05,FSGS,2,1,1,33,70,3000,0.954512,0.130519,1.211763,3.359402,0.906468,12.450063,0.178962,0.843119,0.178962,0.860256,1990
HLA-B*27:05,HLA_mismatch_outcome,5,4,1,33,359,3000,0.235976,0.036889,0.352581,1.422735,0.567242,3.56845,0.360078,1.0,0.585706,1.0,2014
HLA-B*27:05,IgA_nephropathy,7,4,3,33,121,3000,1.65998,0.273903,1.953485,7.053226,3.069681,16.206243,0.000260143,0.0079901,0.000260143,0.00699134,1998
HLA-B*27:05,PTLD,2,2,0,33,104,3000,0.558616,0.076384,0.796939,2.218738,0.602956,8.164434,0.318168,1.0,0.318168,1.0,1998
HLA-B*27:05,TCMR,2,2,0,33,342,3000,-0.631804,-0.086392,-0.490324,0.612428,0.168112,2.231065,0.904611,1.0,1.0,1.0,2024
HLA-B*27:05,acute_rejection,6,5,1,33,377,3000,0.369374,0.059436,0.501987,1.652,0.697875,3.910593,0.227501,0.896177,0.29477,1.0,2000
HLA-B*27:05,chronic_rejection,2,2,0,33,345,3000,-0.640537,-0.087586,-0.500238,0.606386,0.166459,2.208972,0.907382,1.0,1.0,1.0,1990
HLA-B*27:05,complement_activation,3,3,0,33,289,3000,-0.057954,-0.00839,0.071429,1.074042,0.352959,3.268272,0.629603,1.0,1.0,1.0,2017
HLA-B*27:05,eGFR,1,1,0,33,292,3000,-1.166894,-0.145746,-0.85855,0.423776,0.082097,2.187492,0.966573,1.0,1.0,1.0,2003
HLA-B*27:05,graft_loss,1,1,0,33,427,3000,-1.546924,-0.193212,-1.290878,0.275029,0.053347,1.417904,0.99388,1.0,1.0,1.0,2016
HLA-B*27:05,graft_survival,4,2,2,33,380,3000,-0.044017,-0.006649,0.048761,1.04997,0.387114,2.847832,0.617007,1.0,1.0,1.0,2020
HLA-B*27:05,mixed_rejection,2,2,0,33,92,3000,0.681219,0.093149,0.92563,2.523459,0.684462,9.303429,0.268653,0.947933,0.268653,0.992043,2014
HLA-B*27:05,recurrent_GN,2,2,0,33,359,3000,-0.680315,-0.093025,-0.545535,0.579532,0.159114,2.110794,0.919377,1.0,1.0,1.0,2020
HLA-B*27:05,sensitization,3,3,0,33,344,3000,-0.232169,-0.03361,-0.124904,0.882582,0.290318,2.683095,0.747633,1.0,1.0,1.0,2019
HLA-B*27:05,skin_cancer,1,1,0,33,229,3000,-0.923862,-0.115391,-0.59178,0.553341,0.10708,2.859428,0.92828,1.0,1.0,1.0,2018
HLA-B*35,ABMR,48,39,9,223,669,3000,-0.035387,-0.008558,-0.041969,0.958899,0.689208,1.334122,0.641018,1.0,0.867186,1.0,2004
HLA-B*35,BK_nephropathy,24,21,3,223,305,3000,0.056938,0.011792,0.085371,1.089122,0.703322,1.686547,0.414572,1.0,0.730141,1.0,1997
HLA-B*35,CMV,35,31,4,223,388,3000,0.193539,0.043482,0.255932,1.291665,0.88725,1.880415,0.121621,0.728175,0.212725,0.902734,1990
HLA-B*35,DGF,15,14,1,223,211,3000,-0.044612,-0.00842,-0.023636,0.976642,0.571411,1.669253,0.614802,1.0,1.0,1.0,1994
HLA-B*35,DSA,51,47,4,223,652,3000,0.050977,0.012511,0.077231,1.080292,0.781273,1.493755,0.361221,1.0,0.673268,1.0,1990
HLA-B*35,FSGS,3,3,0,223,70,3000,-0.550687,-0.07972,-0.450374,0.63739,0.21576,1.88295,0.903131,1.0,1.0,1.0,2015
HLA-B*35,HLA_mismatch_outcome,21,19,2,223,359,3000,-0.239604,-0.048289,-0.267663,0.765166,0.483577,1.210726,0.911051,1.0,0.239804,0.952074,1991
HLA-B*35,IgA_nephropathy,9,9,0,223,121,3000,0.00063,0.000108,0.048176,1.049355,0.533396,2.064405,0.551293,1.0,1.0,1.0,1990
HLA-B*35,NODAT,9,7,2,223,87,3000,0.330512,0.056895,0.420705,1.523035,0.765834,3.028902,0.194522,0.857582,0.296072,1.0,2013
HLA-B*35,PTLD,8,7,1,223,104,3000,0.034246,0.005778,0.091694,1.096029,0.536245,2.240169,0.514654,1.0,0.849338,1.0,1990
HLA-B*35,TCMR,27,24,3,223,342,3000,0.060222,0.012785,0.088297,1.092313,0.720642,1.655672,0.397957,1.0,0.742266,1.0,2002
HLA-B*35,acute_rejection,35,29,6,223,377,3000,0.222299,0.049943,0.29207,1.339197,0.919482,1.9505,0.0895333,0.639716,0.142234,0.791862,1990
HLA-B*35,chronic_rejection,21,18,3,223,345,3000,-0.199826,-0.040273,-0.219702,0.802758,0.507069,1.270874,0.870818,1.0,0.38209,1.0,1990
HLA-B*35,complement_activation,22,21,1,223,289,3000,0.023812,0.004844,0.046844,1.047958,0.66585,1.649346,0.487493,1.0,0.906001,1.0,2006
HLA-B*35,eGFR,18,16,2,223,292,3000,-0.187186,-0.036588,-0.197182,0.821042,0.502082,1.342628,0.838364,1.0,0.480332,1.0,1990
HLA-B*35,graft_loss,9,7,2,223,427,3000,-1.260364,-0.216962,-1.38749,0.249701,0.129304,0.482203,1.0,1.0,4.26969e-07,3.73994e-05,1990
HLA-B*35,graft_survival,27,24,3,223,380,3000,-0.045139,-0.009582,-0.040979,0.959849,0.634231,1.452641,0.635298,1.0,0.916592,1.0,1990
HLA-B*35,mixed_rejection,7,6,1,223,92,3000,0.023317,0.003847,0.087022,1.09092,0.510618,2.330717,0.532818,1.0,0.841308,1.0,2006
HLA-B*35,recurrent_GN,30,28,2,223,359,3000,0.117071,0.025422,0.158104,1.171288,0.786086,1.745247,0.268247,0.947933,0.454068,1.0,1991
HLA-B*35,sensitization,29,27,2,223,344,3000,0.12585,0.027128,0.168732,1.183803,0.789875,1.77419,0.256572,0.931698,0.444775,1.0,1990
HLA-B*35,skin_cancer,17,10,7,223,229,3000,-0.001313,-0.000254,0.022867,1.023131,0.615837,1.699795,0.542019,1.0,1.0,1.0,1994
HLA-B*35:01,ABMR,5,2,3,34,669,3000,-0.416339,-0.065084,-0.436926,0.646019,0.258894,1.612013,0.904788,1.0,0.406202,1.0,2015
HLA-B*35:01,BK_nephropathy,2,2,0,34,305,3000,-0.547158,-0.074818,-0.392935,0.675073,0.18548,2.457,0.874855,1.0,1.0,1.0,2015
HLA-B*35:01,CMV,5,4,1,34,388,3000,0.12844,0.020078,0.227919,1.255983,0.502226,3.141006,0.453793,1.0,0.795415,1.0,2007
HLA-B*35:01,DGF,3,3,0,34,211,3000,0.226761,0.032827,0.385279,1.470024,0.482877,4.475196,0.43222,1.0,0.729801,1.0,2013
HLA-B*35:01,DSA,2,2,0,34,652,3000,-1.30689,-0.178702,-1.294878,0.273931,0.075455,0.994481,0.997584,1.0,1.0,1.0,2021
HLA-B*35:01,HLA_mismatch_outcome,5,5,0,34,359,3000,0.206123,0.032222,0.317712,1.373981,0.549168,3.437604,0.385136,1.0,0.593316,1.0,2006
HLA-B*35:01,IgA_nephropathy,2,2,0,34,121,3000,0.377364,0.0516,0.605931,1.832958,0.499859,6.721371,0.401549,1.0,0.64626,1.0,1996
HLA-B*35:01,PTLD,3,2,1,34,104,3000,0.934228,0.135243,1.143215,3.136836,1.021505,9.632594,0.111725,0.708638,0.111725,0.706281,2020
HLA-B*35:01,TCMR,6,5,1,34,342,3000,0.436956,0.070311,0.578229,1.782878,0.754848,4.210987,0.18395,0.844966,0.270445,0.992043,2006
HLA-B*35:01,acute_rejection,2,2,0,34,377,3000,-0.759091,-0.103797,-0.633216,0.530882,0.145997,1.930417,0.939786,1.0,1.0,1.0,2007
HLA-B*35:01,chronic_rejection,1,1,0,34,345,3000,-1.363537,-0.170307,-1.076291,0.340857,0.066145,1.756512,0.984674,1.0,1.0,1.0,2013
HLA-B*35:01,complement_activation,6,6,0,34,289,3000,0.60534,0.097406,0.769563,2.158823,0.9129,5.105177,0.102387,0.676383,0.133688,0.771821,2010
HLA-B*35:01,eGFR,2,2,0,34,292,3000,-0.5036,-0.068862,-0.344288,0.708725,0.194684,2.580039,0.858011,1.0,1.0,1.0,2021
HLA-B*35:01,graft_loss,7,6,1,34,427,3000,0.369133,0.060908,0.501748,1.651605,0.731817,3.727437,0.200323,0.867701,0.31834,1.0,2006
HLA-B*35:01,graft_survival,3,3,0,34,380,3000,-0.361552,-0.05234,-0.271575,0.762178,0.251283,2.3118,0.824203,1.0,1.0,1.0,2009
HLA-B*35:01,mixed_rejection,3,1,2,34,92,3000,1.056831,0.152992,1.273214,3.572315,1.160695,10.994647,0.0843494,0.61281,0.0843494,0.601735,2019
HLA-B*35:01,recurrent_GN,2,2,0,34,359,3000,-0.710168,-0.097107,-0.577171,0.561485,0.154383,2.042095,0.927349,1.0,1.0,1.0,2021
HLA-B*35:01,sensitization,3,3,0,34,344,3000,-0.262022,-0.037932,-0.157546,0.854238,0.2815,2.59226,0.765942,1.0,1.0,1.0,1996
HLA-B*35:01,skin_cancer,11,9,2,34,229,3000,1.44418,0.2575,1.817371,6.155655,3.00023,12.629726,2.39366e-05,0.0011322,2.39366e-05,0.000928034,1996
HLA-B*35:03,ABMR,9,9,0,30,669,3000,0.296611,0.051059,0.435461,1.545675,0.716768,3.333174,0.208177,0.876048,0.375761,1.0,2005
HLA-B*35:03,BK_nephropathy,3,3,0,30,305,3000,-0.016529,-0.002393,0.115767,1.122735,0.366811,3.436462,0.601461,1.0,1.0,1.0,2011
HLA-B*35:03,CMV,7,7,0,30,388,3000,0.590075,0.097365,0.773012,2.166281,0.945552,4.963001,0.0829274,0.607193,0.0982784,0.658437,2002
HLA-B*35:03,DGF,2,1,1,30,211,3000,-0.053541,-0.007321,0.145192,1.156262,0.314977,4.244562,0.634678,1.0,1.0,1.0,2014
HLA-B*35:03,DSA,6,6,0,30,652,3000,-0.083115,-0.013374,-0.047184,0.953912,0.399985,2.274953,0.662243,1.0,1.0,1.0,2005
HLA-B*35:03,HLA_mismatch_outcome,1,1,0,30,359,3000,-1.278152,-0.159642,-0.992791,0.370541,0.071575,1.91829,0.978581,1.0,1.0,1.0,2020
HLA-B*35:03,IgA_nephropathy,1,1,0,30,121,3000,-0.19062,-0.023809,0.184675,1.202827,0.230862,6.266929,0.710967,1.0,1.0,1.0,2020
HLA-B*35:03,PTLD,2,2,0,30,104,3000,0.653926,0.089417,0.898068,2.454857,0.663851,9.07782,0.279185,0.948905,0.279185,0.999408,2001
HLA-B*35:03,TCMR,6,5,1,30,342,3000,0.562119,0.090451,0.73098,2.077114,0.868319,4.968684,0.118361,0.723316,0.144353,0.793944,2012
HLA-B*35:03,acute_rejection,7,6,1,30,377,3000,0.618835,0.10211,0.806508,2.240072,0.977588,5.132965,0.0732133,0.579503,0.0906392,0.623145,2002
HLA-B*35:03,chronic_rejection,3,1,2,30,345,3000,-0.139762,-0.020233,-0.023526,0.976749,0.319324,2.987675,0.687857,1.0,1.0,1.0,2006
HLA-B*35:03,complement_activation,3,3,0,30,289,3000,0.037356,0.005408,0.176088,1.192543,0.389497,3.651274,0.563187,1.0,0.76276,1.0,2014
HLA-B*35:03,eGFR,2,2,0,30,292,3000,-0.378436,-0.051747,-0.211458,0.809403,0.22092,2.965475,0.805285,1.0,1.0,1.0,2011
HLA-B*35:03,graft_loss,4,4,0,30,427,3000,-0.065319,-0.009867,0.021247,1.021474,0.374052,2.789475,0.636325,1.0,1.0,1.0,2012
HLA-B*35:03,graft_survival,3,3,0,30,380,3000,-0.236389,-0.034221,-0.13423,0.874389,0.285991,2.673358,0.752055,1.0,1.0,1.0,2006
HLA-B*35:03,recurrent_GN,2,2,0,30,359,3000,-0.585005,-0.079993,-0.444303,0.641271,0.175195,2.347267,0.890266,1.0,1.0,1.0,2019
HLA-B*35:03,sensitization,1,1,0,30,344,3000,-1.235471,-0.154311,-0.944324,0.388942,0.075118,2.013835,0.974591,1.0,1.0,1.0,2011
HLA-B*35:05,BK_nephropathy,1,0,1,3,305,3000,1.187444,0.148312,1.6691,5.307389,0.698622,40.319888,0.275125,0.947933,0.275125,0.993389,2009
HLA-B*35:05,eGFR,1,1,0,3,292,3000,1.231001,0.153753,1.717546,5.57084,0.733201,42.32711,0.26458,0.947933,0.26458,0.986959,2025
HLA-B*35:05,graft_loss,1,1,0,3,427,3000,0.850971,0.106287,1.285807,3.617585,0.476606,27.458564,0.369212,1.0,0.369212,1.0,2009
HLA-B*35:05,graft_survival,3,2,1,3,380,3000,2.066196,0.299113,3.88346,48.592053,2.504915,942.621937,0.0020183,0.0356215,0.0020183,0.0329191,2006
HLA-B*35:05,recurrent_GN,1,1,0,3,359,3000,1.024433,0.127952,1.485591,4.417573,0.581763,33.544532,0.317846,1.0,0.317846,1.0,2006
HLA-B*35:05,skin_cancer,1,1,0,3,229,3000,1.474033,0.184108,1.98406,7.27221,0.956275,55.303148,0.21203,0.884392,0.21203,0.901889,2025
HLA-B*35:08,FSGS,2,2,0,2,70,3000,3.757872,0.513846,5.365533,213.905109,10.172393,4497.997149,0.000536846,0.0142371,0.000536846,0.0125943,2013
HLA-B*35:08,graft_loss,1,1,0,2,427,3000,1.256436,0.15693,1.797021,6.031653,0.625934,58.122498,0.264449,0.947933,0.264449,0.986959,2023
HLA-B*35:08,recurrent_GN,1,1,0,2,359,3000,1.429898,0.178595,1.996795,7.365411,0.764063,71.001086,0.225048,0.890479,0.225048,0.920829,2013
HLA-B*35:08,skin_cancer,1,0,1,2,229,3000,1.879498,0.23475,2.495247,12.124726,1.256106,117.035458,0.146863,0.774909,0.146863,0.798464,2013
HLA-B*39,ABMR,12,10,2,32,669,3000,0.519754,0.094133,0.762511,2.143652,1.055306,4.354419,0.0364774,0.367882,0.0519761,0.446994,1990
HLA-B*39,BK_nephropathy,5,4,1,32,305,3000,0.429758,0.067182,0.574386,1.77604,0.705489,4.471108,0.220487,0.888334,0.368582,1.0,2011
HLA-B*39,CMV,4,4,0,32,388,3000,-0.034079,-0.005148,0.059517,1.061324,0.390447,2.884918,0.609175,1.0,1.0,1.0,1996
HLA-B*39,DSA,6,6,0,32,652,3000,-0.147653,-0.023759,-0.126516,0.88116,0.372013,2.087137,0.725931,1.0,0.830668,1.0,1999
HLA-B*39,HLA_mismatch_outcome,4,4,0,32,359,3000,0.043604,0.006587,0.149094,1.160782,0.426866,3.156528,0.544116,1.0,0.788368,1.0,2005
HLA-B*39,IgA_nephropathy,1,1,0,32,121,3000,-0.255159,-0.031869,0.118376,1.125667,0.216594,5.85023,0.734042,1.0,1.0,1.0,2012
HLA-B*39,NODAT,5,4,1,32,87,3000,1.684161,0.263277,1.945564,6.997576,2.729872,17.937132,0.00198376,0.0352751,0.00198376,0.0325804,1993
HLA-B*39,PTLD,1,1,0,32,104,3000,-0.103759,-0.01296,0.276404,1.31838,0.253273,6.862658,0.678577,1.0,1.0,1.0,2012
HLA-B*39,TCMR,3,3,0,32,342,3000,-0.195567,-0.028311,-0.084552,0.918924,0.301684,2.799022,0.724362,1.0,1.0,1.0,1990
HLA-B*39,acute_rejection,1,1,0,32,377,3000,-1.391614,-0.173813,-1.115063,0.327895,0.063506,1.692986,0.986718,1.0,1.0,1.0,2015
HLA-B*39,chronic_rejection,2,1,1,32,345,3000,-0.609766,-0.083379,-0.467596,0.626506,0.171717,2.285797,0.897812,1.0,1.0,1.0,1990
HLA-B*39,complement_activation,2,2,0,32,289,3000,-0.432648,-0.05916,-0.268527,0.764505,0.209367,2.791595,0.829004,1.0,1.0,1.0,2019
HLA-B*39,eGFR,1,1,0,32,292,3000,-1.136122,-0.141902,-0.826924,0.437393,0.084638,2.260361,0.962925,1.0,1.0,1.0,2005
HLA-B*39,graft_loss,6,6,0,32,427,3000,0.275607,0.044348,0.393705,1.482464,0.624779,3.51756,0.29938,0.987495,0.444717,1.0,1999
HLA-B*39,graft_survival,8,3,5,32,380,3000,0.679902,0.114714,0.883076,2.418326,1.10002,5.31654,0.041408,0.401353,0.0542098,0.458828,1993
HLA-B*39,mixed_rejection,1,1,0,32,92,3000,0.018843,0.002354,0.403816,1.497528,0.287266,7.806678,0.632842,1.0,1.0,1.0,2012
HLA-B*39,recurrent_GN,3,2,1,32,359,3000,-0.244078,-0.035334,-0.139899,0.869446,0.285509,2.647685,0.755748,1.0,1.0,1.0,1990
HLA-B*39,sensitization,6,6,0,32,344,3000,0.491749,0.079128,0.645063,1.906106,0.802307,4.528494,0.152543,0.791151,0.255703,0.975384,1996
HLA-B*39,skin_cancer,1,1,0,32,229,3000,-0.89309,-0.111548,-0.560163,0.571116,0.110393,2.954652,0.922284,1.0,1.0,1.0,2020
HLA-B*39:01,ABMR,6,4,2,21,669,3000,0.247821,0.039877,0.381246,1.464108,0.583504,3.673689,0.319845,1.0,0.440564,1.0,1990
HLA-B*39:01,BK_nephropathy,7,6,1,21,305,3000,1.187444,0.195933,1.536116,4.646508,1.908809,11.310741,0.00346339,0.0557205,0.00346339,0.0515152,1999
HLA-B*39:01,CMV,1,1,0,21,388,3000,-0.99916,-0.124796,-0.714298,0.489536,0.092961,2.577923,0.946005,1.0,1.0,1.0,2021
HLA-B*39:01,FSGS,1,1,0,21,70,3000,0.71335,0.089098,1.119794,3.064222,0.574051,16.356476,0.391943,1.0,0.391943,1.0,2018
HLA-B*39:01,HLA_mismatch_outcome,7,4,3,21,359,3000,1.024433,0.169036,1.349492,3.855466,1.585575,9.374905,0.00863334,0.118022,0.00863334,0.112186,2002
HLA-B*39:01,NODAT,1,1,0,21,87,3000,0.495937,0.061943,0.895118,2.447624,0.460028,13.022834,0.462112,1.0,0.462112,1.0,2017
HLA-B*39:01,PTLD,1,1,0,21,104,3000,0.317454,0.03965,0.709798,2.033581,0.383043,10.7963,0.524526,1.0,0.524526,1.0,2023
HLA-B*39:01,TCMR,5,3,2,21,342,3000,0.736472,0.115129,0.959303,2.609877,0.987714,6.896183,0.0819768,0.605246,0.0819768,0.592368,1990
HLA-B*39:01,chronic_rejection,2,1,1,21,345,3000,-0.188552,-0.025782,-0.016103,0.984026,0.262482,3.689046,0.714362,1.0,1.0,1.0,1990
HLA-B*39:01,complement_activation,2,1,1,21,289,3000,-0.011434,-0.001564,0.182879,1.200669,0.320009,4.504885,0.614959,1.0,1.0,1.0,2018
HLA-B*39:01,graft_loss,5,5,0,21,427,3000,0.514499,0.080429,0.701984,2.017751,0.764505,5.325437,0.168378,0.822757,0.207699,0.892258,1999
HLA-B*39:01,graft_survival,9,9,0,21,380,3000,1.218898,0.209824,1.674545,5.336366,2.279474,12.492706,0.000553191,0.0142371,0.000553191,0.0125943,2003
HLA-B*39:01,mixed_rejection,2,1,1,21,92,3000,1.133204,0.154953,1.409365,4.093356,1.07914,15.526769,0.134196,0.747323,0.134196,0.771821,2002
HLA-B*39:01,recurrent_GN,2,2,0,21,359,3000,-0.22833,-0.031222,-0.061376,0.94047,0.250904,3.525184,0.735842,1.0,1.0,1.0,1990
HLA-B*39:01,sensitization,2,2,0,21,344,3000,-0.185649,-0.025385,-0.012809,0.987273,0.263345,3.701265,0.712778,1.0,1.0,1.0,2002
HLA-B*39:01,skin_cancer,1,1,0,21,229,3000,-0.471877,-0.058938,-0.126594,0.881091,0.166973,4.649393,0.812373,1.0,1.0,1.0,1999
HLA-B*40,ABMR,8,5,3,41,669,3000,-0.133547,-0.022532,-0.125977,0.881635,0.413261,1.880844,0.725176,1.0,0.85015,1.0,2009
HLA-B*40,BK_nephropathy,4,4,0,41,305,3000,-0.041222,-0.006227,0.056484,1.058109,0.395121,2.833552,0.611906,1.0,1.0,1.0,1999
HLA-B*40,CMV,2,2,0,41,388,3000,-0.975063,-0.133329,-0.86412,0.421422,0.116855,1.519807,0.976419,1.0,1.0,1.0,2012
HLA-B*40,DSA,9,9,0,41,652,3000,0.009976,0.001717,0.050942,1.052262,0.508031,2.179505,0.548308,1.0,1.0,1.0,2002
HLA-B*40,FSGS,2,2,0,41,70,3000,0.737447,0.100838,0.982687,2.671625,0.727737,9.80791,0.247921,0.923998,0.247921,0.969145,2018
HLA-B*40,HLA_mismatch_outcome,5,5,0,41,359,3000,0.018911,0.002956,0.102107,1.107502,0.448773,2.733145,0.554333,1.0,1.0,1.0,2004
HLA-B*40,IgA_nephropathy,1,1,0,41,121,3000,-0.502995,-0.062824,-0.136103,0.872752,0.16932,4.498575,0.817231,1.0,1.0,1.0,2013
HLA-B*40,TCMR,5,4,1,41,342,3000,0.067423,0.01054,0.157754,1.170878,0.474313,2.890403,0.508914,1.0,0.804824,1.0,2013
HLA-B*40,acute_rejection,6,4,2,41,377,3000,0.15231,0.024508,0.243554,1.275776,0.548984,2.964756,0.412377,1.0,0.635861,1.0,2006
HLA-B*40,chronic_rejection,2,0,2,41,345,3000,-0.857602,-0.117267,-0.729604,0.4821,0.133616,1.73946,0.958705,1.0,1.0,1.0,2011
HLA-B*40,complement_activation,5,5,0,41,289,3000,0.235807,0.036862,0.348594,1.417074,0.573381,3.502206,0.36044,1.0,0.589332,1.0,2022
HLA-B*40,eGFR,7,7,0,41,292,3000,0.561952,0.092724,0.711219,2.036473,0.91593,4.52788,0.0974114,0.662043,0.11199,0.706281,2011
HLA-B*40,graft_loss,4,3,1,41,427,3000,-0.377694,-0.057053,-0.330277,0.718725,0.268879,1.921183,0.855818,1.0,1.0,1.0,2004
HLA-B*40,graft_survival,5,5,0,41,380,3000,-0.037938,-0.005931,0.036465,1.037138,0.420399,2.558654,0.607776,1.0,1.0,1.0,2006
HLA-B*40,mixed_rejection,1,1,0,41,92,3000,-0.228993,-0.028601,0.149369,1.161101,0.22457,6.003284,0.723555,1.0,1.0,1.0,2012
HLA-B*40,recurrent_GN,3,3,0,41,359,3000,-0.491915,-0.071212,-0.409618,0.663904,0.221031,1.994146,0.884867,1.0,1.0,1.0,1999
HLA-B*40,sensitization,2,1,1,41,344,3000,-0.854699,-0.11687,-0.726307,0.483692,0.134056,1.745227,0.958173,1.0,1.0,1.0,2020
HLA-B*40,skin_cancer,3,2,1,41,229,3000,-0.042314,-0.006126,0.092698,1.09713,0.364251,3.304574,0.616461,1.0,1.0,1.0,2006
HLA-B*40:01,ABMR,8,7,1,25,669,3000,0.361149,0.060934,0.530304,1.699449,0.74552,3.87398,0.174475,0.830247,0.233645,0.941347,2005
HLA-B*40:01,BK_nephropathy,1,1,0,25,305,3000,-0.93282,-0.11651,-0.621484,0.537147,0.102865,2.804902,0.932237,1.0,1.0,1.0,2019
HLA-B*40:01,CMV,3,2,1,25,388,3000,-0.074901,-0.010843,0.044313,1.045309,0.337239,3.24005,0.645664,1.0,1.0,1.0,2001
HLA-B*40:01,DGF,1,1,0,25,211,3000,-0.564366,-0.07049,-0.217717,0.804353,0.153776,4.207312,0.839721,1.0,1.0,1.0,2006
HLA-B*40:01,DSA,6,6,0,25,652,3000,0.099207,0.015963,0.183223,1.201083,0.49226,2.930562,0.468711,1.0,0.807629,1.0,2006
HLA-B*40:01,FSGS,2,2,0,25,70,3000,1.232144,0.168482,1.507505,4.515453,1.199365,17.000089,0.114205,0.713129,0.114205,0.713647,2017
HLA-B*40:01,HLA_mismatch_outcome,2,2,0,25,359,3000,-0.402683,-0.055062,-0.249488,0.7792,0.210547,2.883689,0.819451,1.0,1.0,1.0,2026
HLA-B*40:01,IgA_nephropathy,3,3,0,25,121,3000,1.090313,0.157839,1.322037,3.751055,1.198344,11.741545,0.0772033,0.593895,0.0772033,0.587924,2017
HLA-B*40:01,TCMR,8,8,0,25,342,3000,1.032123,0.174141,1.344331,3.835618,1.677054,8.772506,0.00494217,0.0749246,0.00494217,0.0712697,2006
HLA-B*40:01,acute_rejection,4,3,1,25,377,3000,0.241541,0.036486,0.377334,1.458392,0.524929,4.051798,0.386364,1.0,0.545178,1.0,2017
HLA-B*40:01,eGFR,3,3,0,25,292,3000,0.20935,0.030307,0.367087,1.443523,0.465043,4.48079,0.445069,1.0,0.729514,1.0,2012
HLA-B*40:01,graft_loss,1,0,1,25,427,3000,-1.269292,-0.158535,-1.005168,0.365983,0.070162,1.909064,0.97883,1.0,1.0,1.0,2007
HLA-B*40:01,graft_survival,3,2,1,25,380,3000,-0.054067,-0.007827,0.068367,1.070758,0.345418,3.319235,0.630819,1.0,1.0,1.0,2000
HLA-B*40:01,recurrent_GN,5,5,0,25,359,3000,0.513607,0.08029,0.685117,1.984004,0.769048,5.118365,0.171195,0.827802,0.211956,0.901889,2007
HLA-B*40:01,sensitization,1,1,0,25,344,3000,-1.05315,-0.131539,-0.756706,0.46921,0.089893,2.449097,0.953009,1.0,1.0,1.0,2020
HLA-B*40:01,skin_cancer,10,3,7,25,229,3000,1.656355,0.290396,2.1409,8.507091,3.840237,18.845347,6.51116e-06,0.000394844,6.51116e-06,0.00032081,2000
HLA-B*40:02,ABMR,1,1,0,2,669,3000,0.807436,0.100849,1.248802,3.486163,0.362024,33.570507,0.396329,1.0,0.396329,1.0,2019
HLA-B*40:02,DGF,1,1,0,2,211,3000,1.961362,0.244975,2.583773,13.247031,1.371943,127.908935,0.135742,0.747323,0.135742,0.771821,2003
HLA-B*40:02,HLA_mismatch_outcome,1,1,0,2,359,3000,1.429898,0.178595,1.996795,7.365411,0.764063,71.001086,0.225048,0.890479,0.225048,0.920829,2019
HLA-B*40:02,mixed_rejection,2,1,1,2,92,3000,3.484579,0.476477,5.079481,160.690608,7.658859,3371.451509,0.000930532,0.0208871,0.000930532,0.019117,2003
HLA-B*44,ABMR,8,4,4,217,669,3000,-1.799872,-0.303677,-2.038818,0.130183,0.065211,0.259887,1.0,1.0,3.59585e-15,1.65607e-12,2003
HLA-B*44,BK_nephropathy,47,40,7,217,305,3000,0.756306,0.18197,1.001293,2.721799,1.925503,3.847406,1.46245e-07,2.03453e-05,1.58058e-07,1.62525e-05,1998
HLA-B*44,CMV,27,25,2,217,388,3000,-0.038698,-0.008215,-0.033173,0.967371,0.638911,1.464691,0.621186,1.0,0.916394,1.0,1996
HLA-B*44,DGF,12,10,2,217,211,3000,-0.240481,-0.043554,-0.238244,0.78801,0.437311,1.419952,0.851202,1.0,0.489362,1.0,2004
HLA-B*44,DSA,35,32,3,217,652,3000,-0.298226,-0.067002,-0.382028,0.682476,0.471181,0.988522,0.986898,1.0,0.0400229,0.375557,1990
HLA-B*44,FSGS,6,5,1,217,70,3000,0.169734,0.027312,0.259115,1.295783,0.571488,2.938041,0.395468,1.0,0.637872,1.0,2001
HLA-B*44,HLA_mismatch_outcome,23,19,4,217,359,3000,-0.121358,-0.024915,-0.129208,0.878792,0.564304,1.368545,0.771168,1.0,0.587635,1.0,1991
HLA-B*44,IgA_nephropathy,13,12,1,217,121,3000,0.395629,0.072707,0.487263,1.627855,0.908468,2.916901,0.0943548,0.654396,0.148108,0.801804,1991
HLA-B*44,NODAT,4,4,0,217,87,3000,-0.453144,-0.06845,-0.383214,0.681667,0.261344,1.778001,0.885986,1.0,1.0,1.0,2003
HLA-B*44,PTLD,5,5,0,217,104,3000,-0.408483,-0.063856,-0.359102,0.698303,0.292607,1.666492,0.883277,1.0,0.440371,1.0,2005
HLA-B*44,TCMR,31,26,5,217,342,3000,0.225647,0.04935,0.293142,1.340633,0.902684,1.99106,0.102954,0.677936,0.182232,0.86035,1994
HLA-B*44,acute_rejection,37,27,10,217,377,3000,0.305143,0.069422,0.399382,1.490903,1.030263,2.157498,0.0282252,0.306205,0.0432367,0.397879,1994
HLA-B*44,chronic_rejection,35,30,5,217,345,3000,0.338274,0.075999,0.437988,1.549586,1.061395,2.262322,0.0207479,0.244123,0.0349962,0.342008,1990
HLA-B*44,complement_activation,16,14,2,217,289,3000,-0.267368,-0.051085,-0.285493,0.751643,0.448133,1.260713,0.905459,1.0,0.282371,1.0,2006
HLA-B*44,eGFR,24,19,5,217,292,3000,0.12777,0.026463,0.170772,1.18622,0.764936,1.839523,0.279598,0.948905,0.476064,1.0,1997
HLA-B*44,graft_loss,36,31,5,217,427,3000,0.153205,0.034639,0.206165,1.228956,0.847814,1.781444,0.175182,0.83194,0.312758,1.0,1993
HLA-B*44,graft_survival,31,28,3,217,380,3000,0.120286,0.026307,0.162549,1.176506,0.793495,1.744393,0.257251,0.931698,0.458131,1.0,1990
HLA-B*44,mixed_rejection,7,7,0,217,92,3000,0.050592,0.008348,0.117352,1.124516,0.526169,2.403287,0.502959,1.0,0.837621,1.0,1995
HLA-B*44,recurrent_GN,31,30,1,217,359,3000,0.177135,0.03874,0.233105,1.262514,0.850759,1.873553,0.162136,0.806008,0.277403,0.997863,1994
HLA-B*44,sensitization,27,23,4,217,344,3000,0.081665,0.017337,0.114611,1.121438,0.73938,1.700914,0.352421,1.0,0.657773,1.0,1990
HLA-B*44,skin_cancer,19,14,5,217,229,3000,0.137187,0.027102,0.183162,1.201009,0.738791,1.952409,0.29556,0.984346,0.506646,1.0,1990
HLA-B*44:02,ABMR,4,4,0,43,669,3000,-0.874322,-0.132071,-0.935364,0.392443,0.147439,1.044577,0.99294,1.0,1.0,1.0,2017
HLA-B*44:02,BK_nephropathy,8,7,1,43,305,3000,0.604297,0.101958,0.761389,2.141247,1.003421,4.56931,0.0642371,0.529341,0.0738503,0.575851,2002
HLA-B*44:02,CMV,6,5,1,43,388,3000,0.075922,0.012217,0.154532,1.167111,0.504036,2.702481,0.488728,1.0,0.818437,1.0,2015
HLA-B*44:02,DGF,3,2,1,43,211,3000,-0.008078,-0.001169,0.130696,1.139622,0.378955,3.427155,0.592144,1.0,1.0,1.0,2002
HLA-B*44:02,DSA,10,9,1,43,652,3000,0.067708,0.011871,0.121844,1.129578,0.561662,2.271732,0.463384,1.0,0.8521,1.0,2005
HLA-B*44:02,FSGS,2,2,0,43,70,3000,0.689819,0.094325,0.932602,2.541113,0.693436,9.311979,0.265405,0.947933,0.265405,0.988476,2016
HLA-B*44:02,HLA_mismatch_outcome,1,1,0,43,359,3000,-1.638155,-0.204607,-1.362893,0.255919,0.050038,1.308886,0.996002,1.0,1.0,1.0,2012
HLA-B*44:02,IgA_nephropathy,3,2,1,43,121,3000,0.547989,0.07933,0.727931,2.070792,0.684258,6.266902,0.249753,0.923998,0.249753,0.973033,2017
HLA-B*44:02,NODAT,1,1,0,43,87,3000,-0.220741,-0.027571,0.158406,1.171642,0.226749,6.054028,0.720434,1.0,1.0,1.0,2022
HLA-B*44:02,PTLD,4,2,2,43,104,3000,0.987071,0.149103,1.175321,3.239184,1.197308,8.763252,0.0597977,0.501495,0.0597977,0.48766,2007
HLA-B*44:02,TCMR,1,1,0,43,342,3000,-1.589643,-0.198547,-1.307794,0.270416,0.052864,1.38325,0.99472,1.0,1.0,1.0,2020
HLA-B*44:02,acute_rejection,6,6,0,43,377,3000,0.104682,0.016844,0.187973,1.206801,0.521087,2.794869,0.459468,1.0,0.815458,1.0,2002
HLA-B*44:02,chronic_rejection,5,5,0,43,345,3000,0.011061,0.001729,0.09365,1.098175,0.446236,2.702582,0.561235,1.0,1.0,1.0,2015
HLA-B*44:02,complement_activation,1,1,0,43,289,3000,-1.421259,-0.177516,-1.119088,0.326578,0.063804,1.671575,0.987575,1.0,1.0,1.0,2024
HLA-B*44:02,eGFR,2,2,0,43,292,3000,-0.738439,-0.100973,-0.592109,0.553159,0.153471,1.993769,0.932384,1.0,1.0,1.0,2011
HLA-B*44:02,graft_loss,7,7,0,43,427,3000,0.134294,0.022159,0.215081,1.239962,0.561325,2.739064,0.414219,1.0,0.66072,1.0,2010
HLA-B*44:02,graft_survival,4,4,0,43,380,3000,-0.308709,-0.046632,-0.247015,0.781129,0.292832,2.083658,0.813122,1.0,1.0,1.0,2002
HLA-B*44:02,mixed_rejection,1,1,0,43,92,3000,-0.276621,-0.03455,0.100469,1.105689,0.214143,5.709025,0.740481,1.0,1.0,1.0,2025
HLA-B*44:02,recurrent_GN,1,1,0,43,359,3000,-1.638155,-0.204607,-1.362893,0.255919,0.050038,1.308886,0.996002,1.0,1.0,1.0,2025
HLA-B*44:02,sensitization,5,3,2,43,344,3000,0.013964,0.002183,0.096973,1.10183,0.447713,2.711627,0.558512,1.0,1.0,1.0,2007
HLA-B*44:02,skin_cancer,1,1,0,43,229,3000,-1.188555,-0.148451,-0.863701,0.421599,0.082281,2.160227,0.967919,1.0,1.0,1.0,2019
HLA-B*44:03,ABMR,7,5,2,31,669,3000,0.012506,0.002064,0.064129,1.06623,0.468437,2.426892,0.555487,1.0,1.0,1.0,1998
HLA-B*44:03,BK_nephropathy,9,8,1,31,305,3000,1.049293,0.180628,1.336873,3.80712,1.766636,8.204384,0.00274866,0.0457788,0.00274866,0.0419393,2000
HLA-B*44:03,CMV,3,3,0,31,388,3000,-0.290013,-0.041984,-0.194395,0.823333,0.269908,2.511507,0.784768,1.0,1.0,1.0,2016
HLA-B*44:03,DGF,8,5,3,31,211,3000,1.299964,0.219332,1.592738,4.917194,2.215405,10.913938,0.00100629,0.0218338,0.00100629,0.019999,2009
HLA-B*44:03,DSA,5,5,0,31,652,3000,-0.298226,-0.04662,-0.295116,0.744445,0.295932,1.872725,0.836248,1.0,0.660752,1.0,1998
HLA-B*44:03,FSGS,2,2,0,31,70,3000,1.017032,0.139068,1.27805,3.589633,0.965543,13.3453,0.162224,0.806008,0.162224,0.825074,2007
HLA-B*44:03,HLA_mismatch_outcome,2,0,2,31,359,3000,-0.617795,-0.084476,-0.479172,0.619296,0.169489,2.262841,0.900911,1.0,1.0,1.0,2018
HLA-B*44:03,IgA_nephropathy,1,1,0,31,121,3000,-0.22341,-0.027904,0.150987,1.162982,0.223503,6.051495,0.722742,1.0,1.0,1.0,2010
HLA-B*44:03,TCMR,7,6,1,31,342,3000,0.68348,0.112777,0.877057,2.403814,1.052608,5.489528,0.0552477,0.48037,0.0782473,0.587924,2000
HLA-B*44:03,acute_rejection,3,3,0,31,377,3000,-0.261253,-0.03782,-0.161198,0.851123,0.278983,2.596613,0.767124,1.0,1.0,1.0,2003
HLA-B*44:03,chronic_rejection,13,12,1,31,345,3000,1.293785,0.237766,1.755866,5.788458,2.843605,11.783017,1.46672e-05,0.000754086,1.46672e-05,0.000608561,2000
HLA-B*44:03,complement_activation,3,3,0,31,289,3000,0.004566,0.000661,0.139998,1.150271,0.376515,3.514135,0.586112,1.0,1.0,1.0,2012
HLA-B*44:03,eGFR,3,3,0,31,292,3000,-0.005761,-0.000834,0.128462,1.137078,0.372219,3.473618,0.593439,1.0,1.0,1.0,2009
HLA-B*44:03,graft_loss,4,3,1,31,427,3000,-0.098109,-0.01482,-0.016187,0.983943,0.361257,2.679935,0.66283,1.0,1.0,1.0,2002
HLA-B*44:03,graft_survival,6,6,0,31,380,3000,0.423969,0.068221,0.569066,1.766617,0.741617,4.208285,0.190786,0.852948,0.272238,0.992043,2002
HLA-B*44:03,recurrent_GN,10,10,0,31,359,3000,0.991643,0.173857,1.297939,3.661743,1.73605,7.723486,0.00231179,0.0393336,0.00231179,0.0362078,2003
HLA-B*44:03,sensitization,4,3,1,31,344,3000,0.118033,0.01783,0.234025,1.263676,0.463461,3.445551,0.482839,1.0,0.77522,1.0,2004
HLA-B*44:03,skin_cancer,1,1,0,31,229,3000,-0.861342,-0.107582,-0.527537,0.590056,0.113916,3.056353,0.915789,1.0,1.0,1.0,2012
HLA-B*44:05,ABMR,1,1,0,3,669,3000,0.401971,0.050206,0.737547,2.0908,0.275668,15.857652,0.531037,1.0,0.531037,1.0,2019
HLA-B*44:05,DGF,3,2,1,3,211,3000,2.654509,0.38428,4.539589,93.652278,4.821128,1819.231854,0.000343335,0.00966653,0.000343335,0.00873106,2013
HLA-B*44:05,TCMR,1,1,0,3,342,3000,1.072945,0.134011,1.540591,4.66735,0.614577,35.445775,0.304583,0.993212,0.304583,1.0,2019
HLA-B*44:05,chronic_rejection,2,2,0,3,345,3000,1.757358,0.240299,2.55565,12.87967,1.695967,97.811959,0.0365548,0.367882,0.0365548,0.352866,2013
HLA-B*44:05,graft_survival,1,1,0,3,380,3000,0.967584,0.120852,1.420677,4.139921,0.545276,31.431692,0.333996,1.0,0.333996,1.0,2013
HLA-B*46,ABMR,5,5,0,31,669,3000,-0.323966,-0.050644,-0.328379,0.72009,0.286272,1.811321,0.853824,1.0,0.518145,1.0,2022
HLA-B*46,CMV,6,6,0,31,388,3000,0.403134,0.064869,0.544843,1.724337,0.723956,4.107072,0.204011,0.873592,0.279526,0.999408,2000
HLA-B*46,DGF,4,3,1,31,211,3000,0.606817,0.091663,0.778651,2.178532,0.796148,5.961209,0.169838,0.826725,0.27288,0.992043,2005
HLA-B*46,DSA,5,5,0,31,652,3000,-0.298226,-0.04662,-0.295116,0.744445,0.295932,1.872725,0.836248,1.0,0.660752,1.0,2000
HLA-B*46,FSGS,1,1,0,31,70,3000,0.323885,0.040453,0.71905,2.052483,0.391669,10.75572,0.520799,1.0,0.520799,1.0,2021
HLA-B*46,HLA_mismatch_outcome,6,4,2,31,359,3000,0.480817,0.077369,0.634833,1.886707,0.791758,4.4959,0.157937,0.797447,0.257026,0.977277,1996
HLA-B*46,PTLD,1,1,0,31,104,3000,-0.072011,-0.008994,0.309014,1.362081,0.261352,7.098731,0.66691,1.0,1.0,1.0,2020
HLA-B*46,TCMR,2,2,0,31,342,3000,-0.569283,-0.077843,-0.423966,0.654446,0.179073,2.391763,0.884214,1.0,1.0,1.0,2018
HLA-B*46,acute_rejection,6,5,1,31,377,3000,0.431895,0.069497,0.578264,1.782941,0.748435,4.24737,0.185924,0.844966,0.269709,0.992043,2004
HLA-B*46,chronic_rejection,3,3,0,31,345,3000,-0.172552,-0.024979,-0.059625,0.942118,0.308679,2.875432,0.70957,1.0,1.0,1.0,2004
HLA-B*46,complement_activation,5,5,0,31,289,3000,0.515392,0.080569,0.672492,1.959114,0.775698,4.947964,0.172518,0.827873,0.215081,0.902734,2018
HLA-B*46,eGFR,3,2,1,31,292,3000,-0.005761,-0.000834,0.128462,1.137078,0.372219,3.473618,0.593439,1.0,1.0,1.0,2006
HLA-B*46,graft_loss,5,5,0,31,427,3000,0.125034,0.019546,0.224282,1.251423,0.496654,3.15322,0.457416,1.0,0.794586,1.0,2001
HLA-B*46,graft_survival,4,4,0,31,380,3000,0.018503,0.002795,0.119737,1.1272,0.413626,3.071813,0.565509,1.0,1.0,1.0,1996
HLA-B*46,mixed_rejection,1,1,0,31,92,3000,0.050592,0.006319,0.436424,1.547165,0.296428,8.075204,0.621101,1.0,0.621101,1.0,2006
HLA-B*46,recurrent_GN,7,6,1,31,359,3000,0.634968,0.104772,0.821154,2.273122,0.995707,5.189364,0.0686312,0.550213,0.0874609,0.615554,2002
HLA-B*46,sensitization,4,4,0,31,344,3000,0.118033,0.01783,0.234025,1.263676,0.463461,3.445551,0.482839,1.0,0.77522,1.0,2001
HLA-B*46,skin_cancer,1,0,1,31,229,3000,-0.861342,-0.107582,-0.527537,0.590056,0.113916,3.056353,0.915789,1.0,1.0,1.0,2001
HLA-B*46:01,ABMR,3,2,1,25,669,3000,-0.61968,-0.089708,-0.618006,0.539018,0.174208,1.667777,0.94083,1.0,1.0,1.0,2009
HLA-B*46:01,CMV,5,5,0,25,388,3000,0.435924,0.068146,0.595362,1.813687,0.703327,4.676996,0.214457,0.885232,0.361122,1.0,2001
HLA-B*46:01,DGF,5,2,3,25,211,3000,1.045072,0.163371,1.280445,3.59824,1.389132,9.320449,0.027365,0.301015,0.027365,0.285103,2001
HLA-B*46:01,DSA,6,5,1,25,652,3000,0.099207,0.015963,0.183223,1.201083,0.49226,2.930562,0.468711,1.0,0.807629,1.0,1997
HLA-B*46:01,HLA_mismatch_outcome,3,3,0,25,359,3000,0.002782,0.000403,0.133652,1.142995,0.368625,3.544083,0.590065,1.0,1.0,1.0,1996
HLA-B*46:01,TCMR,4,4,0,25,342,3000,0.338975,0.051204,0.489087,1.630827,0.586695,4.533183,0.316566,1.0,0.519897,1.0,2009
HLA-B*46:01,acute_rejection,9,9,0,25,377,3000,1.052471,0.181175,1.404638,4.074051,1.820242,9.118508,0.00228148,0.0393336,0.00228148,0.0362078,2001
HLA-B*46:01,chronic_rejection,4,3,1,25,345,3000,0.330242,0.049885,0.479125,1.614662,0.580907,4.488034,0.322498,1.0,0.521643,1.0,2006
HLA-B*46:01,complement_activation,1,1,0,25,289,3000,-0.878935,-0.109779,-0.561536,0.570332,0.109197,2.978813,0.921377,1.0,1.0,1.0,2018
HLA-B*46:01,eGFR,1,1,0,25,292,3000,-0.889262,-0.111069,-0.572998,0.563832,0.107957,2.944745,0.923533,1.0,1.0,1.0,2014
HLA-B*46:01,graft_loss,6,5,1,25,427,3000,0.522467,0.084071,0.70318,2.020166,0.826557,4.937433,0.133635,0.747323,0.154805,0.812737,2009
HLA-B*46:01,graft_survival,1,0,1,25,380,3000,-1.15268,-0.14397,-0.870143,0.418892,0.080279,2.185769,0.966645,1.0,1.0,1.0,1996
HLA-B*46:01,mixed_rejection,1,1,0,25,92,3000,0.265703,0.033186,0.65756,1.930077,0.366367,10.167951,0.542441,1.0,0.542441,1.0,2014
HLA-B*46:01,recurrent_GN,2,2,0,25,359,3000,-0.402683,-0.055062,-0.249488,0.7792,0.210547,2.883689,0.819451,1.0,1.0,1.0,2010
HLA-B*46:01,skin_cancer,1,1,0,25,229,3000,-0.64623,-0.080715,-0.306298,0.736168,0.140801,3.848993,0.86377,1.0,1.0,1.0,2009
HLA-B*51,ABMR,6,5,1,44,669,3000,-0.491847,-0.079144,-0.538551,0.583593,0.253049,1.34591,0.949329,1.0,0.20222,0.892258,2004
HLA-B*51,BK_nephropathy,6,6,0,44,305,3000,0.293626,0.047248,0.404171,1.49806,0.646932,3.46896,0.286571,0.961332,0.446305,1.0,1998
HLA-B*51,CMV,18,16,2,44,388,3000,1.151544,0.225087,1.583833,4.873603,2.664767,8.913351,2.89427e-06,0.000207423,2.89427e-06,0.000159185,1990
HLA-B*51,DGF,4,4,0,44,211,3000,0.256614,0.038763,0.386818,1.472289,0.550305,3.938969,0.374696,1.0,0.547478,1.0,1997
HLA-B*51,DSA,6,5,1,44,652,3000,-0.466107,-0.075002,-0.50521,0.603379,0.261606,1.391656,0.939669,1.0,0.267476,0.992043,1994
HLA-B*51,FSGS,1,0,1,44,70,3000,-0.026317,-0.003287,0.359524,1.432647,0.276522,7.422467,0.648815,1.0,1.0,1.0,1990
HLA-B*51,HLA_mismatch_outcome,4,4,0,44,359,3000,-0.27485,-0.041518,-0.206906,0.813096,0.305098,2.166929,0.790281,1.0,1.0,1.0,1990
HLA-B*51,IgA_nephropathy,4,2,2,44,121,3000,0.812682,0.12276,0.98772,2.685106,0.99647,7.235341,0.0991716,0.668207,0.0991716,0.662545,1996
HLA-B*51,NODAT,1,1,0,44,87,3000,-0.24373,-0.030442,0.134801,1.144309,0.221599,5.909056,0.728659,1.0,1.0,1.0,2007
HLA-B*51,TCMR,2,2,0,44,342,3000,-0.919486,-0.125729,-0.794036,0.452017,0.12561,1.626619,0.968459,1.0,1.0,1.0,2007
HLA-B*51,acute_rejection,8,7,1,44,377,3000,0.369374,0.062321,0.489051,1.630767,0.766956,3.467476,0.179841,0.843895,0.251339,0.973033,2009
HLA-B*51,chronic_rejection,2,2,0,44,345,3000,-0.928219,-0.126923,-0.803955,0.447555,0.124375,1.610503,0.969747,1.0,1.0,1.0,2017
HLA-B*51,complement_activation,1,1,0,44,289,3000,-1.444249,-0.180388,-1.142719,0.318951,0.062353,1.631498,0.98879,1.0,1.0,1.0,2007
HLA-B*51,eGFR,4,4,0,44,292,3000,-0.068282,-0.010314,0.027352,1.02773,0.385149,2.74239,0.633297,1.0,1.0,1.0,1990
HLA-B*51,graft_loss,11,10,1,44,427,3000,0.563289,0.100435,0.739031,2.093906,1.063106,4.124183,0.0397533,0.390572,0.0490574,0.428121,1998
HLA-B*51,graft_survival,6,5,1,44,380,3000,0.073766,0.01187,0.152065,1.164236,0.50353,2.69189,0.490792,1.0,0.81892,1.0,1999
HLA-B*51,mixed_rejection,2,2,0,44,92,3000,0.393537,0.053812,0.622284,1.863178,0.511546,6.786163,0.393285,1.0,0.393285,1.0,1996
HLA-B*51,sensitization,2,2,0,44,344,3000,-0.925317,-0.126527,-0.800657,0.449034,0.124784,1.615844,0.969323,1.0,1.0,1.0,2018
HLA-B*51,skin_cancer,1,1,0,44,229,3000,-1.211544,-0.151323,-0.887325,0.411756,0.080411,2.108452,0.970404,1.0,1.0,1.0,1999
HLA-B*51:01,ABMR,3,2,1,27,669,3000,-0.696641,-0.100849,-0.70403,0.494588,0.160841,1.520868,0.959223,1.0,1.0,1.0,2013
HLA-B*51:01,BK_nephropathy,1,1,0,27,305,3000,-1.009781,-0.126122,-0.700704,0.496236,0.095372,2.582001,0.945421,1.0,1.0,1.0,2017
HLA-B*51:01,CMV,2,1,1,27,388,3000,-0.557327,-0.076208,-0.421072,0.656343,0.178276,2.416392,0.882026,1.0,1.0,1.0,1997
HLA-B*51:01,DGF,4,4,0,27,211,3000,0.744967,0.112532,0.937284,2.553038,0.922121,7.068491,0.117181,0.719288,0.117181,0.721156,1997
HLA-B*51:01,DSA,8,7,1,27,652,3000,0.309928,0.052291,0.454586,1.575521,0.700681,3.542648,0.216742,0.885232,0.347019,1.0,1997
HLA-B*51:01,FSGS,1,1,0,27,70,3000,0.462035,0.057708,0.86101,2.365549,0.448832,12.467513,0.472854,1.0,0.472854,1.0,2015
HLA-B*51:01,HLA_mismatch_outcome,2,2,0,27,359,3000,-0.479645,-0.065586,-0.33193,0.717537,0.194839,2.642487,0.851667,1.0,1.0,1.0,1996
HLA-B*51:01,IgA_nephropathy,3,3,0,27,121,3000,1.013352,0.146698,1.236179,3.442435,1.106505,10.709725,0.0927151,0.646291,0.0927151,0.631209,2000
HLA-B*51:01,TCMR,1,1,0,27,342,3000,-1.12428,-0.140423,-0.829338,0.436338,0.083894,2.269416,0.962491,1.0,1.0,1.0,2010
HLA-B*51:01,acute_rejection,5,5,0,27,377,3000,0.387723,0.060611,0.534839,1.707174,0.667793,4.364289,0.245731,0.923998,0.374512,1.0,2000
HLA-B*51:01,chronic_rejection,2,2,0,27,345,3000,-0.439867,-0.060147,-0.286646,0.750778,0.203832,2.765358,0.834734,1.0,1.0,1.0,2013
HLA-B*51:01,complement_activation,1,1,0,27,289,3000,-0.955896,-0.119392,-0.640753,0.526896,0.101243,2.742105,0.935913,1.0,1.0,1.0,2025
HLA-B*51:01,eGFR,1,1,0,27,292,3000,-0.966223,-0.120682,-0.652215,0.520891,0.100093,2.710741,0.937809,1.0,1.0,1.0,2014
HLA-B*51:01,graft_loss,2,2,0,27,427,3000,-0.653106,-0.089305,-0.532392,0.587198,0.15955,2.161094,0.914185,1.0,1.0,1.0,2001
HLA-B*51:01,graft_survival,4,3,1,27,380,3000,0.156654,0.023663,0.278464,1.321099,0.479095,3.642911,0.452428,1.0,0.768755,1.0,1999
HLA-B*51:01,mixed_rejection,3,3,0,27,92,3000,1.287354,0.186364,1.526958,4.60415,1.473105,14.390142,0.0479858,0.445045,0.0479858,0.423457,2000
HLA-B*51:01,recurrent_GN,2,2,0,27,359,3000,-0.479645,-0.065586,-0.33193,0.717537,0.194839,2.642487,0.851667,1.0,1.0,1.0,2019
HLA-B*51:01,sensitization,3,0,3,27,344,3000,-0.031499,-0.00456,0.096431,1.101234,0.357283,3.394276,0.613503,1.0,1.0,1.0,2014
HLA-B*51:08,CMV,1,1,0,3,388,3000,0.94675,0.11825,1.396756,4.042065,0.532414,30.687185,0.34008,1.0,0.34008,1.0,2008
HLA-B*51:08,TCMR,1,1,0,3,342,3000,1.072945,0.134011,1.540591,4.66735,0.614577,35.445775,0.304583,0.993212,0.304583,1.0,2017
HLA-B*51:08,eGFR,3,2,1,3,292,3000,2.329614,0.337246,4.181905,65.490501,3.374295,1271.082182,0.000913576,0.0208871,0.000913576,0.019117,2008
HLA-B*51:08,graft_loss,1,1,0,3,427,3000,0.850971,0.106287,1.285807,3.617585,0.476606,27.458564,0.369212,1.0,0.369212,1.0,2019
HLA-B*51:08,graft_survival,1,1,0,3,380,3000,0.967584,0.120852,1.420677,4.139921,0.545276,31.431692,0.333996,1.0,0.333996,1.0,2019
HLA-B*51:08,mixed_rejection,1,1,0,3,92,3000,2.385967,0.298009,2.94754,19.059016,2.490771,145.836805,0.0892363,0.639527,0.0892363,0.618897,2017
HLA-B*51:08,skin_cancer,1,1,0,3,229,3000,1.474033,0.184108,1.98406,7.27221,0.956275,55.303148,0.21203,0.884392,0.21203,0.901889,2017
HLA-B*55,ABMR,4,3,1,24,669,3000,-0.291176,-0.043984,-0.271234,0.762438,0.273841,2.122804,0.817084,1.0,1.0,1.0,2004
HLA-B*55,BK_nephropathy,2,1,1,24,305,3000,-0.198851,-0.027191,-0.021462,0.978766,0.26355,3.634918,0.717662,1.0,1.0,1.0,2005
HLA-B*55,CMV,11,7,4,24,388,3000,1.265204,0.225588,1.769161,5.865931,2.651873,12.975413,7.60731e-05,0.00294939,7.60731e-05,0.00246456,2001
HLA-B*55,DSA,7,6,1,24,652,3000,0.294179,0.048541,0.436944,1.547969,0.655144,3.657531,0.253039,0.925285,0.453735,1.0,2001
HLA-B*55,HLA_mismatch_outcome,1,1,0,24,359,3000,-1.055009,-0.131771,-0.763107,0.466216,0.089152,2.438046,0.953648,1.0,1.0,1.0,2012
HLA-B*55,PTLD,4,4,0,24,104,3000,1.570217,0.23719,1.837824,6.282854,2.221725,17.767391,0.00848272,0.116637,0.00848272,0.110838,2001
HLA-B*55,TCMR,3,3,0,24,342,3000,0.092115,0.013335,0.234823,1.264685,0.40635,3.936086,0.526629,1.0,0.749272,1.0,2012
HLA-B*55,chronic_rejection,2,2,0,24,345,3000,-0.322083,-0.044041,-0.160343,0.851852,0.229503,3.161836,0.781709,1.0,1.0,1.0,2013
HLA-B*55,complement_activation,1,1,0,24,289,3000,-0.838113,-0.104681,-0.519492,0.594823,0.113657,3.112999,0.912921,1.0,1.0,1.0,2019
HLA-B*55,eGFR,10,4,6,24,292,3000,1.454145,0.254944,1.932516,6.906866,3.092195,15.427487,3.72326e-05,0.00169337,3.72326e-05,0.0013977,2004
HLA-B*55,graft_loss,1,1,0,24,427,3000,-1.22847,-0.153437,-0.963103,0.381707,0.073029,1.995104,0.975284,1.0,1.0,1.0,2013
HLA-B*55,graft_survival,4,4,0,24,380,3000,0.274437,0.041455,0.416193,1.516179,0.543433,4.230147,0.361934,1.0,0.534454,1.0,2014
HLA-B*55,mixed_rejection,1,1,0,24,92,3000,0.306525,0.038285,0.699579,2.012905,0.381323,10.625602,0.527845,1.0,0.527845,1.0,2023
HLA-B*55,recurrent_GN,4,3,1,24,359,3000,0.331286,0.050043,0.481629,1.618709,0.580015,4.517507,0.321681,1.0,0.520581,1.0,2010
HLA-B*55,sensitization,1,1,0,24,344,3000,-1.012328,-0.12644,-0.714653,0.489362,0.093565,2.559443,0.946868,1.0,1.0,1.0,2013
HLA-B*55,skin_cancer,1,1,0,24,229,3000,-0.605408,-0.075616,-0.264261,0.767773,0.14655,4.02234,0.852414,1.0,1.0,1.0,1995
HLA-B*55:01,ABMR,6,5,1,20,669,3000,0.296611,0.047728,0.448369,1.565756,0.618273,3.965225,0.276425,0.947933,0.419592,1.0,2015
HLA-B*55:01,BK_nephropathy,1,1,0,20,305,3000,-0.709676,-0.088639,-0.391355,0.67614,0.127923,3.573746,0.883688,1.0,1.0,1.0,2010
HLA-B*55:01,CMV,3,3,0,20,388,3000,0.148242,0.02146,0.297555,1.346563,0.42525,4.263922,0.488841,1.0,0.736696,1.0,2001
HLA-B*55:01,DSA,5,5,0,20,652,3000,0.140029,0.02189,0.245914,1.278789,0.481542,3.395973,0.446456,1.0,0.785046,1.0,2017
HLA-B*55:01,HLA_mismatch_outcome,1,0,1,20,359,3000,-0.872687,-0.108999,-0.574995,0.562708,0.106522,2.972528,0.922521,1.0,1.0,1.0,2021
HLA-B*55:01,IgA_nephropathy,1,1,0,20,121,3000,0.214845,0.026834,0.602153,1.826045,0.343501,9.707217,0.562229,1.0,0.562229,1.0,2015
HLA-B*55:01,NODAT,1,1,0,20,87,3000,0.544727,0.068037,0.945474,2.574033,0.482399,13.734792,0.445937,1.0,0.445937,1.0,2026
HLA-B*55:01,PTLD,6,4,2,20,104,3000,2.158004,0.347247,2.57401,13.118327,5.090041,33.809256,3.92289e-05,0.0017505,3.92289e-05,0.00144963,2001
HLA-B*55:01,acute_rejection,1,1,0,20,377,3000,-0.92161,-0.11511,-0.630871,0.532128,0.100748,2.810564,0.932459,1.0,1.0,1.0,2018
HLA-B*55:01,chronic_rejection,9,8,1,20,345,3000,1.364315,0.234857,1.870584,6.492086,2.728653,15.446148,0.000167584,0.0055822,0.000167584,0.00477514,2003
HLA-B*55:01,complement_activation,1,1,0,20,289,3000,-0.655791,-0.081909,-0.331419,0.717904,0.135797,3.795279,0.869016,1.0,1.0,1.0,2025
HLA-B*55:01,eGFR,7,7,0,20,292,3000,1.279792,0.211171,1.65731,5.245184,2.130571,12.912947,0.00195649,0.0350538,0.00195649,0.0325804,2010
HLA-B*55:01,graft_loss,6,5,1,20,427,3000,0.745611,0.119977,1.001401,2.722093,1.073049,6.905357,0.053679,0.473697,0.053679,0.456657,2012
HLA-B*55:01,graft_survival,2,1,1,20,380,3000,-0.236389,-0.032323,-0.073468,0.929166,0.246948,3.496082,0.741122,1.0,1.0,1.0,2013
HLA-B*55:01,recurrent_GN,1,1,0,20,359,3000,-0.872687,-0.108999,-0.574995,0.562708,0.106522,2.972528,0.922521,1.0,1.0,1.0,2003
HLA-B*55:01,sensitization,3,1,2,20,344,3000,0.268606,0.038885,0.435559,1.545827,0.487912,4.897571,0.406954,1.0,0.493761,1.0,2012
HLA-B*57,ABMR,6,5,1,36,669,3000,-0.291176,-0.046853,-0.302137,0.739237,0.315603,1.731515,0.84649,1.0,0.546162,1.0,1993
HLA-B*57,CMV,2,1,1,36,388,3000,-0.84501,-0.115545,-0.726837,0.483436,0.133317,1.753033,0.957483,1.0,1.0,1.0,2010
HLA-B*57,DGF,1,1,0,36,211,3000,-0.92901,-0.116034,-0.592562,0.552909,0.107275,2.849753,0.928743,1.0,1.0,1.0,1994
HLA-B*57,DSA,5,2,3,36,652,3000,-0.447758,-0.069996,-0.470114,0.624931,0.251561,1.552461,0.918282,1.0,0.312336,1.0,2010
HLA-B*57,FSGS,2,2,0,36,70,3000,0.867501,0.118621,1.119756,3.064107,0.830146,11.30975,0.204532,0.873592,0.204532,0.892258,2008
HLA-B*57,HLA_mismatch_outcome,4,4,0,36,359,3000,-0.074179,-0.011205,0.016226,1.016358,0.37688,2.740881,0.640667,1.0,1.0,1.0,2003
HLA-B*57,NODAT,1,1,0,36,87,3000,-0.043059,-0.005378,0.340813,1.40609,0.270652,7.304908,0.655534,1.0,1.0,1.0,2008
HLA-B*57,TCMR,6,6,0,36,342,3000,0.379797,0.061114,0.509646,1.664702,0.708458,3.911641,0.221158,0.889522,0.292146,1.0,2003
HLA-B*57,acute_rejection,7,6,1,36,377,3000,0.436514,0.072027,0.576808,1.780347,0.79289,3.997576,0.157456,0.797393,0.205609,0.892258,1996
HLA-B*57,chronic_rejection,5,5,0,36,345,3000,0.188742,0.029505,0.296991,1.345803,0.540213,3.35273,0.400006,1.0,0.599009,1.0,1994
HLA-B*57,complement_activation,3,2,1,36,289,3000,-0.144966,-0.020986,-0.023509,0.976765,0.322626,2.957205,0.688738,1.0,1.0,1.0,2010
HLA-B*57,eGFR,6,5,1,36,292,3000,0.537854,0.086547,0.689349,1.992418,0.846952,4.687079,0.131217,0.747323,0.155712,0.812737,1992
HLA-B*57,graft_loss,3,2,1,36,427,3000,-0.535323,-0.077496,-0.469578,0.625266,0.206925,1.889366,0.904641,1.0,1.0,1.0,1992
HLA-B*57,graft_survival,4,2,2,36,380,3000,-0.131028,-0.019793,-0.049247,0.951946,0.3531,2.566412,0.686739,1.0,1.0,1.0,1997
HLA-B*57,mixed_rejection,1,1,0,36,92,3000,-0.09894,-0.012358,0.28288,1.326945,0.255606,6.888666,0.676313,1.0,1.0,1.0,2022
HLA-B*57,recurrent_GN,5,4,1,36,359,3000,0.148964,0.023287,0.251349,1.285759,0.516234,3.202377,0.435009,1.0,0.611652,1.0,2022
HLA-B*57,sensitization,6,5,1,36,344,3000,0.373966,0.060175,0.502959,1.653607,0.703763,3.88542,0.225161,0.890479,0.294616,1.0,2010
HLA-B*57,skin_cancer,1,1,0,36,229,3000,-1.010873,-0.126259,-0.681169,0.506025,0.098222,2.606973,0.943643,1.0,1.0,1.0,2024
HLA-B*57:01,ABMR,4,4,0,23,669,3000,-0.248616,-0.037555,-0.220791,0.801884,0.286664,2.243107,0.788866,1.0,1.0,1.0,2005
HLA-B*57:01,BK_nephropathy,1,0,1,23,305,3000,-0.849438,-0.106095,-0.535578,0.585331,0.111622,3.06941,0.915881,1.0,1.0,1.0,2018
HLA-B*57:01,CMV,2,2,0,23,388,3000,-0.396985,-0.054283,-0.248902,0.779656,0.209516,2.901283,0.818427,1.0,1.0,1.0,2010
HLA-B*57:01,DSA,7,7,0,23,652,3000,0.336739,0.055563,0.496213,1.64249,0.689815,3.910868,0.217097,0.885232,0.312157,1.0,2021
HLA-B*57:01,FSGS,1,1,0,23,70,3000,0.622378,0.077735,1.026016,2.789928,0.525274,14.818348,0.420188,1.0,0.420188,1.0,2018
HLA-B*57:01,HLA_mismatch_outcome,6,4,2,23,359,3000,0.77931,0.1254,1.014363,2.757608,1.113205,6.831084,0.048388,0.445283,0.048388,0.423843,2014
HLA-B*57:01,IgA_nephropathy,1,0,1,23,121,3000,0.075083,0.009378,0.458002,1.580913,0.299741,8.33814,0.613435,1.0,0.613435,1.0,2021
HLA-B*57:01,TCMR,4,4,0,23,342,3000,0.422357,0.063799,0.587484,1.799455,0.641609,5.046749,0.262904,0.947818,0.324032,1.0,2006
HLA-B*57:01,acute_rejection,4,4,0,23,377,3000,0.324923,0.049081,0.475741,1.609206,0.574065,4.510893,0.325945,1.0,0.520992,1.0,1998
HLA-B*57:01,chronic_rejection,1,1,0,23,345,3000,-0.972671,-0.121487,-0.674075,0.509627,0.097227,2.671265,0.940446,1.0,1.0,1.0,2022
HLA-B*57:01,complement_activation,9,9,0,23,289,3000,1.401671,0.241287,1.84065,6.300633,2.754796,14.410497,0.000152844,0.00523877,0.000152844,0.00446266,2006
HLA-B*57:01,eGFR,3,3,0,23,292,3000,0.292732,0.042377,0.460921,1.585534,0.507063,4.957803,0.390925,1.0,0.484932,1.0,2013
HLA-B*57:01,graft_loss,3,3,0,23,427,3000,-0.087298,-0.012638,0.026646,1.027005,0.32904,3.205501,0.656082,1.0,1.0,1.0,2013
HLA-B*57:01,graft_survival,3,3,0,23,380,3000,0.029314,0.004244,0.162227,1.176127,0.376635,3.672716,0.572171,1.0,1.0,1.0,2005
HLA-B*57:01,recurrent_GN,10,9,1,23,359,3000,1.290136,0.22619,1.766351,5.849467,2.591338,13.204092,0.000144377,0.00502133,0.000144377,0.00426813,2006
HLA-B*57:01,sensitization,2,1,1,23,344,3000,-0.276621,-0.037825,-0.111206,0.894755,0.240331,3.331177,0.759475,1.0,1.0,1.0,2005
HLA-B*57:01,skin_cancer,2,2,0,23,229,3000,0.130299,0.017817,0.340626,1.405827,0.376801,5.245071,0.533779,1.0,0.693665,1.0,2006
HLA-B*58,ABMR,8,7,1,43,669,3000,-0.181175,-0.030568,-0.184835,0.831241,0.391309,1.765773,0.775354,1.0,0.712245,1.0,1999
HLA-B*58,BK_nephropathy,3,3,0,43,305,3000,-0.376532,-0.054509,-0.276232,0.758637,0.252919,2.27555,0.828552,1.0,1.0,1.0,1999
HLA-B*58,CMV,8,7,1,43,388,3000,0.363604,0.061348,0.483623,1.621939,0.761457,3.454806,0.183633,0.844966,0.253035,0.973033,1990
HLA-B*58,DGF,2,1,1,43,211,3000,-0.413544,-0.056547,-0.235316,0.790321,0.218837,2.854213,0.817256,1.0,1.0,1.0,2004
HLA-B*58,DSA,4,4,0,43,652,3000,-0.848583,-0.128183,-0.902099,0.405717,0.152415,1.079985,0.991161,1.0,1.0,1.0,1990
HLA-B*58,FSGS,3,3,0,43,70,3000,1.095284,0.158559,1.308518,3.700686,1.209459,11.323309,0.0773733,0.593895,0.0773733,0.587924,1990
HLA-B*58,HLA_mismatch_outcome,7,7,0,43,359,3000,0.307755,0.050781,0.41792,1.518799,0.686807,3.358658,0.249649,0.923998,0.346065,1.0,1990
HLA-B*58,IgA_nephropathy,2,1,1,43,121,3000,0.142524,0.019489,0.358312,1.430912,0.394101,5.195396,0.52354,1.0,0.691664,1.0,2003
HLA-B*58,PTLD,1,1,0,43,104,3000,-0.399223,-0.049863,-0.026959,0.973402,0.188802,5.018539,0.783038,1.0,1.0,1.0,2007
HLA-B*58,TCMR,4,4,0,43,342,3000,-0.203349,-0.030717,-0.126009,0.881607,0.330311,2.353031,0.739647,1.0,1.0,1.0,2006
HLA-B*58,acute_rejection,1,1,0,43,377,3000,-1.687078,-0.210717,-1.418831,0.241997,0.047324,1.237489,0.997027,1.0,1.0,1.0,2026
HLA-B*58,chronic_rejection,3,2,1,43,345,3000,-0.499765,-0.072348,-0.4156,0.659944,0.220163,1.978202,0.887536,1.0,1.0,1.0,2009
HLA-B*58,complement_activation,3,2,1,43,289,3000,-0.322647,-0.046708,-0.215882,0.80583,0.268567,2.417878,0.798688,1.0,1.0,1.0,2005
HLA-B*58,eGFR,6,6,0,43,292,3000,0.360173,0.057956,0.480118,1.616265,0.696637,3.74989,0.236229,0.914736,0.303846,1.0,1990
HLA-B*58,graft_loss,5,4,1,43,427,3000,-0.202179,-0.031606,-0.153953,0.857312,0.348777,2.107314,0.753499,1.0,0.825909,1.0,1997
HLA-B*58,graft_survival,10,10,0,43,380,3000,0.607581,0.106523,0.783424,2.188954,1.085147,4.415549,0.0382433,0.383243,0.059001,0.484505,1990
HLA-B*58,mixed_rejection,3,3,0,43,92,3000,0.821991,0.118995,1.018767,2.769777,0.91091,8.421976,0.143489,0.770257,0.143489,0.792879,2018
HLA-B*58,recurrent_GN,13,4,9,43,359,3000,0.926794,0.170322,1.20476,3.335959,1.740754,6.392992,0.00104559,0.0221567,0.00104559,0.0202689,2004
HLA-B*58,sensitization,3,3,0,43,344,3000,-0.496862,-0.071928,-0.412294,0.66213,0.220889,1.984782,0.886306,1.0,1.0,1.0,2007
HLA-B*58,skin_cancer,5,2,3,43,229,3000,0.420883,0.065795,0.553552,1.739421,0.704546,4.294377,0.227739,0.896177,0.375576,1.0,1999
HLA-B*58:01,ABMR,5,4,1,25,669,3000,-0.108854,-0.017017,-0.06906,0.933271,0.362688,2.401495,0.685611,1.0,1.0,1.0,2006
HLA-B*58:01,BK_nephropathy,2,1,1,25,305,3000,-0.239673,-0.032773,-0.065322,0.936766,0.252941,3.46931,0.73879,1.0,1.0,1.0,2013
HLA-B*58:01,CMV,3,2,1,25,388,3000,-0.074901,-0.010843,0.044313,1.045309,0.337239,3.24005,0.645664,1.0,1.0,1.0,1990
HLA-B*58:01,DGF,2,2,0,25,211,3000,0.128781,0.017609,0.339905,1.404814,0.378507,5.213914,0.533944,1.0,0.694223,1.0,2004
HLA-B*58:01,DSA,8,7,1,25,652,3000,0.386889,0.065276,0.563658,1.757087,0.770738,4.005712,0.156519,0.796057,0.223615,0.920829,2012
HLA-B*58:01,FSGS,1,1,0,25,70,3000,0.538997,0.067321,0.94017,2.560417,0.484082,13.542625,0.447139,1.0,0.447139,1.0,1990
HLA-B*58:01,HLA_mismatch_outcome,2,1,1,25,359,3000,-0.402683,-0.055062,-0.249488,0.7792,0.210547,2.883689,0.819451,1.0,1.0,1.0,1990
HLA-B*58:01,PTLD,1,1,0,25,104,3000,0.143101,0.017873,0.530158,1.699201,0.323014,8.938569,0.587557,1.0,0.587557,1.0,2017
HLA-B*58:01,TCMR,6,5,1,25,342,3000,0.74444,0.119789,0.961134,2.614661,1.068449,6.398478,0.0569597,0.491641,0.0569597,0.473389,2006
HLA-B*58:01,acute_rejection,2,2,0,25,377,3000,-0.451606,-0.061752,-0.305509,0.736748,0.199115,2.726057,0.841186,1.0,1.0,1.0,2012
HLA-B*58:01,chronic_rejection,3,3,0,25,345,3000,0.04256,0.006161,0.179045,1.196075,0.38567,3.709375,0.561525,1.0,0.76067,1.0,2021
HLA-B*58:01,complement_activation,1,1,0,25,289,3000,-0.878935,-0.109779,-0.561536,0.570332,0.109197,2.978813,0.921377,1.0,1.0,1.0,2017
HLA-B*58:01,eGFR,5,4,1,25,292,3000,0.720176,0.112581,0.919839,2.508887,0.971231,6.480966,0.0887291,0.637825,0.0887291,0.618897,1990
HLA-B*58:01,graft_loss,4,4,0,25,427,3000,0.117002,0.017674,0.232299,1.261497,0.454323,3.502741,0.485432,1.0,0.772989,1.0,2006
HLA-B*58:01,graft_survival,5,5,0,25,380,3000,0.456758,0.071403,0.619524,1.858043,0.720449,4.791907,0.202137,0.872801,0.235493,0.947177,2006
HLA-B*58:01,mixed_rejection,1,1,0,25,92,3000,0.265703,0.033186,0.65756,1.930077,0.366367,10.167951,0.542441,1.0,0.542441,1.0,2018
HLA-B*58:01,recurrent_GN,4,4,0,25,359,3000,0.290464,0.043876,0.43362,1.542832,0.555183,4.287467,0.350345,1.0,0.530894,1.0,2004
HLA-B*58:01,sensitization,1,1,0,25,344,3000,-1.05315,-0.131539,-0.756706,0.46921,0.089893,2.449097,0.953009,1.0,1.0,1.0,2019
HLA-B*58:01,skin_cancer,1,1,0,25,229,3000,-0.64623,-0.080715,-0.306298,0.736168,0.140801,3.848993,0.86377,1.0,1.0,1.0,2019
HLA-C*03,ABMR,14,13,1,64,669,3000,-0.019242,-0.003585,-0.000635,0.999366,0.553763,1.803537,0.582479,1.0,1.0,1.0,1990
HLA-C*03,BK_nephropathy,6,6,0,64,305,3000,-0.081068,-0.013045,-0.021752,0.978483,0.431332,2.219703,0.646032,1.0,1.0,1.0,2007
HLA-C*03,CMV,11,10,1,64,388,3000,0.284374,0.050704,0.376662,1.457412,0.763756,2.781058,0.197255,0.860061,0.343291,1.0,1997
HLA-C*03,DGF,4,4,0,64,211,3000,-0.118079,-0.017837,-0.021824,0.978413,0.371626,2.575953,0.66986,1.0,1.0,1.0,2005
HLA-C*03,DSA,13,10,3,64,652,3000,-0.067611,-0.012425,-0.060002,0.941763,0.513928,1.725761,0.658471,1.0,0.878872,1.0,1996
HLA-C*03,FSGS,1,0,1,64,70,3000,-0.401011,-0.050086,-0.025706,0.974622,0.189717,5.006858,0.782883,1.0,1.0,1.0,2021
HLA-C*03,HLA_mismatch_outcome,9,7,2,64,359,3000,0.161387,0.027781,0.233609,1.26315,0.629041,2.536478,0.355878,1.0,0.560082,1.0,1994
HLA-C*03,IgA_nephropathy,4,0,4,64,121,3000,0.437988,0.066161,0.579311,1.784807,0.673002,4.733324,0.256913,0.931698,0.326618,1.0,1995
HLA-C*03,NODAT,1,1,0,64,87,3000,-0.618424,-0.077241,-0.25047,0.778435,0.152032,3.985747,0.851,1.0,1.0,1.0,2021
HLA-C*03,PTLD,2,2,0,64,104,3000,-0.103759,-0.014188,0.100882,1.106146,0.307725,3.976141,0.658266,1.0,1.0,1.0,2012
HLA-C*03,TCMR,6,6,0,64,342,3000,-0.195567,-0.031469,-0.152364,0.858676,0.37884,1.946267,0.75455,1.0,0.841603,1.0,2012
HLA-C*03,acute_rejection,6,6,0,64,377,3000,-0.293001,-0.047147,-0.264865,0.76731,0.338749,1.738056,0.833646,1.0,0.567575,1.0,1990
HLA-C*03,chronic_rejection,21,17,4,64,345,3000,1.048463,0.211305,1.381069,3.979154,2.343475,6.756491,3.98581e-06,0.000277248,3.98581e-06,0.000214237,1994
HLA-C*03,complement_activation,5,5,0,64,289,3000,-0.209504,-0.032751,-0.148704,0.861825,0.356743,2.082009,0.753207,1.0,0.829943,1.0,2007
HLA-C*03,eGFR,5,4,1,64,292,3000,-0.219831,-0.034365,-0.160325,0.851867,0.352649,2.057791,0.761458,1.0,0.830351,1.0,1995
HLA-C*03,graft_loss,12,11,1,64,427,3000,0.275607,0.049916,0.368042,1.444903,0.773002,2.700828,0.190461,0.852948,0.279851,0.999408,2001
HLA-C*03,graft_survival,8,7,1,64,380,3000,-0.013245,-0.002235,0.035107,1.035731,0.499519,2.147542,0.573804,1.0,1.0,1.0,2001
HLA-C*03,mixed_rejection,1,1,0,64,92,3000,-0.674304,-0.084221,-0.30842,0.734607,0.143579,3.758546,0.866674,1.0,1.0,1.0,2026
HLA-C*03,recurrent_GN,25,22,3,64,359,3000,1.183038,0.24711,1.613969,5.022705,3.013846,8.370558,1.92791e-08,3.25679e-06,1.92791e-08,2.27975e-06,1990
HLA-C*03,sensitization,7,7,0,64,344,3000,-0.047247,-0.007796,0.004627,1.004638,0.465467,2.168351,0.61301,1.0,1.0,1.0,2002
HLA-C*03,skin_cancer,1,0,1,64,229,3000,-1.586238,-0.198122,-1.272961,0.280001,0.05515,1.421601,0.994132,1.0,1.0,1.0,2011
HLA-C*03:03,ABMR,16,5,11,41,669,3000,0.5596,0.106921,0.825826,2.283766,1.222027,4.267983,0.0111818,0.147737,0.0136402,0.163751,2007
HLA-C*03:03,BK_nephropathy,7,7,0,41,305,3000,0.518394,0.085537,0.661819,1.938315,0.872098,4.308074,0.116147,0.717666,0.184382,0.86035,2010
HLA-C*03:03,CMV,10,8,2,41,388,3000,0.634375,0.11122,0.821298,2.273448,1.121394,4.609052,0.0320213,0.340768,0.0353032,0.343589,1997
HLA-C*03:03,DGF,3,3,0,41,211,3000,0.03955,0.005725,0.182067,1.199695,0.39804,3.615884,0.559108,1.0,0.763321,1.0,1999
HLA-C*03:03,DSA,11,1,10,41,652,3000,0.210646,0.037559,0.309487,1.362726,0.687727,2.700231,0.265098,0.947933,0.445423,1.0,2016
HLA-C*03:03,FSGS,1,1,0,41,70,3000,0.0443,0.005533,0.432021,1.540368,0.296724,7.996433,0.622655,1.0,0.622655,1.0,2025
HLA-C*03:03,HLA_mismatch_outcome,4,3,1,41,359,3000,-0.204233,-0.03085,-0.128793,0.879156,0.328614,2.352049,0.74108,1.0,1.0,1.0,2008
HLA-C*03:03,TCMR,3,2,1,41,342,3000,-0.443403,-0.064189,-0.354249,0.7017,0.233558,2.108181,0.862935,1.0,1.0,1.0,2016
HLA-C*03:03,acute_rejection,3,3,0,41,377,3000,-0.540837,-0.078294,-0.465813,0.627625,0.209001,1.884739,0.904741,1.0,1.0,1.0,2002
HLA-C*03:03,chronic_rejection,8,7,1,41,345,3000,0.528693,0.089202,0.678839,1.971587,0.920909,4.220996,0.0908701,0.643436,0.132165,0.771821,2005
HLA-C*03:03,complement_activation,11,10,1,41,289,3000,1.024264,0.182628,1.289334,3.630368,1.822051,7.233371,0.00123631,0.0245703,0.00123631,0.0223196,2007
HLA-C*03:03,eGFR,2,2,0,41,292,3000,-0.690811,-0.094461,-0.541967,0.581603,0.161068,2.100121,0.920006,1.0,1.0,1.0,2002
HLA-C*03:03,graft_loss,3,2,1,41,427,3000,-0.665376,-0.096323,-0.610661,0.542992,0.180915,1.629715,0.945093,1.0,1.0,1.0,2002
HLA-C*03:03,graft_survival,5,5,0,41,380,3000,-0.037938,-0.005931,0.036465,1.037138,0.420399,2.558654,0.607776,1.0,1.0,1.0,2007
HLA-C*03:03,mixed_rejection,1,1,0,41,92,3000,-0.228993,-0.028601,0.149369,1.161101,0.22457,6.003284,0.723555,1.0,1.0,1.0,2018
HLA-C*03:03,recurrent_GN,4,3,1,41,359,3000,-0.204233,-0.03085,-0.128793,0.879156,0.328614,2.352049,0.74108,1.0,1.0,1.0,2005
HLA-C*03:03,sensitization,5,4,1,41,344,3000,0.061592,0.009628,0.151082,1.163092,0.471176,2.87108,0.514343,1.0,0.805722,1.0,2005
HLA-C*03:03,skin_cancer,2,2,0,41,229,3000,-0.447779,-0.061229,-0.274188,0.760189,0.210228,2.748861,0.832735,1.0,1.0,1.0,2017
HLA-C*03:04,ABMR,1,1,0,12,669,3000,-0.984323,-0.122943,-0.79238,0.452766,0.082409,2.48755,0.951883,1.0,1.0,1.0,2007
HLA-C*03:04,BK_nephropathy,3,3,0,12,305,3000,0.899761,0.130254,1.185384,3.271944,0.955119,11.208674,0.114784,0.714377,0.114784,0.714377,2007
HLA-C*03:04,CMV,2,1,1,12,388,3000,0.253603,0.034677,0.472011,1.603216,0.401947,6.394621,0.472264,1.0,0.661411,1.0,2023
HLA-C*03:04,DGF,1,1,0,12,211,3000,0.169603,0.021183,0.543299,1.721677,0.312246,9.493081,0.583896,1.0,0.583896,1.0,2011
HLA-C*03:04,DSA,5,4,1,12,652,3000,0.650854,0.101745,0.975273,2.651892,0.879436,7.996639,0.0974169,0.662043,0.149929,0.809549,2002
HLA-C*03:04,HLA_mismatch_outcome,3,2,1,12,359,3000,0.736751,0.106656,1.000826,2.720529,0.794766,9.312525,0.16538,0.816544,0.16538,0.831681,2020
HLA-C*03:04,TCMR,2,2,0,12,342,3000,0.379797,0.051933,0.616249,1.851968,0.464092,7.390318,0.404905,1.0,0.638236,1.0,2012
HLA-C*03:04,acute_rejection,1,1,0,12,377,3000,-0.410784,-0.051307,-0.099737,0.905075,0.164529,4.978829,0.801048,1.0,1.0,1.0,2015
HLA-C*03:04,chronic_rejection,4,4,0,12,345,3000,1.064211,0.160755,1.412035,4.104298,1.301925,12.938733,0.0401759,0.391012,0.0401759,0.375557,2002
HLA-C*03:04,graft_loss,3,3,0,12,427,3000,0.563289,0.081544,0.800078,2.225714,0.650659,7.613524,0.23787,0.914736,0.395716,1.0,2002
HLA-C*03:04,graft_survival,4,3,1,12,380,3000,0.967584,0.146159,1.301156,3.673541,1.165806,11.575605,0.0546873,0.477452,0.0546873,0.458828,2007
HLA-C*03:04,recurrent_GN,2,2,0,12,359,3000,0.331286,0.0453,0.561089,1.752581,0.43927,6.992378,0.430174,1.0,0.646179,1.0,2002
HLA-C*03:04,sensitization,2,1,1,12,344,3000,0.373966,0.051136,0.609637,1.839764,0.461044,7.341443,0.407898,1.0,0.639127,1.0,2002
HLA-C*03:04,skin_cancer,3,3,0,12,229,3000,1.186351,0.171742,1.502618,4.493436,1.309442,15.419521,0.0577237,0.496424,0.0577237,0.477331,2002
HLA-C*04,ABMR,9,9,0,38,669,3000,0.060222,0.010367,0.115655,1.122609,0.537616,2.344146,0.481633,1.0,0.844772,1.0,1998
HLA-C*04,BK_nephropathy,4,4,0,38,305,3000,0.034764,0.005251,0.140993,1.151417,0.428029,3.097363,0.549796,1.0,0.791261,1.0,2005
HLA-C*04,CMV,5,5,0,38,388,3000,0.017214,0.002691,0.099214,1.104302,0.445352,2.738248,0.55674,1.0,1.0,1.0,1997
HLA-C*04,DGF,6,6,0,38,211,3000,0.808683,0.130126,0.987196,2.683698,1.142481,6.304034,0.0468238,0.4377,0.0468238,0.416309,2005
HLA-C*04,DSA,10,8,2,38,652,3000,0.191322,0.033543,0.285642,1.330616,0.652264,2.714452,0.302083,0.992258,0.551615,1.0,1998
HLA-C*04,HLA_mismatch_outcome,4,3,1,38,359,3000,-0.128247,-0.019372,-0.04426,0.956705,0.355989,2.571102,0.683627,1.0,1.0,1.0,1998
HLA-C*04,TCMR,7,6,1,38,342,3000,0.479881,0.079182,0.623082,1.864665,0.834158,4.168246,0.134133,0.747323,0.192263,0.874426,2010
HLA-C*04,acute_rejection,4,3,1,38,377,3000,-0.177169,-0.026762,-0.10058,0.904313,0.336581,2.429672,0.721927,1.0,1.0,1.0,1998
HLA-C*04,chronic_rejection,3,3,0,38,345,3000,-0.376151,-0.054453,-0.281921,0.754333,0.25013,2.274896,0.830177,1.0,1.0,1.0,1998
HLA-C*04,complement_activation,6,6,0,38,289,3000,0.494114,0.079509,0.636735,1.8903,0.807134,4.427064,0.153162,0.791914,0.259217,0.980878,2010
HLA-C*04,eGFR,2,2,0,38,292,3000,-0.614825,-0.08407,-0.461855,0.630113,0.173961,2.282372,0.897403,1.0,1.0,1.0,2011
HLA-C*04,graft_loss,2,1,1,38,427,3000,-0.994855,-0.136035,-0.895352,0.408464,0.112949,1.477154,0.979194,1.0,1.0,1.0,1998
HLA-C*04,graft_survival,4,4,0,38,380,3000,-0.185095,-0.02796,-0.109739,0.896068,0.333526,2.407422,0.727986,1.0,1.0,1.0,1997
HLA-C*04,recurrent_GN,3,2,1,38,359,3000,-0.415929,-0.060212,-0.32734,0.720838,0.23907,2.173457,0.850733,1.0,1.0,1.0,2010
HLA-C*04,sensitization,3,3,0,38,344,3000,-0.373248,-0.054033,-0.278615,0.756831,0.250954,2.282461,0.828624,1.0,1.0,1.0,2010
HLA-C*04,skin_cancer,4,2,2,38,229,3000,0.321354,0.048542,0.459598,1.583438,0.587366,4.268674,0.32924,1.0,0.529952,1.0,2010
HLA-C*04:01,ABMR,9,8,1,28,669,3000,0.365604,0.062936,0.533965,1.705681,0.781663,3.721997,0.151618,0.789819,0.251066,0.973033,2002
HLA-C*04:01,BK_nephropathy,1,1,0,28,305,3000,-1.046149,-0.130665,-0.73812,0.478012,0.092016,2.483205,0.95102,1.0,1.0,1.0,2022
HLA-C*04:01,CMV,9,7,2,28,388,3000,0.910382,0.156715,1.202786,3.329381,1.521734,7.284304,0.00662639,0.0955574,0.00662639,0.0905862,1990
HLA-C*04:01,DGF,1,1,0,28,211,3000,-0.677695,-0.084645,-0.334315,0.715828,0.137562,3.724933,0.871472,1.0,1.0,1.0,2021
HLA-C*04:01,DSA,6,5,1,28,652,3000,-0.014122,-0.002272,0.038834,1.039598,0.432449,2.499168,0.590043,1.0,1.0,1.0,1993
HLA-C*04:01,HLA_mismatch_outcome,5,5,0,28,359,3000,0.400279,0.062574,0.547396,1.728746,0.678673,4.403541,0.237846,0.914736,0.372113,1.0,2002
HLA-C*04:01,IgA_nephropathy,3,3,0,28,121,3000,0.976985,0.141433,1.195824,3.306279,1.065626,10.258275,0.100918,0.674213,0.100918,0.668547,1990
HLA-C*04:01,NODAT,2,0,2,28,87,3000,0.901402,0.123257,1.158776,3.186031,0.855809,11.861047,0.194116,0.857582,0.194116,0.874447,2005
HLA-C*04:01,TCMR,12,10,2,28,342,3000,1.324259,0.239839,1.801242,6.057168,2.879015,12.743692,2.21901e-05,0.00109332,2.21901e-05,0.000889483,2009
HLA-C*04:01,acute_rejection,3,3,0,28,377,3000,-0.15947,-0.023086,-0.048818,0.952355,0.309961,2.92611,0.702524,1.0,1.0,1.0,1993
HLA-C*04:01,chronic_rejection,3,1,2,28,345,3000,-0.070769,-0.010245,0.052742,1.054158,0.342951,3.240256,0.640859,1.0,1.0,1.0,2011
HLA-C*04:01,complement_activation,2,1,1,28,289,3000,-0.299116,-0.040901,-0.126455,0.881214,0.239569,3.241396,0.767707,1.0,1.0,1.0,2009
HLA-C*04:01,eGFR,2,2,0,28,292,3000,-0.309444,-0.042313,-0.137953,0.87114,0.236843,3.20417,0.772887,1.0,1.0,1.0,1990
HLA-C*04:01,graft_loss,3,3,0,28,427,3000,-0.284009,-0.041114,-0.193567,0.824014,0.268331,2.530454,0.783256,1.0,1.0,1.0,2005
HLA-C*04:01,graft_survival,3,3,0,28,380,3000,-0.167396,-0.024233,-0.057952,0.943696,0.307154,2.899402,0.707904,1.0,1.0,1.0,2016
HLA-C*04:01,mixed_rejection,1,1,0,28,92,3000,0.152374,0.019032,0.541006,1.717735,0.327745,9.002773,0.583604,1.0,0.583604,1.0,2008
HLA-C*04:01,recurrent_GN,3,2,1,28,359,3000,-0.110547,-0.016003,0.007343,1.00737,0.327792,3.095845,0.668798,1.0,1.0,1.0,2015
HLA-C*04:01,sensitization,5,4,1,28,344,3000,0.442959,0.069246,0.596343,1.815467,0.712538,4.625604,0.211411,0.884392,0.243909,0.961408,2011
HLA-C*04:01,skin_cancer,1,0,1,28,229,3000,-0.759559,-0.094869,-0.422903,0.655142,0.125955,3.407667,0.892879,1.0,1.0,1.0,2023
HLA-C*06,ABMR,5,5,0,36,669,3000,-0.473498,-0.074019,-0.503393,0.604476,0.243346,1.501532,0.929465,1.0,0.312654,1.0,2015
HLA-C*06,BK_nephropathy,1,1,0,36,305,3000,-1.297463,-0.162054,-0.996469,0.369181,0.071751,1.899558,0.979425,1.0,1.0,1.0,2022
HLA-C*06,CMV,1,1,0,36,388,3000,-1.538157,-0.192117,-1.269208,0.281054,0.054667,1.444945,0.993378,1.0,1.0,1.0,2022
HLA-C*06,DGF,3,3,0,36,211,3000,0.169603,0.024553,0.322996,1.381259,0.455208,4.191223,0.470037,1.0,0.737831,1.0,1994
HLA-C*06,DSA,9,9,0,36,652,3000,0.140029,0.024105,0.220153,1.246267,0.59297,2.619324,0.378615,1.0,0.683751,1.0,1997
HLA-C*06,FSGS,2,2,0,36,70,3000,0.867501,0.118621,1.119756,3.064107,0.830146,11.30975,0.204532,0.873592,0.204532,0.892258,1998
HLA-C*06,HLA_mismatch_outcome,3,3,0,36,359,3000,-0.361861,-0.052385,-0.268586,0.76446,0.252797,2.311729,0.823357,1.0,1.0,1.0,2009
HLA-C*06,IgA_nephropathy,1,1,0,36,121,3000,-0.372942,-0.046581,-0.002575,0.997429,0.192722,5.16217,0.774851,1.0,1.0,1.0,2018
HLA-C*06,NODAT,1,1,0,36,87,3000,-0.043059,-0.005378,0.340813,1.40609,0.270652,7.304908,0.655534,1.0,1.0,1.0,2022
HLA-C*06,PTLD,1,1,0,36,104,3000,-0.221542,-0.027671,0.155462,1.168198,0.225359,6.055599,0.721336,1.0,1.0,1.0,2022
HLA-C*06,TCMR,4,4,0,36,342,3000,-0.025668,-0.003877,0.071721,1.074355,0.398279,2.898064,0.600559,1.0,1.0,1.0,1994
HLA-C*06,acute_rejection,5,5,0,36,377,3000,0.100041,0.015639,0.194901,1.215191,0.488038,3.025765,0.47955,1.0,0.799149,1.0,1994
HLA-C*06,chronic_rejection,4,3,1,36,345,3000,-0.034401,-0.005197,0.061754,1.063701,0.394349,2.869182,0.607811,1.0,1.0,1.0,2013
HLA-C*06,complement_activation,4,4,0,36,289,3000,0.142716,0.021558,0.261981,1.299502,0.481241,3.509064,0.462055,1.0,0.773317,1.0,2006
HLA-C*06,eGFR,1,1,0,36,292,3000,-1.253905,-0.156613,-0.947964,0.387529,0.075304,1.994306,0.975505,1.0,1.0,1.0,2025
HLA-C*06,graft_loss,5,5,0,36,427,3000,-0.024497,-0.00383,0.049474,1.050719,0.42226,2.614528,0.596962,1.0,1.0,1.0,2015
HLA-C*06,graft_survival,2,2,0,36,380,3000,-0.824175,-0.112697,-0.702824,0.495185,0.136547,1.795782,0.953448,1.0,1.0,1.0,1998
HLA-C*06,mixed_rejection,1,1,0,36,92,3000,-0.09894,-0.012358,0.28288,1.326945,0.255606,6.888666,0.676313,1.0,1.0,1.0,2018
HLA-C*06,recurrent_GN,5,4,1,36,359,3000,0.148964,0.023287,0.251349,1.285759,0.516234,3.202377,0.435009,1.0,0.611652,1.0,1994
HLA-C*06,sensitization,5,3,2,36,344,3000,0.191645,0.029959,0.300313,1.350282,0.542,3.363947,0.397501,1.0,0.598184,1.0,2009
HLA-C*06,skin_cancer,11,8,3,36,229,3000,1.387022,0.247308,1.734965,5.668731,2.787816,11.526767,4.38086e-05,0.00188377,4.38086e-05,0.00156981,1994
HLA-C*06:02,ABMR,5,4,1,21,669,3000,0.065499,0.010239,0.149734,1.161525,0.440806,3.060622,0.518619,1.0,0.796478,1.0,2019
HLA-C*06:02,BK_nephropathy,2,0,2,21,305,3000,-0.065319,-0.008932,0.12276,1.130613,0.301417,4.240921,0.645601,1.0,1.0,1.0,2010
HLA-C*06:02,CMV,2,1,1,21,388,3000,-0.306013,-0.041844,-0.150492,0.860285,0.229581,3.22366,0.776271,1.0,1.0,1.0,2013
HLA-C*06:02,DSA,6,6,0,21,652,3000,0.27356,0.044019,0.414514,1.513634,0.603196,3.798249,0.296883,0.985996,0.430044,1.0,2013
HLA-C*06:02,HLA_mismatch_outcome,4,3,1,21,359,3000,0.464817,0.070213,0.640997,1.898373,0.66974,5.380924,0.237518,0.914736,0.305663,1.0,2010
HLA-C*06:02,NODAT,1,1,0,21,87,3000,0.495937,0.061943,0.895118,2.447624,0.460028,13.022834,0.462112,1.0,0.462112,1.0,2023
HLA-C*06:02,TCMR,3,3,0,21,342,3000,0.225647,0.032666,0.386242,1.471441,0.46682,4.638051,0.435138,1.0,0.72555,1.0,2009
HLA-C*06:02,acute_rejection,1,1,0,21,377,3000,-0.9704,-0.121204,-0.681266,0.505976,0.096074,2.664726,0.941003,1.0,1.0,1.0,2018
HLA-C*06:02,chronic_rejection,3,2,1,21,345,3000,0.216913,0.031401,0.376307,1.456895,0.462225,4.592008,0.441018,1.0,0.726656,1.0,2013
HLA-C*06:02,complement_activation,2,1,1,21,289,3000,-0.011434,-0.001564,0.182879,1.200669,0.320009,4.504885,0.614959,1.0,1.0,1.0,2010
HLA-C*06:02,eGFR,6,2,4,21,292,3000,1.076851,0.173277,1.37182,3.942521,1.564966,9.932148,0.012425,0.160575,0.012425,0.15147,2016
HLA-C*06:02,graft_loss,6,5,1,21,427,3000,0.696821,0.112126,0.934319,2.545479,1.012729,6.398024,0.0664861,0.536654,0.105807,0.67998,2009
HLA-C*06:02,sensitization,2,2,0,21,344,3000,-0.185649,-0.025385,-0.012809,0.987273,0.263345,3.701265,0.712778,1.0,1.0,1.0,2018
HLA-C*06:02,skin_cancer,6,4,2,21,229,3000,1.319883,0.212384,1.643268,5.172043,2.048865,13.056025,0.00378726,0.0597125,0.00378726,0.0556327,2013
HLA-C*07,ABMR,11,9,2,52,669,3000,-0.052765,-0.009408,-0.036785,0.963883,0.498739,1.862838,0.633544,1.0,1.0,1.0,2005
HLA-C*07,BK_nephropathy,5,5,0,52,305,3000,-0.05575,-0.008715,0.020319,1.020527,0.418737,2.487186,0.621507,1.0,1.0,1.0,2001
HLA-C*07,CMV,12,10,2,52,388,3000,0.579025,0.104868,0.746142,2.108849,1.108278,4.012749,0.029903,0.320003,0.0360939,0.349845,2010
HLA-C*07,DGF,4,4,0,52,211,3000,0.08956,0.013529,0.203643,1.22586,0.461867,3.253605,0.503071,1.0,0.782938,1.0,2001
HLA-C*07,DSA,13,11,2,52,652,3000,0.140029,0.025734,0.210489,1.234281,0.661264,2.303845,0.3329,1.0,0.610334,1.0,2005
HLA-C*07,FSGS,2,1,1,52,70,3000,0.499776,0.068339,0.733203,2.081737,0.571706,7.580178,0.343688,1.0,0.343688,1.0,2023
HLA-C*07,HLA_mismatch_outcome,7,6,1,52,359,3000,0.117712,0.019423,0.19406,1.214169,0.556361,2.649731,0.4317,1.0,0.668213,1.0,2014
HLA-C*07,IgA_nephropathy,3,3,0,52,121,3000,0.357946,0.051818,0.524086,1.688914,0.562451,5.071436,0.350291,1.0,0.465662,1.0,2015
HLA-C*07,NODAT,2,1,1,52,87,3000,0.282363,0.03861,0.505601,1.657982,0.457301,6.011152,0.448762,1.0,0.662361,1.0,2025
HLA-C*07,PTLD,1,1,0,52,104,3000,-0.589267,-0.0736,-0.222194,0.80076,0.156067,4.108598,0.842875,1.0,1.0,1.0,2022
HLA-C*07,TCMR,14,11,3,52,342,3000,0.85937,0.160112,1.100074,3.004388,1.624751,5.555528,0.00146472,0.028394,0.00146472,0.0258513,1994
HLA-C*07,acute_rejection,7,6,1,52,377,3000,0.068789,0.01135,0.1373,1.147173,0.525836,2.50269,0.485132,1.0,0.832295,1.0,1994
HLA-C*07,chronic_rejection,2,2,0,52,345,3000,-1.095273,-0.149766,-0.97949,0.375503,0.104938,1.343677,0.987033,1.0,1.0,1.0,2001
HLA-C*07,complement_activation,3,2,1,52,289,3000,-0.512691,-0.07422,-0.419927,0.657095,0.220728,1.956136,0.890633,1.0,1.0,1.0,2023
HLA-C*07,eGFR,4,4,0,52,292,3000,-0.235336,-0.035549,-0.155912,0.855634,0.323231,2.264977,0.76028,1.0,1.0,1.0,2012
HLA-C*07,graft_loss,7,7,0,52,427,3000,-0.05575,-0.009199,-0.008872,0.991167,0.454678,2.160677,0.625034,1.0,1.0,1.0,2007
HLA-C*07,graft_survival,6,6,0,52,380,3000,-0.093288,-0.015011,-0.039831,0.960952,0.419913,2.199095,0.660775,1.0,1.0,1.0,1997
HLA-C*07,mixed_rejection,1,1,0,52,92,3000,-0.466665,-0.058287,-0.094753,0.909597,0.177016,4.67397,0.804809,1.0,1.0,1.0,2024
HLA-C*07,recurrent_GN,20,18,2,52,359,3000,1.167534,0.233011,1.578625,4.848284,2.75762,8.523965,7.23459e-07,8.35219e-05,7.23459e-07,6.11065e-05,1994
HLA-C*07,sensitization,6,6,0,52,344,3000,0.006242,0.001004,0.075123,1.078017,0.470763,2.468588,0.559119,1.0,1.0,1.0,2009
HLA-C*07,skin_cancer,3,3,0,52,229,3000,-0.279986,-0.040532,-0.162649,0.84989,0.28503,2.534159,0.771434,1.0,1.0,1.0,1994
HLA-C*07:01,ABMR,5,5,0,28,669,3000,-0.222183,-0.034733,-0.206934,0.813073,0.320029,2.065716,0.781993,1.0,0.819246,1.0,2005
HLA-C*07:01,BK_nephropathy,10,10,0,28,305,3000,1.256436,0.220281,1.637574,5.142681,2.388801,11.071312,0.000251665,0.00787824,0.000251665,0.00685936,2006
HLA-C*07:01,CMV,2,2,0,28,388,3000,-0.593695,-0.081181,-0.459925,0.631331,0.171857,2.319241,0.894342,1.0,1.0,1.0,2022
HLA-C*07:01,DGF,2,2,0,28,211,3000,0.015452,0.002113,0.218676,1.244427,0.337673,4.586087,0.596548,1.0,1.0,1.0,2025
HLA-C*07:01,DSA,9,9,0,28,652,3000,0.391343,0.067367,0.567364,1.763612,0.808138,3.848759,0.134359,0.747323,0.173428,0.843424,2005
HLA-C*07:01,FSGS,1,1,0,28,70,3000,0.425668,0.053166,0.823625,2.278744,0.433049,11.990975,0.485266,1.0,0.485266,1.0,2015
HLA-C*07:01,HLA_mismatch_outcome,6,5,1,28,359,3000,0.5826,0.093747,0.761142,2.14072,0.888092,5.160143,0.108952,0.702103,0.136662,0.775073,2011
HLA-C*07:01,NODAT,2,2,0,28,87,3000,0.901402,0.123257,1.158776,3.186031,0.855809,11.861047,0.194116,0.857582,0.194116,0.874447,2023
HLA-C*07:01,PTLD,1,0,1,28,104,3000,0.029772,0.003719,0.413601,1.512253,0.288963,7.914199,0.62933,1.0,1.0,1.0,2023
HLA-C*07:01,TCMR,3,1,2,28,342,3000,-0.062035,-0.008981,0.06268,1.064686,0.346361,3.272759,0.63468,1.0,1.0,1.0,1994
HLA-C*07:01,acute_rejection,5,5,0,28,377,3000,0.351356,0.054926,0.49097,1.6339,0.641614,4.160802,0.270865,0.947933,0.38667,1.0,1994
HLA-C*07:01,chronic_rejection,2,1,1,28,345,3000,-0.476234,-0.06512,-0.325492,0.722172,0.196493,2.654196,0.849648,1.0,1.0,1.0,2022
HLA-C*07:01,complement_activation,10,10,0,28,289,3000,1.310321,0.229729,1.699199,5.469564,2.539422,11.780685,0.000160053,0.00540751,0.000160053,0.00461617,2006
HLA-C*07:01,eGFR,1,0,1,28,292,3000,-1.002591,-0.125224,-0.689629,0.501762,0.096572,2.607024,0.943917,1.0,1.0,1.0,2025
HLA-C*07:01,graft_loss,3,2,1,28,427,3000,-0.284009,-0.041114,-0.193567,0.824014,0.268331,2.530454,0.783256,1.0,1.0,1.0,2019
HLA-C*07:01,graft_survival,4,4,0,28,380,3000,0.120286,0.01817,0.236406,1.266688,0.460879,3.481388,0.481752,1.0,0.773848,1.0,2006
HLA-C*07:01,recurrent_GN,10,9,1,28,359,3000,1.093426,0.191702,1.449366,4.260411,1.98154,9.160096,0.000952092,0.0208871,0.000952092,0.019117,1994
HLA-C*07:01,sensitization,3,1,2,28,344,3000,-0.067866,-0.009825,0.056046,1.057646,0.344081,3.251027,0.638807,1.0,1.0,1.0,2015
HLA-C*07:01,skin_cancer,2,0,2,28,229,3000,-0.066412,-0.009081,0.129714,1.138503,0.309102,4.193405,0.642564,1.0,1.0,1.0,1994
HLA-C*07:02,ABMR,4,4,0,21,669,3000,-0.157645,-0.023813,-0.111713,0.894301,0.316241,2.529005,0.722141,1.0,1.0,1.0,2019
HLA-C*07:02,BK_nephropathy,5,4,1,21,305,3000,0.850971,0.133028,1.089325,2.972268,1.124063,7.859329,0.0547101,0.477452,0.0547101,0.458828,2009
HLA-C*07:02,CMV,7,7,0,21,388,3000,0.94675,0.156218,1.259333,3.523071,1.449539,8.562743,0.0131287,0.166854,0.0131287,0.159019,2014
HLA-C*07:02,DGF,1,1,0,21,211,3000,-0.390013,-0.048713,-0.038023,0.96269,0.182358,5.082164,0.784939,1.0,1.0,1.0,1998
HLA-C*07:02,DSA,1,1,0,21,652,3000,-1.518199,-0.189624,-1.341258,0.261517,0.049718,1.375566,0.99429,1.0,1.0,1.0,2022
HLA-C*07:02,FSGS,1,1,0,21,70,3000,0.71335,0.089098,1.119794,3.064222,0.574051,16.356476,0.391943,1.0,0.391943,1.0,2017
HLA-C*07:02,HLA_mismatch_outcome,4,4,0,21,359,3000,0.464817,0.070213,0.640997,1.898373,0.66974,5.380924,0.237518,0.914736,0.305663,1.0,2017
HLA-C*07:02,IgA_nephropathy,2,1,1,21,121,3000,0.859202,0.117486,1.121312,3.068877,0.812187,11.595859,0.206724,0.8746,0.206724,0.892258,2017
HLA-C*07:02,PTLD,3,3,0,21,104,3000,1.416067,0.204997,1.679958,5.365331,1.682801,17.106467,0.0341902,0.353915,0.0341902,0.337694,1998
HLA-C*07:02,TCMR,10,8,2,21,342,3000,1.429619,0.250644,1.983759,7.270023,3.124929,16.913421,3.6208e-05,0.00167906,3.6208e-05,0.00138116,2002
HLA-C*07:02,acute_rejection,2,1,1,21,377,3000,-0.277253,-0.037911,-0.117386,0.889242,0.237283,3.332527,0.761566,1.0,1.0,1.0,2002
HLA-C*07:02,complement_activation,2,2,0,21,289,3000,-0.011434,-0.001564,0.182879,1.200669,0.320009,4.504885,0.614959,1.0,1.0,1.0,2023
HLA-C*07:02,eGFR,2,2,0,21,292,3000,-0.021761,-0.002976,0.171383,1.186946,0.316368,4.453166,0.620841,1.0,1.0,1.0,1998
HLA-C*07:02,graft_loss,4,3,1,21,427,3000,0.291355,0.044011,0.439717,1.552269,0.548081,4.396313,0.349534,1.0,0.526961,1.0,1998
HLA-C*07:02,graft_survival,3,3,0,21,380,3000,0.120286,0.017413,0.265649,1.304278,0.413989,4.109145,0.508092,1.0,0.74244,1.0,1995
HLA-C*07:02,recurrent_GN,3,3,0,21,359,3000,0.177135,0.025643,0.330923,1.392252,0.4418,4.387432,0.468212,1.0,0.73237,1.0,2024
HLA-C*07:02,sensitization,3,2,1,21,344,3000,0.219816,0.031822,0.37961,1.461715,0.463748,4.607265,0.43906,1.0,0.726282,1.0,2009
HLA-C*07:02,skin_cancer,1,1,0,21,229,3000,-0.471877,-0.058938,-0.126594,0.881091,0.166973,4.649393,0.812373,1.0,1.0,1.0,2002
HLA-C*07:04,ABMR,3,2,1,6,669,3000,0.807436,0.116888,1.250939,3.493623,0.79201,15.410667,0.128924,0.747323,0.128924,0.760858,2019
HLA-C*07:04,CMV,2,2,0,6,388,3000,0.94675,0.129457,1.321612,3.749461,0.79601,17.661149,0.175986,0.832413,0.175986,0.847671,2019
HLA-C*07:04,DGF,1,1,0,6,211,3000,0.86275,0.107758,1.283055,3.607644,0.589906,22.063012,0.354644,1.0,0.354644,1.0,2019
HLA-C*07:04,HLA_mismatch_outcome,1,0,1,6,359,3000,0.331286,0.041378,0.695996,2.005706,0.32864,12.240908,0.534856,1.0,0.534856,1.0,2022
HLA-C*07:04,NODAT,1,1,0,6,87,3000,1.7487,0.218414,2.215965,9.170257,1.488732,56.486745,0.161988,0.806008,0.161988,0.825074,2020
HLA-C*07:04,TCMR,1,1,0,6,342,3000,0.379797,0.047437,0.751004,2.119127,0.347174,12.934996,0.516582,1.0,0.516582,1.0,2020
HLA-C*07:04,complement_activation,6,6,0,6,289,3000,2.339941,0.376523,4.822995,124.336861,6.985946,2212.965148,7.62337e-07,8.35219e-05,7.62337e-07,6.12494e-05,2012
HLA-C*07:04,graft_survival,1,0,1,6,380,3000,0.274437,0.034277,0.631073,1.879626,0.308031,11.469597,0.556631,1.0,0.556631,1.0,2022
HLA-C*07:04,recurrent_GN,3,3,0,6,359,3000,1.429898,0.206999,2.001632,7.401122,1.675127,32.69998,0.0257619,0.290128,0.0257619,0.273215,2012
HLA-C*07:04,skin_cancer,1,1,0,6,229,3000,0.780886,0.097533,1.194519,3.301969,0.540136,20.185653,0.379257,1.0,0.379257,1.0,2020
HLA-C*14,ABMR,4,4,0,9,669,3000,0.689653,0.104176,1.050911,2.860255,0.820433,9.971635,0.118737,0.723747,0.118737,0.727497,2014
HLA-C*14,CMV,2,2,0,9,388,3000,0.541285,0.074015,0.809636,2.247089,0.534872,9.440404,0.328114,1.0,0.328114,1.0,2000
HLA-C*14,DGF,1,0,1,9,211,3000,0.457285,0.057115,0.846659,2.331843,0.408693,13.304597,0.481737,1.0,0.481737,1.0,2000
HLA-C*14,DSA,1,0,1,9,652,3000,-0.670902,-0.083796,-0.455759,0.633967,0.1115,3.604621,0.890165,1.0,1.0,1.0,2019
HLA-C*14,HLA_mismatch_outcome,3,3,0,9,359,3000,1.024433,0.148302,1.381455,3.980688,1.080354,14.667303,0.0824056,0.605246,0.0824056,0.592368,2009
HLA-C*14,PTLD,1,1,0,9,104,3000,1.164752,0.145478,1.59432,4.924979,0.858538,28.252012,0.272374,0.947933,0.272374,0.992043,2022
HLA-C*14,TCMR,2,1,1,9,342,3000,0.667479,0.09127,0.953853,2.595693,0.617567,10.90995,0.273913,0.947933,0.273913,0.992043,2014
HLA-C*14,acute_rejection,3,3,0,9,377,3000,0.97551,0.14122,1.325344,3.76348,1.021603,13.864272,0.092777,0.646291,0.092777,0.631209,1992
HLA-C*14,chronic_rejection,3,3,0,9,345,3000,1.064211,0.15406,1.426815,4.165413,1.1303,15.350488,0.0747531,0.583469,0.0747531,0.577749,2000
HLA-C*14,complement_activation,1,1,0,9,289,3000,0.142716,0.017825,0.503006,1.653685,0.290242,9.422037,0.598655,1.0,0.598655,1.0,2014
HLA-C*14,graft_loss,1,1,0,9,427,3000,-0.247641,-0.030931,0.059695,1.061513,0.186536,6.040723,0.749389,1.0,1.0,1.0,2019
HLA-C*14,recurrent_GN,1,1,0,9,359,3000,-0.074179,-0.009265,0.259539,1.296333,0.22769,7.380548,0.68296,1.0,1.0,1.0,2014
HLA-C*14:02,HLA_mismatch_outcome,2,2,0,2,359,3000,2.123045,0.290302,3.609405,36.944056,1.769996,771.110745,0.014285,0.177739,0.014285,0.167781,2022
HLA-C*14:02,PTLD,2,2,0,2,104,3000,3.361977,0.459712,4.950834,141.292683,6.739807,2962.046574,0.00119062,0.0240668,0.00119062,0.0219985,2022
HLA-C*14:02,sensitization,1,1,0,2,344,3000,1.472579,0.183926,2.045201,7.730713,0.801877,74.530082,0.216219,0.885232,0.216219,0.902734,2022
HLA-C*17,ABMR,6,6,0,28,669,3000,-0.039862,-0.006414,0.005544,1.00556,0.418324,2.417148,0.618022,1.0,1.0,1.0,2000
HLA-C*17,BK_nephropathy,2,1,1,28,305,3000,-0.353002,-0.048269,-0.186589,0.829785,0.225648,3.051406,0.794241,1.0,1.0,1.0,2008
HLA-C*17,CMV,3,3,0,28,388,3000,-0.18823,-0.027249,-0.082009,0.921263,0.29988,2.830221,0.721911,1.0,1.0,1.0,2013
HLA-C*17,DSA,10,9,1,28,652,3000,0.496704,0.087083,0.722076,2.058702,0.960544,4.412347,0.063487,0.525244,0.102557,0.673741,1999
HLA-C*17,FSGS,1,1,0,28,70,3000,0.425668,0.053166,0.823625,2.278744,0.433049,11.990975,0.485266,1.0,0.485266,1.0,2014
HLA-C*17,IgA_nephropathy,1,1,0,28,121,3000,-0.121627,-0.015191,0.25558,1.291211,0.247116,6.746731,0.685908,1.0,1.0,1.0,1996
HLA-C*17,acute_rejection,3,2,1,28,377,3000,-0.15947,-0.023086,-0.048818,0.952355,0.309961,2.92611,0.702524,1.0,1.0,1.0,2015
HLA-C*17,chronic_rejection,1,0,1,28,345,3000,-1.169381,-0.146056,-0.876646,0.416176,0.080148,2.161032,0.967845,1.0,1.0,1.0,2014
HLA-C*17,complement_activation,6,6,0,28,289,3000,0.799496,0.128648,1.008185,2.740623,1.135259,6.616122,0.0464149,0.4356,0.0464149,0.414231,2008
HLA-C*17,eGFR,5,5,0,28,292,3000,0.606847,0.094865,0.782147,2.186161,0.857104,5.576101,0.129761,0.747323,0.185844,0.86035,2008
HLA-C*17,graft_loss,2,2,0,28,427,3000,-0.689474,-0.094278,-0.571251,0.564818,0.153804,2.074194,0.924256,1.0,1.0,1.0,2013
HLA-C*17,graft_survival,4,3,1,28,380,3000,0.120286,0.01817,0.236406,1.266688,0.460879,3.481388,0.481752,1.0,0.773848,1.0,2016
HLA-C*17,mixed_rejection,1,0,1,28,92,3000,0.152374,0.019032,0.541006,1.717735,0.327745,9.002773,0.583604,1.0,0.583604,1.0,1996
HLA-C*17,recurrent_GN,1,1,0,28,359,3000,-1.209159,-0.151025,-0.921821,0.397794,0.076618,2.065311,0.97229,1.0,1.0,1.0,2006
HLA-C*17,sensitization,3,2,1,28,344,3000,-0.067866,-0.009825,0.056046,1.057646,0.344081,3.251027,0.638807,1.0,1.0,1.0,2000
HLA-C*17,skin_cancer,1,0,1,28,229,3000,-0.759559,-0.094869,-0.422903,0.655142,0.125955,3.407667,0.892879,1.0,1.0,1.0,2003
HLA-C*17:01,BK_nephropathy,1,1,0,2,305,3000,1.592909,0.198955,2.180297,8.848933,0.917579,85.337157,0.193028,0.857582,0.193028,0.874447,2014
HLA-C*17:01,HLA_mismatch_outcome,1,1,0,2,359,3000,1.429898,0.178595,1.996795,7.365411,0.764063,71.001086,0.225048,0.890479,0.225048,0.920829,2022
HLA-C*17:01,IgA_nephropathy,1,1,0,2,121,3000,2.51743,0.314428,3.173375,23.887967,2.466588,231.345921,0.0790528,0.595414,0.0790528,0.587924,2022
HLA-C*17:01,PTLD,2,2,0,2,104,3000,3.361977,0.459712,4.950834,141.292683,6.739807,2962.046574,0.00119062,0.0240668,0.00119062,0.0219985,2014
HLA-C*17:01,graft_survival,1,0,1,2,380,3000,1.373049,0.171495,1.931884,6.902503,0.716134,66.530209,0.237326,0.914736,0.237326,0.951314,2022
HLA-C*17:01,skin_cancer,1,1,0,2,229,3000,1.879498,0.23475,2.495247,12.124726,1.256106,117.035458,0.146863,0.774909,0.146863,0.798464,2022
HLA-DPB1*01,ABMR,18,12,6,35,669,3000,0.835607,0.163332,1.323241,3.755575,1.942354,7.26147,0.000139796,0.0049346,0.000139796,0.00418504,1997
HLA-DPB1*01,BK_nephropathy,7,7,0,35,305,3000,0.676618,0.111645,0.855126,2.351671,1.042803,5.303354,0.0582883,0.49766,0.0812226,0.592368,2011
HLA-DPB1*01,CMV,7,7,0,35,388,3000,0.435924,0.071929,0.578175,1.782783,0.791882,4.013622,0.157412,0.797393,0.205167,0.892258,2012
HLA-DPB1*01,DGF,1,1,0,35,211,3000,-0.900839,-0.112515,-0.563626,0.569142,0.110319,2.936225,0.923284,1.0,1.0,1.0,2023
HLA-DPB1*01,DSA,4,3,1,35,652,3000,-0.642731,-0.097088,-0.672328,0.510519,0.189398,1.376095,0.963714,1.0,1.0,1.0,2012
HLA-DPB1*01,FSGS,1,1,0,35,70,3000,0.202524,0.025295,0.594437,1.812011,0.34731,9.453751,0.564439,1.0,0.564439,1.0,2016
HLA-DPB1*01,HLA_mismatch_outcome,3,3,0,35,359,3000,-0.333691,-0.048307,-0.237897,0.788284,0.260261,2.387573,0.808133,1.0,1.0,1.0,1991
HLA-DPB1*01,IgA_nephropathy,1,1,0,35,121,3000,-0.344771,-0.043062,0.02635,1.0267,0.198189,5.318735,0.765272,1.0,1.0,1.0,1991
HLA-DPB1*01,PTLD,1,1,0,35,104,3000,-0.193371,-0.024152,0.184385,1.202478,0.231752,6.239242,0.711206,1.0,1.0,1.0,2021
HLA-DPB1*01,TCMR,2,2,0,35,342,3000,-0.690644,-0.094438,-0.552643,0.575427,0.158401,2.09037,0.921618,1.0,1.0,1.0,2000
HLA-DPB1*01,acute_rejection,2,2,0,35,377,3000,-0.788079,-0.107761,-0.663907,0.514836,0.141778,1.869512,0.946136,1.0,1.0,1.0,1991
HLA-DPB1*01,chronic_rejection,2,2,0,35,345,3000,-0.699378,-0.095632,-0.562558,0.56975,0.156844,2.069669,0.924062,1.0,1.0,1.0,2024
HLA-DPB1*01,eGFR,5,4,1,35,292,3000,0.383704,0.059982,0.518811,1.680029,0.672145,4.199233,0.250288,0.923998,0.381304,1.0,2006
HLA-DPB1*01,graft_loss,4,4,0,35,427,3000,-0.21947,-0.033152,-0.153561,0.857649,0.317699,2.315276,0.755378,1.0,1.0,1.0,1997
HLA-DPB1*01,graft_survival,3,3,0,35,380,3000,-0.390539,-0.056536,-0.303214,0.738441,0.243869,2.236016,0.839172,1.0,1.0,1.0,2019
HLA-DPB1*01,mixed_rejection,1,1,0,35,92,3000,-0.070769,-0.008839,0.311801,1.365883,0.262856,7.097557,0.665948,1.0,1.0,1.0,2006
HLA-DPB1*01,recurrent_GN,14,11,3,35,359,3000,1.206754,0.224834,1.632223,5.115236,2.603343,10.050785,2.09534e-05,0.00105436,2.09534e-05,0.000854392,1991
HLA-DPB1*01,sensitization,2,2,0,35,344,3000,-0.696475,-0.095235,-0.559262,0.571631,0.15736,2.076529,0.923255,1.0,1.0,1.0,2000
HLA-DPB1*01,skin_cancer,2,2,0,35,229,3000,-0.289555,-0.039593,-0.107239,0.898311,0.246752,3.270334,0.760076,1.0,1.0,1.0,2010
HLA-DPB1*01:01,ABMR,8,8,0,24,669,3000,0.401971,0.067821,0.589577,1.803225,0.784715,4.143698,0.145454,0.773031,0.216469,0.902734,2000
HLA-DPB1*01:01,BK_nephropathy,11,8,3,24,305,3000,1.505897,0.268504,2.048883,7.759228,3.501573,17.193879,7.46315e-06,0.000441259,7.46315e-06,0.000360211,2011
HLA-DPB1*01:01,CMV,4,4,0,24,388,3000,0.253603,0.038308,0.392087,1.480066,0.530542,4.128973,0.377351,1.0,0.54063,1.0,2013
HLA-DPB1*01:01,DGF,1,1,0,24,211,3000,-0.523544,-0.065391,-0.175683,0.838884,0.160055,4.396783,0.82749,1.0,1.0,1.0,2006
HLA-DPB1*01:01,DSA,6,5,1,24,652,3000,0.140029,0.022532,0.236296,1.26655,0.516013,3.108736,0.425958,1.0,0.626654,1.0,2004
HLA-DPB1*01:01,FSGS,1,1,0,24,70,3000,0.579818,0.07242,0.982187,2.670289,0.503845,14.152063,0.433822,1.0,0.433822,1.0,2016
HLA-DPB1*01:01,HLA_mismatch_outcome,3,3,0,24,359,3000,0.043604,0.006312,0.179496,1.196614,0.384568,3.72336,0.561299,1.0,0.760199,1.0,2011
HLA-DPB1*01:01,IgA_nephropathy,1,1,0,24,121,3000,0.032523,0.004062,0.414167,1.51311,0.287514,7.963106,0.629147,1.0,1.0,1.0,2020
HLA-DPB1*01:01,TCMR,2,1,1,24,342,3000,-0.31335,-0.042847,-0.150432,0.860336,0.23178,3.193445,0.777357,1.0,1.0,1.0,2000
HLA-DPB1*01:01,acute_rejection,1,1,0,24,377,3000,-1.103931,-0.137882,-0.818994,0.440875,0.084319,2.305178,0.960693,1.0,1.0,1.0,2023
HLA-DPB1*01:01,chronic_rejection,1,1,0,24,345,3000,-1.015231,-0.126803,-0.71794,0.487756,0.093259,2.55102,0.947348,1.0,1.0,1.0,2024
HLA-DPB1*01:01,eGFR,3,2,1,24,292,3000,0.250172,0.036216,0.412921,1.511226,0.485153,4.70739,0.418202,1.0,0.502988,1.0,2011
HLA-DPB1*01:01,graft_loss,3,3,0,24,427,3000,-0.129858,-0.018799,-0.021373,0.978853,0.314818,3.043516,0.685202,1.0,1.0,1.0,2013
HLA-DPB1*01:01,graft_survival,6,5,1,24,380,3000,0.679902,0.109404,0.892667,2.441634,0.992472,6.006797,0.0732648,0.579503,0.111503,0.706281,2012
HLA-DPB1*01:01,recurrent_GN,4,4,0,24,359,3000,0.331286,0.050043,0.481629,1.618709,0.580015,4.517507,0.321681,1.0,0.520581,1.0,2006
HLA-DPB1*01:01,sensitization,1,1,0,24,344,3000,-1.012328,-0.12644,-0.714653,0.489362,0.093565,2.559443,0.946868,1.0,1.0,1.0,2000
HLA-DPB1*04,ABMR,45,41,4,224,669,3000,-0.1044,-0.024859,-0.135029,0.873691,0.623551,1.224175,0.817945,1.0,0.452901,1.0,1992
HLA-DPB1*04,BK_nephropathy,17,14,3,224,305,3000,-0.292377,-0.056518,-0.31819,0.727464,0.439958,1.202851,0.929958,1.0,0.206689,0.892258,1996
HLA-DPB1*04,CMV,30,24,6,224,388,3000,0.034914,0.007581,0.056269,1.057882,0.710892,1.57424,0.447862,1.0,0.835946,1.0,1993
HLA-DPB1*04,DGF,19,17,2,224,211,3000,0.187302,0.037002,0.24216,1.273998,0.782851,2.07328,0.223415,0.890479,0.344359,1.0,1992
HLA-DPB1*04,DSA,51,47,4,224,652,3000,0.046503,0.011413,0.070991,1.073572,0.776566,1.484171,0.375169,1.0,0.674557,1.0,1991
HLA-DPB1*04,FSGS,7,5,2,224,70,3000,0.292136,0.048204,0.387659,1.473527,0.682755,3.180178,0.265338,0.947933,0.36053,1.0,2013
HLA-DPB1*04,HLA_mismatch_outcome,19,16,3,224,359,3000,-0.344162,-0.06799,-0.387129,0.679004,0.420965,1.095213,0.966911,1.0,0.107883,0.691445,1991
HLA-DPB1*04,IgA_nephropathy,10,8,2,224,121,3000,0.101516,0.017798,0.157188,1.170215,0.612239,2.236715,0.417144,1.0,0.722945,1.0,1998
HLA-DPB1*04,NODAT,6,6,0,224,87,3000,-0.079427,-0.012781,-0.016248,0.983883,0.437403,2.213124,0.642017,1.0,1.0,1.0,2018
HLA-DPB1*04,PTLD,9,8,1,224,104,3000,0.147555,0.025401,0.213336,1.237801,0.626417,2.445897,0.372563,1.0,0.57081,1.0,1998
HLA-DPB1*04,TCMR,12,10,2,224,342,3000,-0.755183,-0.136772,-0.831406,0.435437,0.243339,0.77918,0.99959,1.0,0.00205276,0.0332519,2001
HLA-DPB1*04,acute_rejection,30,28,2,224,377,3000,0.063674,0.013827,0.091971,1.096333,0.736423,1.63214,0.380807,1.0,0.675614,1.0,1993
HLA-DPB1*04,chronic_rejection,30,23,7,224,345,3000,0.152374,0.033088,0.201662,1.223434,0.820665,1.823876,0.205384,0.873928,0.38296,1.0,2001
HLA-DPB1*04,complement_activation,23,22,1,224,289,3000,0.063789,0.013096,0.094074,1.098641,0.703674,1.7153,0.4042,1.0,0.723981,1.0,2007
HLA-DPB1*04,eGFR,25,22,3,224,292,3000,0.136844,0.028584,0.181583,1.199115,0.779221,1.845274,0.258466,0.934667,0.481159,1.0,2007
HLA-DPB1*04,graft_loss,39,33,6,224,427,3000,0.201499,0.046398,0.269373,1.309144,0.913534,1.876074,0.096321,0.662043,0.163815,0.827065,1991
HLA-DPB1*04,graft_survival,9,3,6,224,380,3000,-1.148225,-0.197658,-1.253705,0.285445,0.147696,0.551668,0.999999,1.0,8.73212e-06,0.000413029,2001
HLA-DPB1*04,mixed_rejection,13,11,2,224,92,3000,0.637882,0.117227,0.772788,2.165797,1.196133,3.921532,0.0175376,0.211378,0.0236718,0.255739,2001
HLA-DPB1*04,recurrent_GN,30,30,0,224,359,3000,0.112597,0.02445,0.152541,1.16479,0.781825,1.735344,0.276945,0.947933,0.520282,1.0,2001
HLA-DPB1*04,sensitization,24,19,5,224,344,3000,-0.067866,-0.014056,-0.065531,0.93657,0.60601,1.447441,0.676359,1.0,0.827297,1.0,1993
HLA-DPB1*04,skin_cancer,15,13,2,224,229,3000,-0.13095,-0.024715,-0.123455,0.883862,0.517958,1.508253,0.746162,1.0,0.694655,1.0,2000
HLA-DPB1*04:01,ABMR,7,5,2,34,669,3000,-0.079867,-0.013178,-0.052685,0.948679,0.421177,2.136852,0.661412,1.0,1.0,1.0,2010
HLA-DPB1*04:01,BK_nephropathy,3,3,0,34,305,3000,-0.141692,-0.020512,-0.021534,0.978696,0.322306,2.971851,0.687282,1.0,1.0,1.0,2014
HLA-DPB1*04:01,CMV,5,5,0,34,388,3000,0.12844,0.020078,0.227919,1.255983,0.502226,3.141006,0.453793,1.0,0.795415,1.0,1993
HLA-DPB1*04:01,DGF,3,2,1,34,211,3000,0.226761,0.032827,0.385279,1.470024,0.482877,4.475196,0.43222,1.0,0.729801,1.0,2013
HLA-DPB1*04:01,DSA,12,10,2,34,652,3000,0.484869,0.087815,0.702084,2.017955,1.005165,4.051215,0.0481784,0.445086,0.0607427,0.493665,2010
HLA-DPB1*04:01,FSGS,1,1,0,34,70,3000,0.231512,0.028916,0.624196,1.866745,0.357442,9.749112,0.553911,1.0,0.553911,1.0,2015
HLA-DPB1*04:01,HLA_mismatch_outcome,1,1,0,34,359,3000,-1.403315,-0.175275,-1.121478,0.325798,0.06323,1.678688,0.98721,1.0,1.0,1.0,2018
HLA-DPB1*04:01,IgA_nephropathy,1,1,0,34,121,3000,-0.315784,-0.039442,0.056115,1.05772,0.20397,5.484965,0.755288,1.0,1.0,1.0,2012
HLA-DPB1*04:01,NODAT,1,0,1,34,87,3000,0.014099,0.001761,0.399494,1.491071,0.286448,7.761591,0.634397,1.0,1.0,1.0,2018
HLA-DPB1*04:01,TCMR,3,3,0,34,342,3000,-0.256191,-0.037088,-0.15091,0.859925,0.283366,2.609594,0.762312,1.0,1.0,1.0,2025
HLA-DPB1*04:01,acute_rejection,4,4,0,34,377,3000,-0.065944,-0.009961,0.024196,1.024491,0.378515,2.772895,0.634744,1.0,1.0,1.0,2008
HLA-DPB1*04:01,chronic_rejection,5,3,2,34,345,3000,0.245901,0.03844,0.36335,1.438139,0.574675,3.598983,0.351986,1.0,0.584246,1.0,2005
HLA-DPB1*04:01,complement_activation,2,2,0,34,289,3000,-0.493272,-0.067449,-0.332787,0.716923,0.196925,2.610021,0.853852,1.0,1.0,1.0,2023
HLA-DPB1*04:01,eGFR,2,1,1,34,292,3000,-0.5036,-0.068862,-0.344288,0.708725,0.194684,2.580039,0.858011,1.0,1.0,1.0,2017
HLA-DPB1*04:01,graft_loss,4,4,0,34,427,3000,-0.190483,-0.028773,-0.120906,0.886117,0.327585,2.396942,0.734261,1.0,1.0,1.0,2008
HLA-DPB1*04:01,graft_survival,1,1,0,34,380,3000,-1.460164,-0.182375,-1.186487,0.305292,0.059261,1.572751,0.990267,1.0,1.0,1.0,2023
HLA-DPB1*04:01,mixed_rejection,2,2,0,34,92,3000,0.651366,0.089067,0.89403,2.444964,0.664126,9.001077,0.280172,0.948905,0.280172,0.999408,2018
HLA-DPB1*04:01,recurrent_GN,13,13,0,34,359,3000,1.161634,0.21348,1.557874,4.748716,2.382369,9.465496,7.29928e-05,0.00287713,7.29928e-05,0.00239761,2008
HLA-DPB1*04:01,sensitization,11,9,2,34,344,3000,1.037261,0.184945,1.351773,3.86427,1.891326,7.895297,0.000953829,0.0208871,0.000953829,0.019117,1993
HLA-DPB1*04:01,skin_cancer,3,2,1,34,229,3000,0.144897,0.020976,0.295926,1.344371,0.441891,4.089995,0.487107,1.0,0.741499,1.0,2014
HLA-DPB1*04:02,ABMR,1,1,0,2,669,3000,0.807436,0.100849,1.248802,3.486163,0.362024,33.570507,0.396329,1.0,0.396329,1.0,1995
HLA-DPB1*04:02,DGF,1,1,0,2,211,3000,1.961362,0.244975,2.583773,13.247031,1.371943,127.908935,0.135742,0.747323,0.135742,0.771821,2022
HLA-DPB1*04:02,DSA,1,1,0,2,652,3000,0.833176,0.104064,1.281829,3.603223,0.374169,34.698813,0.38749,1.0,0.38749,1.0,2022
HLA-DPB1*04:02,IgA_nephropathy,2,2,0,2,121,3000,3.210577,0.43901,4.791493,120.481172,5.752107,2523.547022,0.00161387,0.0300536,0.00161387,0.027658,1995
HLA-DPB1*04:02,eGFR,1,1,0,2,292,3000,1.636467,0.204396,2.228741,9.288165,0.963007,89.583998,0.185222,0.844966,0.185222,0.86035,1995
HLA-DQB1*02,ABMR,33,25,8,165,669,3000,-0.108854,-0.024137,-0.135036,0.873684,0.592028,1.289339,0.794246,1.0,0.501857,1.0,1990
HLA-DQB1*02,BK_nephropathy,18,15,3,165,305,3000,0.070482,0.013777,0.10598,1.1118,0.675308,1.830421,0.412068,1.0,0.692245,1.0,1997
HLA-DQB1*02,CMV,13,12,1,165,388,3000,-0.495634,-0.091085,-0.544614,0.580066,0.329011,1.02269,0.986962,1.0,0.0550654,0.460175,1996
HLA-DQB1*02,DGF,5,5,0,165,211,3000,-0.841998,-0.131625,-0.829297,0.436356,0.184341,1.032901,0.992988,1.0,0.0401462,0.375557,1998
HLA-DQB1*02,DSA,72,67,5,165,652,3000,0.697044,0.18689,1.102862,3.012777,2.187742,4.148948,7.15727e-11,1.88077e-08,8.65198e-11,1.46157e-08,1990
HLA-DQB1*02,FSGS,3,3,0,165,70,3000,-0.249461,-0.036113,-0.123982,0.883396,0.298183,2.617147,0.7507,1.0,1.0,1.0,2006
HLA-DQB1*02,HLA_mismatch_outcome,32,28,4,165,359,3000,0.482836,0.106337,0.623091,1.864683,1.249558,2.782616,0.00309112,0.0504172,0.00428488,0.062554,1994
HLA-DQB1*02,IgA_nephropathy,2,2,0,165,121,3000,-1.202221,-0.16439,-1.056739,0.347587,0.098357,1.228358,0.992305,1.0,1.0,1.0,1994
HLA-DQB1*02,NODAT,1,1,0,165,87,3000,-1.565486,-0.19553,-1.238416,0.289843,0.057257,1.467239,0.993233,1.0,1.0,1.0,1998
HLA-DQB1*02,PTLD,38,33,5,165,104,3000,1.893617,0.433443,2.531762,12.575645,8.141244,19.42539,3.54705e-23,8.38877e-20,3.54705e-23,8.38877e-20,1990
HLA-DQB1*02,TCMR,34,31,3,165,342,3000,0.591972,0.132136,0.765217,2.14946,1.450785,3.184605,0.000304072,0.00898914,0.000370669,0.00932588,2000
HLA-DQB1*02,acute_rejection,20,18,2,165,377,3000,-0.036091,-0.007203,-0.023478,0.976796,0.607155,1.571476,0.607728,1.0,1.0,1.0,1994
HLA-DQB1*02,chronic_rejection,15,14,1,165,345,3000,-0.235072,-0.044367,-0.247486,0.780761,0.457139,1.333486,0.871421,1.0,0.379559,1.0,1994
HLA-DQB1*02,complement_activation,8,7,1,165,289,3000,-0.686563,-0.115838,-0.71388,0.48974,0.242939,0.987269,0.993163,1.0,0.0294876,0.300596,2011
HLA-DQB1*02,eGFR,15,15,0,165,292,3000,-0.068282,-0.012887,-0.051768,0.94955,0.554832,1.625077,0.653261,1.0,0.892628,1.0,1992
HLA-DQB1*02,graft_loss,40,31,9,165,427,3000,0.532518,0.12334,0.712511,2.039106,1.40839,2.952273,0.000292461,0.00886588,0.000500345,0.0121991,1992
HLA-DQB1*02,graft_survival,19,15,4,165,380,3000,-0.09531,-0.018829,-0.093079,0.911121,0.56087,1.480098,0.712124,1.0,0.718902,1.0,1990
HLA-DQB1*02,mixed_rejection,3,3,0,165,92,3000,-0.522754,-0.075676,-0.414071,0.660954,0.224544,1.945543,0.890966,1.0,1.0,1.0,1999
HLA-DQB1*02,recurrent_GN,17,17,0,165,359,3000,-0.149687,-0.028935,-0.153213,0.857947,0.516183,1.425992,0.785432,1.0,0.621051,1.0,1994
HLA-DQB1*02,sensitization,18,18,0,165,344,3000,-0.049848,-0.009744,-0.036649,0.964015,0.586469,1.584609,0.629755,1.0,0.900367,1.0,1994
HLA-DQB1*02,skin_cancer,13,12,1,165,229,3000,0.031649,0.005816,0.068673,1.071086,0.603577,1.90071,0.496137,1.0,0.879961,1.0,1990
HLA-DQB1*02:01,ABMR,49,42,7,113,669,3000,0.665016,0.161626,1.031215,2.804471,1.916224,4.104457,2.90899e-07,3.82209e-05,3.80353e-07,3.45975e-05,2000
HLA-DQB1*02:01,BK_nephropathy,9,9,0,113,305,3000,-0.244107,-0.042021,-0.22995,0.794573,0.404576,1.560515,0.827866,1.0,0.526228,1.0,1997
HLA-DQB1*02:01,CMV,14,12,2,113,388,3000,-0.042968,-0.008006,-0.022169,0.978075,0.557822,1.714937,0.613466,1.0,1.0,1.0,1993
HLA-DQB1*02:01,DGF,11,11,0,113,211,3000,0.325017,0.057951,0.408037,1.503862,0.803998,2.812945,0.167449,0.822757,0.257605,0.977521,2000
HLA-DQB1*02:01,DSA,62,51,11,113,652,3000,0.92607,0.238725,1.552192,4.721809,3.229753,6.903152,4.20144e-15,2.4841e-12,4.20144e-15,1.65607e-12,2000
HLA-DQB1*02:01,FSGS,2,2,0,113,70,3000,-0.276368,-0.03779,-0.080253,0.922883,0.257588,3.306496,0.749123,1.0,1.0,1.0,2020
HLA-DQB1*02:01,HLA_mismatch_outcome,17,14,3,113,359,3000,0.228871,0.044242,0.298469,1.347793,0.800019,2.27063,0.187127,0.845784,0.300821,1.0,1998
HLA-DQB1*02:01,IgA_nephropathy,6,6,0,113,121,3000,0.274949,0.044242,0.372546,1.451425,0.643574,3.273334,0.303686,0.993212,0.459953,1.0,2007
HLA-DQB1*02:01,NODAT,3,1,2,113,87,3000,-0.088316,-0.012785,0.04962,1.050872,0.354769,3.11282,0.644665,1.0,1.0,1.0,2017
HLA-DQB1*02:01,PTLD,11,11,0,113,104,3000,1.032484,0.184094,1.209931,3.353254,1.762104,6.381185,0.00154019,0.0293755,0.00154019,0.0269819,2000
HLA-DQB1*02:01,TCMR,19,16,3,113,342,3000,0.388608,0.076771,0.492134,1.635804,0.991145,2.699761,0.05039,0.458355,0.070202,0.551587,2005
HLA-DQB1*02:01,acute_rejection,8,8,0,113,377,3000,-0.573824,-0.096816,-0.599377,0.549154,0.270715,1.113974,0.98036,1.0,0.0816555,0.592368,1998
HLA-DQB1*02:01,chronic_rejection,11,8,3,113,345,3000,-0.166669,-0.029717,-0.154932,0.856473,0.46069,1.592276,0.768544,1.0,0.65272,1.0,2001
HLA-DQB1*02:01,complement_activation,7,5,2,113,289,3000,-0.441537,-0.072855,-0.431541,0.649508,0.30663,1.375794,0.930644,1.0,0.25509,0.974615,2011
HLA-DQB1*02:01,eGFR,13,11,2,113,292,3000,0.167175,0.030723,0.22606,1.253651,0.700948,2.242166,0.302869,0.993212,0.516312,1.0,1992
HLA-DQB1*02:01,graft_loss,44,43,1,113,427,3000,1.006385,0.238357,1.430667,4.181488,2.827289,6.184314,3.02832e-11,8.95247e-09,3.02832e-11,5.50921e-09,1992
HLA-DQB1*02:01,graft_survival,13,10,3,113,380,3000,-0.096242,-0.017687,-0.081979,0.921292,0.516558,1.643142,0.690697,1.0,0.885098,1.0,1997
HLA-DQB1*02:01,mixed_rejection,2,2,0,113,92,3000,-0.549662,-0.07516,-0.366602,0.693085,0.194486,2.469933,0.869533,1.0,1.0,1.0,2005
HLA-DQB1*02:01,recurrent_GN,6,6,0,113,359,3000,-0.812583,-0.130754,-0.83582,0.433519,0.194898,0.964291,0.995358,1.0,0.0255545,0.272236,2020
HLA-DQB1*02:01,sensitization,14,13,1,113,344,3000,0.077395,0.01442,0.12017,1.127688,0.642385,1.979623,0.421467,1.0,0.762846,1.0,2000
HLA-DQB1*02:01,skin_cancer,7,7,0,113,229,3000,-0.208832,-0.034458,-0.170022,0.843646,0.397321,1.791344,0.772767,1.0,0.717546,1.0,2000
HLA-DQB1*02:02,ABMR,4,4,0,36,669,3000,-0.696641,-0.105232,-0.737254,0.478426,0.177841,1.287058,0.974306,1.0,1.0,1.0,2014
HLA-DQB1*02:02,BK_nephropathy,2,2,0,36,305,3000,-0.604316,-0.082633,-0.453405,0.635461,0.17506,2.306696,0.894495,1.0,1.0,1.0,2015
HLA-DQB1*02:02,CMV,3,3,0,36,388,3000,-0.439544,-0.063631,-0.357973,0.699092,0.231264,2.113299,0.863188,1.0,1.0,1.0,2019
HLA-DQB1*02:02,DSA,16,14,2,36,652,3000,0.715393,0.136688,1.079931,2.944475,1.530794,5.663686,0.00183985,0.0332155,0.00197891,0.0325804,2001
HLA-DQB1*02:02,FSGS,2,2,0,36,70,3000,0.867501,0.118621,1.119756,3.064107,0.830146,11.30975,0.204532,0.873592,0.204532,0.892258,2013
HLA-DQB1*02:02,HLA_mismatch_outcome,5,4,1,36,359,3000,0.148964,0.023287,0.251349,1.285759,0.516234,3.202377,0.435009,1.0,0.611652,1.0,1999
HLA-DQB1*02:02,IgA_nephropathy,2,2,0,36,121,3000,0.320205,0.043784,0.545509,1.725487,0.471794,6.310603,0.430002,1.0,0.655151,1.0,2019
HLA-DQB1*02:02,PTLD,4,3,1,36,104,3000,1.164752,0.175942,1.372829,3.946498,1.443565,10.789154,0.0342618,0.353915,0.0342618,0.337694,2007
HLA-DQB1*02:02,TCMR,4,3,1,36,342,3000,-0.025668,-0.003877,0.071721,1.074355,0.398279,2.898064,0.600559,1.0,1.0,1.0,2002
HLA-DQB1*02:02,acute_rejection,4,4,0,36,377,3000,-0.123102,-0.018595,-0.040089,0.960704,0.356335,2.590129,0.680401,1.0,1.0,1.0,1998
HLA-DQB1*02:02,chronic_rejection,7,6,1,36,345,3000,0.525214,0.086662,0.679396,1.972686,0.878027,4.432086,0.111512,0.708638,0.180211,0.86035,1994
HLA-DQB1*02:02,complement_activation,1,1,0,36,289,3000,-1.243578,-0.155324,-0.936497,0.391998,0.076169,2.017389,0.974503,1.0,1.0,1.0,2019
HLA-DQB1*02:02,graft_loss,2,2,0,36,427,3000,-0.940788,-0.128642,-0.838211,0.432484,0.119308,1.56773,0.97291,1.0,1.0,1.0,2019
HLA-DQB1*02:02,graft_survival,6,5,1,36,380,3000,0.274437,0.04416,0.38809,1.474162,0.627786,3.461615,0.301139,0.991913,0.448109,1.0,2005
HLA-DQB1*02:02,recurrent_GN,15,14,1,36,359,3000,1.247576,0.235467,1.701813,5.483883,2.826773,10.638621,5.77155e-06,0.000359203,5.77155e-06,0.000290419,1999
HLA-DQB1*02:02,sensitization,2,2,0,36,344,3000,-0.724646,-0.099087,-0.589057,0.55485,0.152937,2.012975,0.930545,1.0,1.0,1.0,2016
HLA-DQB1*02:02,skin_cancer,11,9,2,36,229,3000,1.387022,0.247308,1.734965,5.668731,2.787816,11.526767,4.38086e-05,0.00188377,4.38086e-05,0.00156981,1994
HLA-DQB1*03,ABMR,47,39,8,233,669,3000,-0.100307,-0.024134,-0.130317,0.877817,0.630572,1.222006,0.81383,1.0,0.461016,1.0,1998
HLA-DQB1*03,BK_nephropathy,20,18,2,233,305,3000,-0.16925,-0.033778,-0.180433,0.834909,0.522102,1.335127,0.827241,1.0,0.497641,1.0,1996
HLA-DQB1*03,CMV,24,15,9,233,388,3000,-0.227622,-0.047143,-0.259896,0.771132,0.500249,1.188696,0.9145,1.0,0.262737,0.986954,2000
HLA-DQB1*03,DGF,15,13,2,233,211,3000,-0.088479,-0.016699,-0.074364,0.928334,0.543572,1.585446,0.683936,1.0,0.790723,1.0,1990
HLA-DQB1*03,DSA,10,4,6,233,652,3000,-1.62213,-0.284396,-1.861641,0.155417,0.083175,0.290408,1.0,1.0,1.91469e-14,5.6603e-12,1998
HLA-DQB1*03,FSGS,5,5,0,233,70,3000,-0.083728,-0.013089,-0.006906,0.993118,0.411705,2.39561,0.644407,1.0,1.0,1.0,2010
HLA-DQB1*03,HLA_mismatch_outcome,34,32,2,233,359,3000,0.198367,0.044278,0.26056,1.297657,0.887906,1.896499,0.120322,0.727147,0.206836,0.892258,1997
HLA-DQB1*03,IgA_nephropathy,5,5,0,233,121,3000,-0.631024,-0.098645,-0.601799,0.547825,0.230465,1.302205,0.965359,1.0,0.163195,0.827065,2001
HLA-DQB1*03,NODAT,14,12,2,233,87,3000,0.728478,0.135725,0.884479,2.421722,1.356232,4.324289,0.00627188,0.0915618,0.00706386,0.095463,2005
HLA-DQB1*03,PTLD,11,11,0,233,104,3000,0.308833,0.055066,0.390976,1.478423,0.789314,2.769159,0.180201,0.84391,0.26291,0.986954,2002
HLA-DQB1*03,TCMR,33,29,4,233,342,3000,0.217026,0.048123,0.28308,1.327211,0.903589,1.949436,0.103431,0.677936,0.163806,0.827065,1994
HLA-DQB1*03,acute_rejection,28,22,6,233,377,3000,-0.044712,-0.009566,-0.041143,0.959692,0.638486,1.44249,0.635789,1.0,0.917969,1.0,1990
HLA-DQB1*03,chronic_rejection,30,26,4,233,345,3000,0.112982,0.024534,0.152765,1.165051,0.782353,1.734951,0.276357,0.947933,0.520616,1.0,1996
HLA-DQB1*03,complement_activation,18,15,3,233,289,3000,-0.220726,-0.043144,-0.236507,0.78938,0.483069,1.289923,0.875666,1.0,0.355131,1.0,2008
HLA-DQB1*03,eGFR,27,26,1,233,292,3000,0.174412,0.037026,0.227316,1.255227,0.826811,1.905628,0.187847,0.846204,0.301897,1.0,1990
HLA-DQB1*03,graft_loss,40,37,3,233,427,3000,0.187425,0.043411,0.251374,1.285791,0.901296,1.834313,0.109689,0.704932,0.203641,0.892258,1995
HLA-DQB1*03,graft_survival,24,21,3,233,380,3000,-0.206788,-0.042828,-0.234381,0.791061,0.513041,1.219741,0.893724,1.0,0.304713,1.0,1990
HLA-DQB1*03,mixed_rejection,6,6,0,233,92,3000,-0.1747,-0.028111,-0.121361,0.885714,0.394591,1.98811,0.732134,1.0,0.842872,1.0,2000
HLA-DQB1*03,recurrent_GN,26,25,1,233,359,3000,-0.069897,-0.01472,-0.070133,0.93227,0.612416,1.419178,0.685604,1.0,0.753274,1.0,1994
HLA-DQB1*03,sensitization,23,20,3,233,344,3000,-0.149818,-0.030758,-0.163069,0.849533,0.546112,1.321533,0.815662,1.0,0.520125,1.0,1992
HLA-DQB1*03,skin_cancer,18,17,1,233,229,3000,0.011979,0.002341,0.036979,1.037671,0.632457,1.702508,0.516975,1.0,0.898178,1.0,1991
HLA-DQB1*03:01,ABMR,27,23,4,68,669,3000,0.576913,0.122473,0.859651,2.362337,1.447496,3.85537,0.000814543,0.0192639,0.00103109,0.0202689,1999
HLA-DQB1*03:01,BK_nephropathy,5,5,0,68,305,3000,-0.324014,-0.050651,-0.27605,0.758775,0.314939,1.828097,0.836595,1.0,0.545653,1.0,1997
HLA-DQB1*03:01,CMV,2,2,0,68,388,3000,-1.480998,-0.20251,-1.395568,0.247692,0.069753,0.879551,0.999176,1.0,1.0,1.0,2005
HLA-DQB1*03:01,DGF,5,4,1,68,211,3000,0.04444,0.006947,0.134182,1.143601,0.473114,2.764284,0.527352,1.0,0.811226,1.0,2013
HLA-DQB1*03:01,DSA,10,10,0,68,652,3000,-0.3906,-0.068481,-0.446493,0.639868,0.32982,1.241378,0.947352,1.0,0.181269,0.86035,2010
HLA-DQB1*03:01,HLA_mismatch_outcome,6,2,4,68,359,3000,-0.304703,-0.04903,-0.275897,0.758891,0.335789,1.715113,0.841153,1.0,0.569642,1.0,2010
HLA-DQB1*03:01,IgA_nephropathy,1,1,0,68,121,3000,-1.008931,-0.126016,-0.656483,0.518672,0.1018,2.642632,0.9411,1.0,1.0,1.0,2017
HLA-DQB1*03:01,NODAT,4,4,0,68,87,3000,0.707246,0.106834,0.867464,2.380866,0.893473,6.344374,0.132966,0.747323,0.132966,0.771821,2005
HLA-DQB1*03:01,PTLD,1,1,0,68,104,3000,-0.857531,-0.107106,-0.498379,0.607515,0.119046,3.100255,0.911686,1.0,1.0,1.0,2023
HLA-DQB1*03:01,TCMR,25,22,3,68,342,3000,1.170925,0.24458,1.57465,4.829052,2.92158,7.981895,2.97845e-08,4.69603e-06,2.97845e-08,3.35431e-06,1997
HLA-DQB1*03:01,acute_rejection,9,6,3,68,377,3000,0.051839,0.008924,0.105394,1.111148,0.555408,2.222959,0.488818,1.0,0.852888,1.0,2016
HLA-DQB1*03:01,chronic_rejection,8,8,0,68,345,3000,0.022757,0.00384,0.077392,1.080465,0.522328,2.235004,0.530046,1.0,0.849,1.0,2005
HLA-DQB1*03:01,complement_activation,3,3,0,68,289,3000,-0.780955,-0.113055,-0.706032,0.493599,0.167259,1.45666,0.96661,1.0,1.0,1.0,2017
HLA-DQB1*03:01,eGFR,8,8,0,68,292,3000,0.189548,0.031981,0.268438,1.30792,0.631378,2.709398,0.340721,1.0,0.534103,1.0,1993
HLA-DQB1*03:01,graft_loss,7,6,1,68,427,3000,-0.324014,-0.053464,-0.316545,0.728662,0.339045,1.566012,0.870789,1.0,0.480945,1.0,1996
HLA-DQB1*03:01,graft_survival,8,5,3,68,380,3000,-0.07387,-0.012463,-0.034856,0.965744,0.467206,1.996255,0.645212,1.0,1.0,1.0,1993
HLA-DQB1*03:01,mixed_rejection,3,3,0,68,92,3000,0.363684,0.052649,0.529265,1.697684,0.567554,5.078163,0.34691,1.0,0.464286,1.0,2003
HLA-DQB1*03:01,recurrent_GN,5,5,0,68,359,3000,-0.487025,-0.076134,-0.462037,0.629999,0.261774,1.516186,0.923772,1.0,0.341843,1.0,2007
HLA-DQB1*03:01,sensitization,4,1,3,68,344,3000,-0.667487,-0.100828,-0.632625,0.531196,0.202925,1.39051,0.961865,1.0,1.0,1.0,2013
HLA-DQB1*03:01,skin_cancer,4,3,1,68,229,3000,-0.260568,-0.03936,-0.177127,0.837673,0.31906,2.19926,0.775159,1.0,1.0,1.0,1991
HLA-DQB1*03:02,ABMR,7,6,1,35,669,3000,-0.108854,-0.017961,-0.088837,0.914995,0.407452,2.054758,0.693086,1.0,0.840738,1.0,2003
HLA-DQB1*03:02,BK_nephropathy,6,5,1,35,305,3000,0.522467,0.084071,0.67382,1.961716,0.832105,4.624815,0.138169,0.754664,0.161103,0.824695,1998
HLA-DQB1*03:02,CMV,1,1,0,35,388,3000,-1.509986,-0.188598,-1.240247,0.289313,0.05622,1.488829,0.992381,1.0,1.0,1.0,2014
HLA-DQB1*03:02,DGF,2,2,0,35,211,3000,-0.207691,-0.028399,-0.018261,0.981904,0.269564,3.576654,0.717641,1.0,1.0,1.0,2022
HLA-DQB1*03:02,DSA,5,5,0,35,652,3000,-0.419587,-0.065592,-0.437422,0.645699,0.259351,1.607577,0.905575,1.0,0.408319,1.0,2014
HLA-DQB1*03:02,FSGS,4,4,0,35,70,3000,1.588819,0.24,1.829181,6.228786,2.25232,17.225694,0.00824843,0.11475,0.00824843,0.108375,2009
HLA-DQB1*03:02,HLA_mismatch_outcome,3,3,0,35,359,3000,-0.333691,-0.048307,-0.237897,0.788284,0.260261,2.387573,0.808133,1.0,1.0,1.0,2015
HLA-DQB1*03:02,NODAT,5,4,1,35,87,3000,1.594549,0.249268,1.840983,6.302732,2.476882,16.038083,0.00298658,0.0490505,0.00298658,0.0449889,2014
HLA-DQB1*03:02,PTLD,2,1,1,35,104,3000,0.499776,0.068339,0.734682,2.08482,0.56815,7.65022,0.343907,1.0,0.343907,1.0,1995
HLA-DQB1*03:02,TCMR,2,1,1,35,342,3000,-0.690644,-0.094438,-0.552643,0.575427,0.158401,2.09037,0.921618,1.0,1.0,1.0,2014
HLA-DQB1*03:02,acute_rejection,3,3,0,35,377,3000,-0.382613,-0.055389,-0.294077,0.745219,0.246099,2.256622,0.835007,1.0,1.0,1.0,2009
HLA-DQB1*03:02,chronic_rejection,5,2,3,35,345,3000,0.216913,0.033909,0.329633,1.390458,0.556917,3.47156,0.376001,1.0,0.591103,1.0,2010
HLA-DQB1*03:02,complement_activation,2,2,0,35,289,3000,-0.52226,-0.071413,-0.363465,0.695263,0.191236,2.52771,0.865004,1.0,1.0,1.0,2013
HLA-DQB1*03:02,eGFR,12,10,2,35,292,3000,1.259172,0.228051,1.627777,5.09254,2.536265,10.225258,6.16823e-05,0.00251515,6.16823e-05,0.00208398,1995
HLA-DQB1*03:02,graft_loss,5,5,0,35,427,3000,0.003673,0.000574,0.082128,1.085595,0.435321,2.707235,0.570601,1.0,1.0,1.0,1995
HLA-DQB1*03:02,graft_survival,3,3,0,35,380,3000,-0.390539,-0.056536,-0.303214,0.738441,0.243869,2.236016,0.839172,1.0,1.0,1.0,2013
HLA-DQB1*03:02,mixed_rejection,2,2,0,35,92,3000,0.622378,0.085103,0.863377,2.371155,0.64495,8.71754,0.29168,0.974215,0.29168,1.0,2014
HLA-DQB1*03:02,recurrent_GN,3,3,0,35,359,3000,-0.333691,-0.048307,-0.237897,0.788284,0.260261,2.387573,0.808133,1.0,1.0,1.0,2017
HLA-DQB1*03:02,sensitization,2,2,0,35,344,3000,-0.696475,-0.095235,-0.559262,0.571631,0.15736,2.076529,0.923255,1.0,1.0,1.0,2002
HLA-DQB1*03:02,skin_cancer,1,1,0,35,229,3000,-0.982702,-0.12274,-0.65223,0.520883,0.101009,2.686085,0.938926,1.0,1.0,1.0,2018
HLA-DQB1*03:03,ABMR,1,1,0,2,669,3000,0.807436,0.100849,1.248802,3.486163,0.362024,33.570507,0.396329,1.0,0.396329,1.0,2025
HLA-DQB1*03:03,FSGS,2,1,1,2,70,3000,3.757872,0.513846,5.365533,213.905109,10.172393,4497.997149,0.000536846,0.0142371,0.000536846,0.0125943,2015
HLA-DQB1*03:03,chronic_rejection,1,0,1,2,345,3000,1.469676,0.183563,2.041918,7.70537,0.799253,74.285231,0.216809,0.885232,0.216809,0.902734,2015
HLA-DQB1*03:03,complement_activation,1,1,0,2,289,3000,1.646794,0.205685,2.240193,9.395147,0.97407,90.61855,0.183416,0.844966,0.183416,0.86035,2025
HLA-DQB1*03:03,eGFR,1,1,0,2,292,3000,1.636467,0.204396,2.228741,9.288165,0.963007,89.583998,0.185222,0.844966,0.185222,0.86035,2025
HLA-DQB1*05,ABMR,23,21,2,64,669,3000,0.477195,0.097969,0.696259,2.006234,1.200551,3.352606,0.00841718,0.116413,0.0140552,0.166202,1995
HLA-DQB1*05,BK_nephropathy,8,7,1,64,305,3000,0.206614,0.03486,0.288756,1.334766,0.642613,2.77243,0.323099,1.0,0.528201,1.0,1999
HLA-DQB1*05,CMV,10,9,1,64,388,3000,0.189064,0.033147,0.264135,1.302304,0.666845,2.543312,0.310238,1.0,0.456274,1.0,1992
HLA-DQB1*05,DGF,9,9,0,64,211,3000,0.692851,0.119269,0.837873,2.311445,1.144584,4.667878,0.0329291,0.347667,0.0418527,0.387857,1994
HLA-DQB1*05,DSA,16,15,1,64,652,3000,0.140029,0.026755,0.206694,1.229606,0.698542,2.16441,0.305717,0.993212,0.539953,1.0,1997
HLA-DQB1*05,FSGS,1,1,0,64,70,3000,-0.401011,-0.050086,-0.025706,0.974622,0.189717,5.006858,0.782883,1.0,1.0,1.0,2025
HLA-DQB1*05,HLA_mismatch_outcome,6,5,1,64,359,3000,-0.244078,-0.039275,-0.208208,0.812038,0.358382,1.839952,0.795796,1.0,0.696275,1.0,2000
HLA-DQB1*05,IgA_nephropathy,3,2,1,64,121,3000,0.150306,0.021759,0.302773,1.353607,0.453908,4.036612,0.481392,1.0,0.742784,1.0,1995
HLA-DQB1*05,NODAT,2,1,1,64,87,3000,0.074724,0.010218,0.288208,1.334035,0.370046,4.809262,0.5599,1.0,0.7089,1.0,2005
HLA-DQB1*05,TCMR,4,4,0,64,342,3000,-0.601032,-0.090789,-0.5604,0.57098,0.217671,1.497762,0.945057,1.0,1.0,1.0,2006
HLA-DQB1*05,acute_rejection,7,4,3,64,377,3000,-0.138851,-0.022911,-0.101437,0.903538,0.418897,1.948883,0.711085,1.0,0.849214,1.0,1992
HLA-DQB1*05,chronic_rejection,8,7,1,64,345,3000,0.083382,0.014068,0.147334,1.158741,0.558444,2.404327,0.45835,1.0,0.842137,1.0,2001
HLA-DQB1*05,complement_activation,11,5,6,64,289,3000,0.578953,0.103228,0.718765,2.051897,1.072342,3.926248,0.0394077,0.389955,0.0507634,0.439764,2005
HLA-DQB1*05,eGFR,8,8,0,64,292,3000,0.250172,0.042209,0.33835,1.402632,0.675018,2.914554,0.28086,0.948905,0.3973,1.0,1993
HLA-DQB1*05,graft_loss,5,4,1,64,427,3000,-0.599862,-0.093773,-0.597588,0.550137,0.228284,1.325765,0.961572,1.0,0.151269,0.812737,1992
HLA-DQB1*05,graft_survival,18,16,2,64,380,3000,0.797685,0.15592,1.038705,2.825554,1.630412,4.896772,0.000654311,0.0162889,0.000810102,0.017577,1992
HLA-DQB1*05,mixed_rejection,2,2,0,64,92,3000,0.018843,0.002577,0.22962,1.258122,0.349327,4.531204,0.590744,1.0,1.0,1.0,2021
HLA-DQB1*05,recurrent_GN,5,5,0,64,359,3000,-0.4264,-0.066657,-0.395423,0.673395,0.27916,1.624375,0.896855,1.0,0.433766,1.0,1994
HLA-DQB1*05,sensitization,2,2,0,64,344,3000,-1.30001,-0.177762,-1.193998,0.303007,0.085164,1.078073,0.996421,1.0,1.0,1.0,2015
HLA-DQB1*05,skin_cancer,4,2,2,64,229,3000,-0.199943,-0.030203,-0.111629,0.894376,0.339965,2.352916,0.732418,1.0,1.0,1.0,1999
HLA-DQB1*05:01,ABMR,9,8,1,48,669,3000,-0.173393,-0.029848,-0.180608,0.834763,0.40896,1.703906,0.775479,1.0,0.726364,1.0,2007
HLA-DQB1*05:01,BK_nephropathy,18,13,5,48,305,3000,1.305227,0.255127,1.726968,5.623578,3.11648,10.147547,3.52655e-07,4.38962e-05,3.52655e-07,3.33611e-05,2003
HLA-DQB1*05:01,CMV,4,3,1,48,388,3000,-0.439544,-0.066396,-0.392278,0.675516,0.254685,1.791713,0.885614,1.0,1.0,1.0,2005
HLA-DQB1*05:01,DGF,1,1,0,48,211,3000,-1.216692,-0.151965,-0.888125,0.411426,0.080495,2.102893,0.970676,1.0,1.0,1.0,1994
HLA-DQB1*05:01,DSA,6,4,2,48,652,3000,-0.553119,-0.089003,-0.605789,0.545644,0.237911,1.251421,0.966329,1.0,0.156401,0.812942,2009
HLA-DQB1*05:01,FSGS,1,1,0,48,70,3000,-0.113329,-0.014155,0.270169,1.310186,0.253458,6.772667,0.680933,1.0,1.0,1.0,2019
HLA-DQB1*05:01,HLA_mismatch_outcome,10,9,1,48,359,3000,0.554429,0.097204,0.708825,2.031604,1.017518,4.056354,0.0536746,0.473697,0.0696657,0.551035,1993
HLA-DQB1*05:01,IgA_nephropathy,1,0,1,48,121,3000,-0.660624,-0.082512,-0.297999,0.742302,0.144627,3.809882,0.863591,1.0,1.0,1.0,2019
HLA-DQB1*05:01,NODAT,1,1,0,48,87,3000,-0.330742,-0.04131,0.045438,1.046486,0.203115,5.391679,0.759235,1.0,1.0,1.0,2005
HLA-DQB1*05:01,PTLD,2,2,0,48,104,3000,0.183923,0.025149,0.402225,1.495148,0.412533,5.418888,0.500815,1.0,0.682192,1.0,2024
HLA-DQB1*05:01,TCMR,3,3,0,48,342,3000,-0.601032,-0.087008,-0.523978,0.59216,0.198483,1.766674,0.924131,1.0,1.0,1.0,2017
HLA-DQB1*05:01,acute_rejection,3,3,0,48,377,3000,-0.698466,-0.101113,-0.635578,0.529629,0.177607,1.579366,0.951759,1.0,1.0,1.0,2011
HLA-DQB1*05:01,chronic_rejection,10,9,1,48,345,3000,0.594207,0.104178,0.75507,2.12776,1.06533,4.249728,0.0425916,0.411139,0.0624564,0.502413,2001
HLA-DQB1*05:01,complement_activation,21,17,4,48,289,3000,1.513262,0.30498,2.056266,7.816726,4.385227,13.93342,4.57747e-10,1.08257e-07,4.57747e-10,7.21715e-08,2005
HLA-DQB1*05:01,eGFR,5,4,1,48,292,3000,0.067851,0.010607,0.158911,1.172234,0.478833,2.869753,0.507503,1.0,0.805902,1.0,2019
HLA-DQB1*05:01,graft_loss,4,4,0,48,427,3000,-0.535323,-0.080864,-0.504188,0.603996,0.227825,1.601278,0.926596,1.0,1.0,1.0,2008
HLA-DQB1*05:01,graft_survival,11,8,3,48,380,3000,0.592891,0.105713,0.762756,2.144177,1.097621,4.1886,0.0337265,0.353915,0.0452234,0.408572,2011
HLA-DQB1*05:01,recurrent_GN,8,8,0,48,359,3000,0.331286,0.055895,0.440398,1.553325,0.735351,3.281181,0.209111,0.878414,0.365177,1.0,1994
HLA-DQB1*05:01,sensitization,3,2,1,48,344,3000,-0.606863,-0.087852,-0.530617,0.588242,0.197175,1.754931,0.926027,1.0,1.0,1.0,2012
HLA-DQB1*05:01,skin_cancer,4,4,0,48,229,3000,0.087739,0.013253,0.201409,1.223125,0.459507,3.255739,0.504887,1.0,0.782865,1.0,2011
HLA-DQB1*05:02,ABMR,6,6,0,20,669,3000,0.296611,0.047728,0.448369,1.565756,0.618273,3.965225,0.276425,0.947933,0.419592,1.0,2003
HLA-DQB1*05:02,BK_nephropathy,2,2,0,20,305,3000,-0.016529,-0.00226,0.175777,1.192172,0.316553,4.489848,0.618554,1.0,1.0,1.0,2019
HLA-DQB1*05:02,CMV,3,3,0,20,388,3000,0.148242,0.02146,0.297555,1.346563,0.42525,4.263922,0.488841,1.0,0.736696,1.0,1993
HLA-DQB1*05:02,DGF,2,0,2,20,211,3000,0.351924,0.048122,0.58094,1.787719,0.47368,6.747036,0.415947,1.0,0.647396,1.0,2003
HLA-DQB1*05:02,DSA,8,6,2,20,652,3000,0.610032,0.102926,0.902272,2.465198,1.026908,5.917962,0.0497378,0.45417,0.0570469,0.473389,2009
HLA-DQB1*05:02,FSGS,2,0,2,20,70,3000,1.455287,0.198994,1.748453,5.745709,1.501074,21.993031,0.0778467,0.593895,0.0778467,0.587924,2010
HLA-DQB1*05:02,HLA_mismatch_outcome,7,6,1,20,359,3000,1.073223,0.177086,1.421331,4.142632,1.685077,10.184339,0.00639886,0.0928423,0.00639886,0.0879843,2003
HLA-DQB1*05:02,PTLD,1,1,0,20,104,3000,0.366244,0.045744,0.760156,2.13861,0.40167,11.386599,0.507332,1.0,0.507332,1.0,2025
HLA-DQB1*05:02,TCMR,2,2,0,20,342,3000,-0.131028,-0.017917,0.046828,1.047942,0.278398,3.944645,0.68345,1.0,1.0,1.0,2022
HLA-DQB1*05:02,acute_rejection,1,1,0,20,377,3000,-0.92161,-0.11511,-0.630871,0.532128,0.100748,2.810564,0.932459,1.0,1.0,1.0,2019
HLA-DQB1*05:02,chronic_rejection,1,1,0,20,345,3000,-0.832909,-0.104031,-0.529836,0.588702,0.111429,3.110241,0.913846,1.0,1.0,1.0,2013
HLA-DQB1*05:02,complement_activation,3,3,0,20,289,3000,0.442821,0.064105,0.631791,1.880977,0.593148,5.964915,0.302051,0.992258,0.433035,1.0,2021
HLA-DQB1*05:02,eGFR,2,2,0,20,292,3000,0.027029,0.003696,0.224399,1.25157,0.332255,4.71454,0.593673,1.0,1.0,1.0,1993
HLA-DQB1*05:02,graft_loss,5,4,1,20,427,3000,0.563289,0.088056,0.764895,2.148769,0.807895,5.715112,0.144118,0.770257,0.190015,0.866938,2009
HLA-DQB1*05:02,graft_survival,1,1,0,20,380,3000,-0.929536,-0.1161,-0.63996,0.527313,0.099839,2.785068,0.933993,1.0,1.0,1.0,2022
HLA-DQB1*05:02,recurrent_GN,2,2,0,20,359,3000,-0.17954,-0.02455,-0.008351,0.991684,0.263505,3.732137,0.710353,1.0,1.0,1.0,2010
HLA-DQB1*05:02,sensitization,1,1,0,20,344,3000,-0.830006,-0.103668,-0.52655,0.590639,0.111794,3.120508,0.913192,1.0,1.0,1.0,2026
HLA-DQB1*05:02,skin_cancer,1,1,0,20,229,3000,-0.423087,-0.052844,-0.076221,0.926612,0.175093,4.903732,0.796754,1.0,1.0,1.0,2026
HLA-DQB1*05:03,ABMR,1,0,1,5,669,3000,-0.108854,-0.013596,0.148901,1.160558,0.1825,7.38025,0.717063,1.0,1.0,1.0,2021
HLA-DQB1*05:03,BK_nephropathy,1,0,1,5,305,3000,0.676618,0.08451,1.080571,2.94636,0.46249,18.770232,0.415178,1.0,0.415178,1.0,2015
HLA-DQB1*05:03,CMV,1,1,0,5,388,3000,0.435924,0.054447,0.808202,2.243871,0.352473,14.284665,0.499914,1.0,0.499914,1.0,2025
HLA-DQB1*05:03,DSA,2,2,0,5,652,3000,0.610032,0.083415,0.94604,2.575491,0.506964,13.084087,0.298509,0.985996,0.298509,1.0,2021
HLA-DQB1*05:03,HLA_mismatch_outcome,2,0,2,5,359,3000,1.206754,0.16501,1.662358,5.271728,1.03621,26.819977,0.111764,0.708638,0.111764,0.706281,2015
HLA-DQB1*05:03,TCMR,1,1,0,5,342,3000,0.562119,0.070209,0.952052,2.59102,0.40686,16.500481,0.454265,1.0,0.454265,1.0,2025
HLA-DQB1*05:03,acute_rejection,4,3,1,5,377,3000,1.850979,0.279601,3.047578,21.064257,3.308501,134.109947,0.00110719,0.0229693,0.00110719,0.0211169,2015
HLA-DQB1*05:03,chronic_rejection,2,2,0,5,345,3000,1.246532,0.170449,1.707599,5.5157,1.084021,28.064896,0.104232,0.680962,0.104232,0.677337,2014
HLA-DQB1*05:03,complement_activation,1,1,0,5,289,3000,0.730503,0.09124,1.140474,3.12825,0.490949,19.932706,0.397597,1.0,0.397597,1.0,2014
HLA-DQB1*05:03,graft_survival,1,1,0,5,380,3000,0.456758,0.057049,0.832126,2.298199,0.360987,14.631332,0.492203,1.0,0.492203,1.0,2025
HLA-DQB1*06,ABMR,48,45,3,233,669,3000,-0.079254,-0.019166,-0.102033,0.903,0.650186,1.254116,0.765665,1.0,0.56648,1.0,1992
HLA-DQB1*06,BK_nephropathy,18,17,1,233,305,3000,-0.274611,-0.053677,-0.300198,0.740672,0.45362,1.20937,0.923011,1.0,0.21587,0.902734,1996
HLA-DQB1*06,CMV,29,28,1,233,388,3000,-0.03838,-0.008273,-0.034132,0.966443,0.646785,1.444086,0.622888,1.0,0.919022,1.0,1994
HLA-DQB1*06,DGF,19,13,6,233,211,3000,0.14791,0.02922,0.195808,1.216293,0.747991,1.977788,0.27914,0.948905,0.503626,1.0,1994
HLA-DQB1*06,DSA,54,50,4,233,652,3000,0.064269,0.015998,0.095851,1.100595,0.802116,1.510142,0.314426,1.0,0.563512,1.0,1998
HLA-DQB1*06,FSGS,6,6,0,233,70,3000,0.098593,0.015865,0.180289,1.197564,0.528579,2.713234,0.46397,1.0,0.819563,1.0,2006
HLA-DQB1*06,HLA_mismatch_outcome,21,19,2,233,359,3000,-0.283471,-0.05713,-0.319972,0.726169,0.459375,1.147911,0.943961,1.0,0.171427,0.84288,1998
HLA-DQB1*06,IgA_nephropathy,9,8,1,233,121,3000,-0.043237,-0.007443,-0.001149,0.998852,0.508023,1.963899,0.606135,1.0,1.0,1.0,1994
HLA-DQB1*06,NODAT,6,6,0,233,87,3000,-0.11882,-0.019119,-0.059957,0.941805,0.418875,2.117572,0.680402,1.0,1.0,1.0,1998
HLA-DQB1*06,PTLD,8,5,3,233,104,3000,-0.00962,-0.001623,0.042598,1.043519,0.510834,2.131672,0.566378,1.0,1.0,1.0,2003
HLA-DQB1*06,TCMR,16,13,3,233,342,3000,-0.506893,-0.09685,-0.566901,0.567281,0.339412,0.948133,0.99399,1.0,0.0236436,0.255739,2007
HLA-DQB1*06,acute_rejection,8,5,3,233,377,3000,-1.297475,-0.218912,-1.407806,0.24468,0.122293,0.489548,1.0,1.0,9.20858e-07,7.02526e-05,2010
HLA-DQB1*06,chronic_rejection,43,40,3,233,345,3000,0.472985,0.111417,0.621177,1.861118,1.311065,2.641943,0.00076366,0.0184291,0.0012121,0.0222218,1992
HLA-DQB1*06,complement_activation,27,23,4,233,289,3000,0.184739,0.039218,0.239878,1.271094,0.837099,1.930095,0.173276,0.827873,0.29761,1.0,2010
HLA-DQB1*06,eGFR,23,19,4,233,292,3000,0.01407,0.002889,0.034392,1.03499,0.663628,1.614165,0.505929,1.0,0.908527,1.0,1995
HLA-DQB1*06,graft_loss,35,34,1,233,427,3000,0.053893,0.012108,0.07917,1.082389,0.74556,1.571389,0.390075,1.0,0.696721,1.0,2002
HLA-DQB1*06,graft_survival,32,30,2,233,380,3000,0.080894,0.017816,0.113129,1.119776,0.760322,1.649168,0.335319,1.0,0.608109,1.0,1993
HLA-DQB1*06,mixed_rejection,8,7,1,233,92,3000,0.112982,0.019063,0.179872,1.197064,0.583694,2.454988,0.423897,1.0,0.691764,1.0,2004
HLA-DQB1*06,recurrent_GN,27,24,3,233,359,3000,-0.032156,-0.006826,-0.024847,0.975459,0.644754,1.475789,0.606248,1.0,0.916574,1.0,1994
HLA-DQB1*06,sensitization,21,19,2,233,344,3000,-0.24079,-0.048528,-0.268492,0.764531,0.48337,1.209235,0.91186,1.0,0.240243,0.952074,1994
HLA-DQB1*06,skin_cancer,23,23,0,233,229,3000,0.257101,0.052783,0.325563,1.38481,0.883656,2.170185,0.115097,0.71445,0.197385,0.879424,1996
HLA-DQB1*06:02,ABMR,8,7,1,56,669,3000,-0.445327,-0.075136,-0.502543,0.60499,0.290407,1.260345,0.953242,1.0,0.193406,0.874447,2002
HLA-DQB1*06:02,BK_nephropathy,10,9,1,56,305,3000,0.563289,0.098757,0.70538,2.024617,1.025304,3.997909,0.0525234,0.468747,0.069911,0.551132,2002
HLA-DQB1*06:02,CMV,8,6,2,56,388,3000,0.099452,0.01678,0.166535,1.181205,0.565421,2.46762,0.439913,1.0,0.689806,1.0,1994
HLA-DQB1*06:02,DGF,5,5,0,56,211,3000,0.238596,0.037298,0.348031,1.416277,0.581284,3.450703,0.358392,1.0,0.592296,1.0,1994
HLA-DQB1*06:02,DSA,11,11,0,56,652,3000,-0.101133,-0.018032,-0.096989,0.907566,0.472469,1.743342,0.700023,1.0,0.870023,1.0,2016
HLA-DQB1*06:02,FSGS,3,3,0,56,70,3000,0.831133,0.120319,1.025631,2.788854,0.920936,8.445435,0.140931,0.766211,0.140931,0.79169,2017
HLA-DQB1*06:02,HLA_mismatch_outcome,4,3,1,56,359,3000,-0.516012,-0.077947,-0.471041,0.624352,0.236895,1.645522,0.917197,1.0,1.0,1.0,2011
HLA-DQB1*06:02,IgA_nephropathy,3,3,0,56,121,3000,0.283838,0.04109,0.444963,1.560432,0.521037,4.673274,0.394928,1.0,0.492484,1.0,1994
HLA-DQB1*06:02,NODAT,3,3,0,56,87,3000,0.61372,0.088845,0.795081,2.214621,0.735108,6.671877,0.220375,0.888334,0.220375,0.912762,2017
HLA-DQB1*06:02,TCMR,5,3,2,56,342,3000,-0.244357,-0.038199,-0.192252,0.825099,0.340012,2.002248,0.782383,1.0,0.675198,1.0,2013
HLA-DQB1*06:02,acute_rejection,4,3,1,56,377,3000,-0.564935,-0.085337,-0.527409,0.590132,0.22397,1.554923,0.935022,1.0,1.0,1.0,2002
HLA-DQB1*06:02,chronic_rejection,7,7,0,56,345,3000,0.083382,0.013758,0.15417,1.166689,0.536799,2.535704,0.468715,1.0,0.831532,1.0,1997
HLA-DQB1*06:02,complement_activation,17,16,1,56,289,3000,1.147803,0.221877,1.469031,4.345024,2.441389,7.732987,1.00461e-05,0.000565692,1.00461e-05,0.000448284,2008
HLA-DQB1*06:02,eGFR,4,3,1,56,292,3000,-0.309444,-0.046743,-0.236666,0.789255,0.299081,2.082787,0.809637,1.0,1.0,1.0,2013
HLA-DQB1*06:02,graft_loss,7,6,1,56,427,3000,-0.129858,-0.021427,-0.094716,0.909631,0.41911,1.974253,0.704007,1.0,0.847846,1.0,2003
HLA-DQB1*06:02,graft_survival,1,1,0,56,380,3000,-1.959155,-0.2447,-1.699864,0.182708,0.035963,0.928235,0.999529,1.0,1.0,1.0,2020
HLA-DQB1*06:02,mixed_rejection,1,1,0,56,92,3000,-0.540773,-0.067543,-0.170955,0.842859,0.164298,4.323928,0.828069,1.0,1.0,1.0,2020
HLA-DQB1*06:02,recurrent_GN,9,8,1,56,359,3000,0.294918,0.050768,0.39235,1.480456,0.731158,2.997642,0.22043,0.888334,0.303233,1.0,1994
HLA-DQB1*06:02,sensitization,9,7,2,56,344,3000,0.337599,0.058115,0.441854,1.555589,0.768002,3.150845,0.185638,0.844966,0.286393,1.0,1994
HLA-DQB1*06:02,skin_cancer,20,18,2,56,229,3000,1.543026,0.30795,1.992458,7.33354,4.193533,12.824703,1.32561e-09,2.61255e-07,1.32561e-09,1.7417e-07,2002
HLA-DQB1*06:03,ABMR,6,5,1,37,669,3000,-0.318575,-0.051262,-0.334832,0.715458,0.30617,1.671881,0.865078,1.0,0.433105,1.0,2003
HLA-DQB1*06:03,BK_nephropathy,4,4,0,37,305,3000,0.061432,0.00928,0.170783,1.186233,0.440232,3.196378,0.527976,1.0,0.785921,1.0,1996
HLA-DQB1*06:03,CMV,8,7,1,37,388,3000,0.513886,0.086704,0.67109,1.956369,0.905319,4.227658,0.0957498,0.662043,0.13358,0.771821,1990
HLA-DQB1*06:03,DGF,9,7,2,37,211,3000,1.240816,0.213597,1.514177,4.545679,2.151482,9.604167,0.000778562,0.018599,0.000778562,0.0170491,1999
HLA-DQB1*06:03,DSA,12,9,3,37,652,3000,0.400312,0.072501,0.575631,1.778252,0.898759,3.518385,0.0866805,0.62691,0.112446,0.707274,2003
HLA-DQB1*06:03,HLA_mismatch_outcome,2,1,1,37,359,3000,-0.794726,-0.10867,-0.666614,0.513444,0.141722,1.860155,0.947035,1.0,1.0,1.0,2010
HLA-DQB1*06:03,IgA_nephropathy,1,1,0,37,121,3000,-0.400341,-0.050003,-0.030706,0.969761,0.187545,5.014451,0.784042,1.0,1.0,1.0,1990
HLA-DQB1*06:03,PTLD,2,2,0,37,104,3000,0.444206,0.06074,0.675996,1.965991,0.537101,7.196262,0.369339,1.0,0.369339,1.0,2010
HLA-DQB1*06:03,TCMR,4,3,1,37,342,3000,-0.053067,-0.008016,0.041034,1.041888,0.386931,2.805488,0.622904,1.0,1.0,1.0,2006
HLA-DQB1*06:03,acute_rejection,3,3,0,37,377,3000,-0.438183,-0.063434,-0.354568,0.701476,0.232372,2.117596,0.862066,1.0,1.0,1.0,2012
HLA-DQB1*06:03,chronic_rejection,7,7,0,37,345,3000,0.497815,0.082142,0.645679,1.907281,0.851161,4.273836,0.12474,0.735184,0.186855,0.86035,1996
HLA-DQB1*06:03,complement_activation,4,4,0,37,289,3000,0.115317,0.017419,0.231302,1.26024,0.467531,3.397003,0.483928,1.0,0.777118,1.0,2006
HLA-DQB1*06:03,eGFR,18,15,3,37,292,3000,1.609068,0.314517,2.229516,9.295362,4.86165,17.772517,1.18632e-09,2.55059e-07,1.18632e-09,1.65038e-07,1990
HLA-DQB1*06:03,graft_loss,3,3,0,37,427,3000,-0.562722,-0.081462,-0.499386,0.606903,0.201151,1.831124,0.91443,1.0,1.0,1.0,2003
HLA-DQB1*06:03,graft_survival,4,4,0,37,380,3000,-0.158427,-0.023931,-0.079939,0.923173,0.343038,2.484414,0.70789,1.0,1.0,1.0,1996
HLA-DQB1*06:03,mixed_rejection,1,1,0,37,92,3000,-0.126339,-0.01578,0.254752,1.290141,0.24874,6.691578,0.68636,1.0,1.0,1.0,2014
HLA-DQB1*06:03,recurrent_GN,2,1,1,37,359,3000,-0.794726,-0.10867,-0.666614,0.513444,0.141722,1.860155,0.947035,1.0,1.0,1.0,2012
HLA-DQB1*06:03,sensitization,5,4,1,37,344,3000,0.164246,0.025676,0.26868,1.308236,0.526205,3.2525,0.42135,1.0,0.606891,1.0,2003
HLA-DQB1*06:03,skin_cancer,1,1,0,37,229,3000,-1.038272,-0.129681,-0.709314,0.491982,0.095582,2.532332,0.947997,1.0,1.0,1.0,1996
HLA-DQB1*06:09,BK_nephropathy,1,1,0,4,305,3000,0.899761,0.112381,1.332256,3.789585,0.557566,25.756523,0.348894,1.0,0.348894,1.0,2024
HLA-DQB1*06:09,DGF,1,1,0,4,211,3000,1.268215,0.158401,1.735758,5.673227,0.833493,38.615213,0.253133,0.925285,0.253133,0.973033,2024
HLA-DQB1*06:09,DSA,2,1,1,4,652,3000,0.833176,0.113927,1.282939,3.607225,0.623574,20.86694,0.207879,0.876048,0.207879,0.892258,2022
HLA-DQB1*06:09,HLA_mismatch_outcome,1,1,0,4,359,3000,0.736751,0.092021,1.148739,3.154214,0.46431,21.427659,0.399559,1.0,0.399559,1.0,2008
HLA-DQB1*06:09,PTLD,1,1,0,4,104,3000,1.975682,0.246764,2.483353,11.981366,1.751662,81.952516,0.131684,0.747323,0.131684,0.771821,2008
HLA-DQB1*06:09,eGFR,1,0,1,4,292,3000,0.943319,0.117821,1.380704,3.977702,0.585159,27.039009,0.336233,1.0,0.336233,1.0,2026
HLA-DQB1*06:09,graft_loss,1,1,0,4,427,3000,0.563289,0.070355,0.948945,2.582984,0.380389,17.539454,0.459084,1.0,0.459084,1.0,2026
HLA-DQB1*06:09,sensitization,4,4,0,4,344,3000,2.165726,0.327145,4.251574,70.215859,3.771985,1307.074939,0.000170222,0.00559134,0.000170222,0.00479257,2008
HLA-DQB1*06:09,skin_cancer,1,1,0,4,229,3000,1.186351,0.148176,1.647227,5.19256,0.763159,35.330358,0.272238,0.947933,0.272238,0.992043,2022
HLA-DRB1*01,ABMR,12,9,3,73,669,3000,-0.304969,-0.055233,-0.353998,0.701876,0.37974,1.297283,0.917231,1.0,0.256305,0.976104,2001
HLA-DRB1*01,BK_nephropathy,9,9,0,73,305,3000,0.192821,0.033193,0.267889,1.307202,0.654592,2.610445,0.321606,1.0,0.553896,1.0,2003
HLA-DRB1*01,CMV,25,23,2,73,388,3000,0.973779,0.203401,1.310854,3.709341,2.268219,6.066085,1.7851e-06,0.000145578,1.7851e-06,0.000111099,1991
HLA-DRB1*01,DGF,6,6,0,73,211,3000,0.155809,0.025071,0.243534,1.27575,0.563381,2.888875,0.408531,1.0,0.641466,1.0,2003
HLA-DRB1*01,DSA,13,13,0,73,652,3000,-0.199187,-0.036606,-0.224988,0.798525,0.439801,1.449844,0.83293,1.0,0.474266,1.0,1999
HLA-DRB1*01,HLA_mismatch_outcome,3,3,0,73,359,3000,-1.068802,-0.154725,-1.026939,0.358101,0.121725,1.053498,0.994971,1.0,1.0,1.0,2009
HLA-DRB1*01,IgA_nephropathy,4,3,1,73,121,3000,0.306412,0.046285,0.43743,1.548722,0.586452,4.089917,0.339724,1.0,0.537532,1.0,2003
HLA-DRB1*01,NODAT,8,6,2,73,87,3000,1.329442,0.224305,1.536807,4.649719,2.199637,9.828844,0.00104243,0.0221567,0.00104243,0.0202689,2003
HLA-DRB1*01,PTLD,1,1,0,73,104,3000,-0.928483,-0.115968,-0.571606,0.564618,0.110774,2.877877,0.926286,1.0,1.0,1.0,2012
HLA-DRB1*01,TCMR,10,10,0,73,342,3000,0.183682,0.032204,0.25523,1.290758,0.665218,2.50453,0.317125,1.0,0.573826,1.0,2002
HLA-DRB1*01,acute_rejection,13,12,1,73,377,3000,0.348612,0.064066,0.450649,1.56933,0.861196,2.85974,0.119639,0.727147,0.207375,0.892258,1990
HLA-DRB1*01,chronic_rejection,2,2,0,73,345,3000,-1.434489,-0.19615,-1.335306,0.263078,0.074168,0.933145,0.998718,1.0,1.0,1.0,2011
HLA-DRB1*01,complement_activation,5,5,0,73,289,3000,-0.341081,-0.053319,-0.29296,0.746052,0.310312,1.793659,0.8468,1.0,0.547065,1.0,2006
HLA-DRB1*01,eGFR,13,13,0,73,292,3000,0.604104,0.11102,0.748793,2.114446,1.157296,3.863214,0.0216936,0.252769,0.0263727,0.277629,1990
HLA-DRB1*01,graft_loss,9,4,5,73,427,3000,-0.143651,-0.024728,-0.124212,0.883193,0.443455,1.758984,0.731497,1.0,0.736475,1.0,2001
HLA-DRB1*01,graft_survival,7,6,1,73,380,3000,-0.278353,-0.045929,-0.259605,0.771356,0.359751,1.653896,0.83616,1.0,0.591502,1.0,2003
HLA-DRB1*01,mixed_rejection,9,9,0,73,92,3000,1.391344,0.239509,1.612923,5.017453,2.454376,10.257123,0.00031158,0.00902979,0.00031158,0.00813673,1991
HLA-DRB1*01,recurrent_GN,17,14,3,73,359,3000,0.665799,0.128703,0.849363,2.338156,1.351809,4.044191,0.00448919,0.0689412,0.00539261,0.0760577,2002
HLA-DRB1*01,sensitization,8,7,1,73,344,3000,-0.045292,-0.007642,-0.00059,0.99941,0.484749,2.060491,0.610799,1.0,1.0,1.0,1992
HLA-DRB1*01,skin_cancer,5,5,0,73,229,3000,-0.108376,-0.016942,-0.033659,0.966901,0.401354,2.329363,0.666116,1.0,1.0,1.0,2003
HLA-DRB1*01:01,ABMR,8,7,1,41,669,3000,-0.133547,-0.022532,-0.125977,0.881635,0.413261,1.880844,0.725176,1.0,0.85015,1.0,1993
HLA-DRB1*01:01,BK_nephropathy,2,1,1,41,305,3000,-0.734369,-0.100417,-0.590627,0.55398,0.153451,1.999941,0.931765,1.0,1.0,1.0,2010
HLA-DRB1*01:01,CMV,9,8,1,41,388,3000,0.529015,0.091066,0.686936,1.987615,0.957002,4.128115,0.0738043,0.579891,0.0973848,0.656168,1991
HLA-DRB1*01:01,DGF,3,2,1,41,211,3000,0.03955,0.005725,0.182067,1.199695,0.39804,3.615884,0.559108,1.0,0.763321,1.0,2003
HLA-DRB1*01:01,DSA,9,8,1,41,652,3000,0.009976,0.001717,0.050942,1.052262,0.508031,2.179505,0.548308,1.0,1.0,1.0,1999
HLA-DRB1*01:01,HLA_mismatch_outcome,1,0,1,41,359,3000,-1.590527,-0.198658,-1.313922,0.268764,0.052478,1.376459,0.994821,1.0,1.0,1.0,2016
HLA-DRB1*01:01,IgA_nephropathy,1,1,0,41,121,3000,-0.502995,-0.062824,-0.136103,0.872752,0.16932,4.498575,0.817231,1.0,1.0,1.0,1998
HLA-DRB1*01:01,NODAT,3,2,1,41,87,3000,0.9255,0.13398,1.129335,3.093599,1.014004,9.438183,0.114282,0.713129,0.114282,0.713647,1993
HLA-DRB1*01:01,PTLD,4,4,0,41,104,3000,1.034699,0.156297,1.227981,3.414328,1.258768,9.261152,0.0516903,0.463059,0.0516903,0.446159,1998
HLA-DRB1*01:01,TCMR,5,5,0,41,342,3000,0.067423,0.01054,0.157754,1.170878,0.474313,2.890403,0.508914,1.0,0.804824,1.0,2006
HLA-DRB1*01:01,acute_rejection,6,5,1,41,377,3000,0.15231,0.024508,0.243554,1.275776,0.548984,2.964756,0.412377,1.0,0.635861,1.0,1999
HLA-DRB1*01:01,chronic_rejection,4,4,0,41,345,3000,-0.164455,-0.024842,-0.083254,0.920117,0.343848,2.462178,0.710868,1.0,1.0,1.0,1994
HLA-DRB1*01:01,complement_activation,4,4,0,41,289,3000,0.012663,0.001913,0.117012,1.124133,0.419625,3.011437,0.567412,1.0,1.0,1.0,2016
HLA-DRB1*01:01,eGFR,4,4,0,41,292,3000,0.002336,0.000353,0.105437,1.111196,0.414825,2.976571,0.575949,1.0,1.0,1.0,1991
HLA-DRB1*01:01,graft_loss,7,6,1,41,427,3000,0.181922,0.030018,0.272222,1.312878,0.592057,2.91129,0.364528,1.0,0.650508,1.0,2007
HLA-DRB1*01:01,graft_survival,4,2,2,41,380,3000,-0.261081,-0.039438,-0.194281,0.823426,0.307875,2.202291,0.782055,1.0,1.0,1.0,1993
HLA-DRB1*01:01,mixed_rejection,3,1,2,41,92,3000,0.869619,0.12589,1.070108,2.915693,0.956779,8.885298,0.12933,0.747323,0.12933,0.760858,1991
HLA-DRB1*01:01,recurrent_GN,5,5,0,41,359,3000,0.018911,0.002956,0.102107,1.107502,0.448773,2.733145,0.554333,1.0,1.0,1.0,2006
HLA-DRB1*01:01,sensitization,4,4,0,41,344,3000,-0.161552,-0.024403,-0.07994,0.923172,0.344984,2.470393,0.708621,1.0,1.0,1.0,2012
HLA-DRB1*01:01,skin_cancer,3,3,0,41,229,3000,-0.042314,-0.006126,0.092698,1.09713,0.364251,3.304574,0.616461,1.0,1.0,1.0,1994
HLA-DRB1*01:02,ABMR,1,1,0,2,669,3000,0.807436,0.100849,1.248802,3.486163,0.362024,33.570507,0.396329,1.0,0.396329,1.0,2019
HLA-DRB1*01:02,DSA,1,1,0,2,652,3000,0.833176,0.104064,1.281829,3.603223,0.374169,34.698813,0.38749,1.0,0.38749,1.0,2010
HLA-DRB1*01:02,IgA_nephropathy,2,2,0,2,121,3000,3.210577,0.43901,4.791493,120.481172,5.752107,2523.547022,0.00161387,0.0300536,0.00161387,0.027658,2010
HLA-DRB1*01:02,TCMR,1,1,0,2,342,3000,1.47841,0.184654,2.051793,7.781845,0.807169,75.024096,0.215038,0.885232,0.215038,0.902734,2019
HLA-DRB1*01:02,chronic_rejection,1,1,0,2,345,3000,1.469676,0.183563,2.041918,7.70537,0.799253,74.285231,0.216809,0.885232,0.216809,0.902734,2010
HLA-DRB1*03,ABMR,51,41,10,95,669,3000,0.878532,0.215615,1.45401,4.280245,2.83812,6.455152,1.19844e-11,4.04903e-09,1.19844e-11,2.36193e-09,1993
HLA-DRB1*03,BK_nephropathy,14,13,1,95,305,3000,0.371236,0.069166,0.467334,1.595734,0.900989,2.826191,0.0966691,0.662043,0.164014,0.827065,1998
HLA-DRB1*03,CMV,11,10,1,95,388,3000,-0.110619,-0.019724,-0.092594,0.911564,0.487697,1.703823,0.70167,1.0,0.876211,1.0,1997
HLA-DRB1*03,DGF,3,3,0,95,211,3000,-0.800755,-0.115921,-0.714304,0.489533,0.166816,1.436566,0.968856,1.0,1.0,1.0,2011
HLA-DRB1*03,DSA,17,14,3,95,652,3000,-0.194341,-0.037567,-0.227554,0.796479,0.470906,1.347145,0.853471,1.0,0.447718,1.0,2000
HLA-DRB1*03,FSGS,1,0,1,95,70,3000,-0.796005,-0.099421,-0.434135,0.647825,0.126872,3.307884,0.897641,1.0,1.0,1.0,2004
HLA-DRB1*03,HLA_mismatch_outcome,11,11,0,95,359,3000,-0.032936,-0.005873,-0.001257,0.998744,0.533985,1.86801,0.595868,1.0,1.0,1.0,1997
HLA-DRB1*03,IgA_nephropathy,2,2,0,95,121,3000,-0.650153,-0.088901,-0.472445,0.623476,0.175205,2.218665,0.903711,1.0,1.0,1.0,2020
HLA-DRB1*03,NODAT,1,1,0,95,87,3000,-1.013417,-0.126576,-0.658964,0.517387,0.101665,2.633062,0.941642,1.0,1.0,1.0,2025
HLA-DRB1*03,PTLD,1,1,0,95,104,3000,-1.1919,-0.148869,-0.844439,0.429798,0.084643,2.182415,0.966839,1.0,1.0,1.0,2025
HLA-DRB1*03,TCMR,7,5,2,95,342,3000,-0.43641,-0.072009,-0.431866,0.649297,0.305471,1.380116,0.929713,1.0,0.25165,0.973033,2005
HLA-DRB1*03,acute_rejection,12,12,0,95,377,3000,0.005152,0.000933,0.039732,1.040532,0.568521,1.904425,0.540251,1.0,1.0,1.0,1994
HLA-DRB1*03,chronic_rejection,9,7,2,95,345,3000,-0.193829,-0.033366,-0.175984,0.838631,0.425083,1.654506,0.781657,1.0,0.625699,1.0,1995
HLA-DRB1*03,complement_activation,7,7,0,95,289,3000,-0.268026,-0.044225,-0.239513,0.787011,0.369742,1.675184,0.824662,1.0,0.594965,1.0,2010
HLA-DRB1*03,eGFR,5,4,1,95,292,3000,-0.614825,-0.096113,-0.591468,0.553514,0.232049,1.320316,0.962467,1.0,0.159576,0.820429,1993
HLA-DRB1*03,graft_loss,11,9,2,95,427,3000,-0.206398,-0.036801,-0.206454,0.813464,0.435535,1.519333,0.814892,1.0,0.550839,1.0,1997
HLA-DRB1*03,graft_survival,11,8,3,95,380,3000,-0.089785,-0.016009,-0.068015,0.934247,0.499746,1.746521,0.674158,1.0,0.875687,1.0,1998
HLA-DRB1*03,mixed_rejection,2,2,0,95,92,3000,-0.376151,-0.051434,-0.184125,0.831831,0.232812,2.972108,0.797016,1.0,1.0,1.0,1996
HLA-DRB1*03,recurrent_GN,4,2,2,95,359,3000,-1.044537,-0.157783,-1.041742,0.352839,0.136065,0.914974,0.997818,1.0,1.0,1.0,1997
HLA-DRB1*03,sensitization,5,5,0,95,344,3000,-0.778713,-0.121732,-0.777777,0.459426,0.192828,1.094613,0.988834,1.0,0.0692158,0.549313,1995
HLA-DRB1*03,skin_cancer,8,8,0,95,229,3000,0.09821,0.01657,0.163255,1.177336,0.574576,2.412426,0.440594,1.0,0.695487,1.0,2006
HLA-DRB1*03:01,ABMR,27,22,5,75,669,3000,0.478932,0.101673,0.70072,2.015203,1.251988,3.243677,0.00435743,0.0681628,0.00696755,0.0947026,2003
HLA-DRB1*03:01,BK_nephropathy,15,12,3,75,305,3000,0.676618,0.127704,0.843421,2.324305,1.313159,4.114045,0.00716486,0.102078,0.00998029,0.126216,2002
HLA-DRB1*03:01,CMV,10,9,1,75,388,3000,0.030459,0.00534,0.075977,1.078938,0.557408,2.088429,0.511255,1.0,0.862144,1.0,2001
HLA-DRB1*03:01,DGF,3,2,1,75,211,3000,-0.564366,-0.0817,-0.463295,0.629207,0.213278,1.856267,0.907795,1.0,1.0,1.0,2004
HLA-DRB1*03:01,DSA,13,12,1,75,652,3000,-0.226216,-0.041573,-0.258386,0.772297,0.426081,1.399835,0.860602,1.0,0.397245,1.0,1992
HLA-DRB1*03:01,FSGS,1,1,0,75,70,3000,-0.559616,-0.069896,-0.189308,0.827531,0.161525,4.23963,0.833576,1.0,1.0,1.0,2011
HLA-DRB1*03:01,HLA_mismatch_outcome,9,9,0,75,359,3000,0.002782,0.000479,0.048528,1.049725,0.52709,2.090576,0.550855,1.0,1.0,1.0,2014
HLA-DRB1*03:01,NODAT,2,2,0,75,87,3000,-0.083881,-0.01147,0.122224,1.130008,0.314579,4.059135,0.647195,1.0,1.0,1.0,2014
HLA-DRB1*03:01,TCMR,7,6,1,75,342,3000,-0.200021,-0.033004,-0.167946,0.845399,0.394424,1.81201,0.768626,1.0,0.713254,1.0,2003
HLA-DRB1*03:01,acute_rejection,11,10,1,75,377,3000,0.15453,0.027553,0.21925,1.245143,0.658617,2.353994,0.339152,1.0,0.595201,1.0,1992
HLA-DRB1*03:01,chronic_rejection,5,5,0,75,345,3000,-0.545227,-0.085233,-0.523606,0.592381,0.246926,1.421134,0.944261,1.0,0.268156,0.992043,2007
HLA-DRB1*03:01,complement_activation,4,3,1,75,289,3000,-0.591253,-0.089312,-0.541139,0.582085,0.222792,1.520806,0.940853,1.0,1.0,1.0,2012
HLA-DRB1*03:01,eGFR,2,1,1,75,292,3000,-1.294727,-0.177039,-1.17577,0.308581,0.086978,1.094786,0.996113,1.0,1.0,1.0,2015
HLA-DRB1*03:01,graft_loss,5,2,3,75,427,3000,-0.758467,-0.118567,-0.771609,0.462269,0.192927,1.107636,0.987649,1.0,0.0641766,0.5145,2007
HLA-DRB1*03:01,graft_survival,9,7,2,75,380,3000,-0.054067,-0.009307,-0.017847,0.982311,0.493458,1.955456,0.623116,1.0,1.0,1.0,1995
HLA-DRB1*03:01,recurrent_GN,3,2,1,75,359,3000,-1.095831,-0.158638,-1.055691,0.347952,0.118357,1.022927,0.995928,1.0,1.0,1.0,2003
HLA-DRB1*03:01,sensitization,4,3,1,75,344,3000,-0.765468,-0.115628,-0.738361,0.477897,0.183118,1.247201,0.97916,1.0,1.0,1.0,2010
HLA-DRB1*03:01,skin_cancer,13,12,1,75,229,3000,0.820107,0.150716,0.994452,2.703242,1.477191,4.946904,0.00376027,0.0596849,0.00615835,0.0856735,2006
HLA-DRB1*03:02,ABMR,1,1,0,3,669,3000,0.401971,0.050206,0.737547,2.0908,0.275668,15.857652,0.531037,1.0,0.531037,1.0,2024
HLA-DRB1*03:02,BK_nephropathy,1,1,0,3,305,3000,1.187444,0.148312,1.6691,5.307389,0.698622,40.319888,0.275125,0.947933,0.275125,0.993389,2023
HLA-DRB1*03:02,HLA_mismatch_outcome,1,1,0,3,359,3000,1.024433,0.127952,1.485591,4.417573,0.581763,33.544532,0.317846,1.0,0.317846,1.0,2023
HLA-DRB1*03:02,IgA_nephropathy,1,1,0,3,121,3000,2.111965,0.263786,2.662202,14.327801,1.877113,109.362581,0.116222,0.717666,0.116222,0.720922,2019
HLA-DRB1*03:02,recurrent_GN,3,3,0,3,359,3000,2.123045,0.307342,3.948678,51.86676,2.673461,1006.246679,0.00170105,0.0311859,0.00170105,0.0287355,2019
HLA-DRB1*04,ABMR,62,56,6,238,669,3000,0.155447,0.040072,0.228271,1.256426,0.92872,1.699767,0.0872898,0.629391,0.167346,0.833206,1990
HLA-DRB1*04,BK_nephropathy,26,21,5,238,305,3000,0.071882,0.015138,0.102625,1.108075,0.726386,1.690328,0.376738,1.0,0.655501,1.0,1996
HLA-DRB1*04,CMV,31,28,3,238,388,3000,0.007079,0.001548,0.021234,1.021461,0.690957,1.510054,0.514212,1.0,0.920107,1.0,1994
HLA-DRB1*04,DGF,18,18,0,238,211,3000,0.072611,0.014193,0.108062,1.114117,0.678175,1.830289,0.408482,1.0,0.692721,1.0,1990
HLA-DRB1*04,DSA,54,46,8,238,652,3000,0.043036,0.010713,0.066069,1.068301,0.77929,1.464495,0.381143,1.0,0.743168,1.0,1998
HLA-DRB1*04,FSGS,3,3,0,238,70,3000,-0.615786,-0.089144,-0.521737,0.593489,0.201002,1.752369,0.925715,1.0,1.0,1.0,2018
HLA-DRB1*04,HLA_mismatch_outcome,26,23,3,238,359,3000,-0.091129,-0.019192,-0.095999,0.908465,0.597085,1.382227,0.727882,1.0,0.677547,1.0,1994
HLA-DRB1*04,IgA_nephropathy,12,11,1,238,121,3000,0.223213,0.040426,0.290694,1.337355,0.733455,2.438484,0.248809,0.923998,0.390188,1.0,2000
HLA-DRB1*04,NODAT,9,7,2,238,87,3000,0.265413,0.045689,0.34754,1.415581,0.712405,2.812823,0.249894,0.923998,0.416767,1.0,2005
HLA-DRB1*04,PTLD,5,5,0,238,104,3000,-0.500856,-0.078296,-0.461195,0.63053,0.264454,1.503354,0.92599,1.0,0.271559,0.992043,2017
HLA-DRB1*04,TCMR,26,25,1,238,342,3000,-0.042617,-0.008975,-0.036707,0.963959,0.633101,1.467723,0.627886,1.0,0.915335,1.0,1990
HLA-DRB1*04,acute_rejection,9,4,5,238,377,3000,-1.200924,-0.20673,-1.313122,0.268979,0.139281,0.519451,1.0,1.0,2.09015e-06,0.000124802,1998
HLA-DRB1*04,chronic_rejection,25,21,4,238,345,3000,-0.090572,-0.018918,-0.094063,0.910225,0.593976,1.394854,0.723405,1.0,0.672853,1.0,1990
HLA-DRB1*04,complement_activation,23,23,0,238,289,3000,0.003164,0.00065,0.02131,1.021539,0.655196,1.592717,0.528659,1.0,1.0,1.0,2012
HLA-DRB1*04,eGFR,22,17,5,238,292,3000,-0.051614,-0.010501,-0.043306,0.957618,0.609438,1.50472,0.639461,1.0,0.90921,1.0,1999
HLA-DRB1*04,graft_loss,41,38,3,238,427,3000,0.190885,0.044466,0.256207,1.29202,0.909076,1.836278,0.102014,0.676383,0.175655,0.847671,1990
HLA-DRB1*04,graft_survival,23,19,4,238,380,3000,-0.27058,-0.055551,-0.309583,0.733753,0.472541,1.139357,0.943895,1.0,0.155935,0.812737,1993
HLA-DRB1*04,mixed_rejection,10,10,0,238,92,3000,0.314893,0.055208,0.400799,1.493018,0.77456,2.877895,0.190042,0.852844,0.322785,1.0,2007
HLA-DRB1*04,recurrent_GN,24,19,5,238,359,3000,-0.171172,-0.035452,-0.190641,0.826429,0.535832,1.274624,0.850645,1.0,0.405117,1.0,1990
HLA-DRB1*04,sensitization,16,13,3,238,344,3000,-0.533956,-0.102021,-0.598607,0.549577,0.328968,0.918128,0.996021,1.0,0.0145434,0.167781,1993
HLA-DRB1*04,skin_cancer,12,11,1,238,229,3000,-0.414718,-0.07511,-0.437133,0.645886,0.359447,1.160583,0.961413,1.0,0.127251,0.758501,2003
HLA-DRB1*04:01,ABMR,12,11,1,53,669,3000,0.015198,0.002753,0.048116,1.049292,0.55423,1.986567,0.530389,1.0,1.0,1.0,2003
HLA-DRB1*04:01,BK_nephropathy,3,2,1,53,305,3000,-0.585624,-0.084778,-0.500676,0.606121,0.203814,1.80254,0.917934,1.0,1.0,1.0,2011
HLA-DRB1*04:01,CMV,6,6,0,53,388,3000,-0.13317,-0.021429,-0.085748,0.917826,0.40154,2.097932,0.699663,1.0,1.0,1.0,2012
HLA-DRB1*04:01,DGF,3,3,0,53,211,3000,-0.21717,-0.031439,-0.093619,0.91063,0.305412,2.715171,0.732238,1.0,1.0,1.0,2003
HLA-DRB1*04:01,DSA,12,10,2,53,652,3000,0.040938,0.007414,0.081706,1.085137,0.573099,2.054659,0.490159,1.0,0.866852,1.0,2005
HLA-DRB1*04:01,FSGS,3,2,1,53,70,3000,0.886193,0.12829,1.084381,2.957609,0.974787,8.973708,0.124966,0.735184,0.124966,0.75202,2009
HLA-DRB1*04:01,HLA_mismatch_outcome,2,2,0,53,359,3000,-1.1541,-0.15781,-1.04482,0.351755,0.098375,1.257759,0.99087,1.0,1.0,1.0,2003
HLA-DRB1*04:01,NODAT,7,6,1,53,87,3000,1.516078,0.250159,1.748389,5.745342,2.575289,12.817569,0.000705778,0.0172079,0.000705778,0.0155997,2005
HLA-DRB1*04:01,PTLD,1,1,0,53,104,3000,-0.608315,-0.075979,-0.241777,0.785231,0.153107,4.027173,0.848418,1.0,1.0,1.0,2024
HLA-DRB1*04:01,TCMR,7,7,0,53,342,3000,0.147175,0.024284,0.227892,1.255949,0.575975,2.738675,0.400556,1.0,0.661381,1.0,2012
HLA-DRB1*04:01,acute_rejection,4,4,0,53,377,3000,-0.509875,-0.07702,-0.467403,0.626628,0.237278,1.654862,0.915448,1.0,1.0,1.0,2009
HLA-DRB1*04:01,chronic_rejection,5,5,0,53,345,3000,-0.198031,-0.030957,-0.141084,0.868417,0.356954,2.112731,0.746387,1.0,0.828109,1.0,2005
HLA-DRB1*04:01,complement_activation,7,5,2,53,289,3000,0.315559,0.052069,0.419919,1.521838,0.696964,3.322972,0.244993,0.923998,0.346896,1.0,2012
HLA-DRB1*04:01,eGFR,5,5,0,53,292,3000,-0.03124,-0.004884,0.048231,1.049413,0.430854,2.556012,0.598703,1.0,1.0,1.0,2013
HLA-DRB1*04:01,graft_loss,17,16,1,53,427,3000,0.812505,0.157062,1.086447,2.963726,1.660471,5.289867,0.000677886,0.0167,0.000948501,0.019117,2009
HLA-DRB1*04:01,graft_survival,4,4,0,53,380,3000,-0.517801,-0.078217,-0.476569,0.62091,0.235123,1.639695,0.918588,1.0,1.0,1.0,2022
HLA-DRB1*04:01,mixed_rejection,2,2,0,53,92,3000,0.207434,0.028364,0.427061,1.532747,0.423409,5.548569,0.488055,1.0,0.677154,1.0,2009
HLA-DRB1*04:01,recurrent_GN,5,5,0,53,359,3000,-0.237809,-0.037175,-0.18676,0.829642,0.3411,2.017902,0.778188,1.0,0.829869,1.0,2001
HLA-DRB1*04:01,sensitization,7,6,1,53,344,3000,0.141344,0.023322,0.221182,1.247551,0.572148,2.720246,0.40664,1.0,0.662641,1.0,2013
HLA-DRB1*04:01,skin_cancer,19,18,1,53,229,3000,1.546793,0.305574,1.99477,7.350511,4.145607,13.033078,3.26326e-09,5.93662e-07,3.26326e-09,4.0619e-07,2003
HLA-DRB1*04:04,ABMR,10,9,1,36,669,3000,0.21965,0.038509,0.325801,1.38514,0.674256,2.845528,0.26894,0.947933,0.42245,1.0,2001
HLA-DRB1*04:04,BK_nephropathy,1,1,0,36,305,3000,-1.297463,-0.162054,-0.996469,0.369181,0.071751,1.899558,0.979425,1.0,1.0,1.0,2018
HLA-DRB1*04:04,CMV,9,8,1,36,388,3000,0.659068,0.113454,0.855925,2.353551,1.116819,4.959804,0.0353614,0.363607,0.0419836,0.387857,1996
HLA-DRB1*04:04,DGF,3,3,0,36,211,3000,0.169603,0.024553,0.322996,1.381259,0.455208,4.191223,0.470037,1.0,0.737831,1.0,2020
HLA-DRB1*04:04,DSA,4,4,0,36,652,3000,-0.670902,-0.101344,-0.704012,0.494597,0.183839,1.330656,0.969393,1.0,1.0,1.0,2016
HLA-DRB1*04:04,FSGS,1,0,1,36,70,3000,0.174353,0.021777,0.565519,1.760361,0.337731,9.175559,0.574722,1.0,0.574722,1.0,2015
HLA-DRB1*04:04,HLA_mismatch_outcome,3,3,0,36,359,3000,-0.361861,-0.052385,-0.268586,0.76446,0.252797,2.311729,0.823357,1.0,1.0,1.0,2012
HLA-DRB1*04:04,IgA_nephropathy,1,1,0,36,121,3000,-0.372942,-0.046581,-0.002575,0.997429,0.192722,5.16217,0.774851,1.0,1.0,1.0,2018
HLA-DRB1*04:04,NODAT,1,1,0,36,87,3000,-0.043059,-0.005378,0.340813,1.40609,0.270652,7.304908,0.655534,1.0,1.0,1.0,2024
HLA-DRB1*04:04,PTLD,2,1,1,36,104,3000,0.471605,0.064487,0.704919,2.023683,0.552195,7.41639,0.356667,1.0,0.356667,1.0,2016
HLA-DRB1*04:04,TCMR,5,2,3,36,342,3000,0.197476,0.03087,0.306983,1.359318,0.545608,3.386581,0.392491,1.0,0.596568,1.0,2012
HLA-DRB1*04:04,acute_rejection,4,4,0,36,377,3000,-0.123102,-0.018595,-0.040089,0.960704,0.356335,2.590129,0.680401,1.0,1.0,1.0,2000
HLA-DRB1*04:04,chronic_rejection,3,3,0,36,345,3000,-0.322083,-0.046626,-0.223171,0.799978,0.264491,2.41961,0.800997,1.0,1.0,1.0,2017
HLA-DRB1*04:04,complement_activation,1,1,0,36,289,3000,-1.243578,-0.155324,-0.936497,0.391998,0.076169,2.017389,0.974503,1.0,1.0,1.0,2023
HLA-DRB1*04:04,graft_loss,2,1,1,36,427,3000,-0.940788,-0.128642,-0.838211,0.432484,0.119308,1.56773,0.97291,1.0,1.0,1.0,2007
HLA-DRB1*04:04,graft_survival,2,2,0,36,380,3000,-0.824175,-0.112697,-0.702824,0.495185,0.136547,1.795782,0.953448,1.0,1.0,1.0,2002
HLA-DRB1*04:04,mixed_rejection,1,1,0,36,92,3000,-0.09894,-0.012358,0.28288,1.326945,0.255606,6.888666,0.676313,1.0,1.0,1.0,2023
HLA-DRB1*04:04,recurrent_GN,1,1,0,36,359,3000,-1.460474,-0.182414,-1.180233,0.307207,0.05974,1.579782,0.990119,1.0,1.0,1.0,2016
HLA-DRB1*04:04,sensitization,7,5,2,36,344,3000,0.528117,0.087141,0.682735,1.979284,0.880946,4.447001,0.110213,0.706381,0.179668,0.86035,2006
HLA-DRB1*04:04,skin_cancer,2,2,0,36,229,3000,-0.317726,-0.043445,-0.137018,0.871954,0.239821,3.1703,0.773829,1.0,1.0,1.0,2020
HLA-DRB1*04:05,ABMR,1,0,1,2,669,3000,0.807436,0.100849,1.248802,3.486163,0.362024,33.570507,0.396329,1.0,0.396329,1.0,2018
HLA-DRB1*04:05,NODAT,2,2,0,2,87,3000,3.540459,0.484118,5.138032,170.380117,8.117374,3576.203865,0.000831611,0.019282,0.000831611,0.0177185,2018
HLA-DRB1*04:05,chronic_rejection,1,1,0,2,345,3000,1.469676,0.183563,2.041918,7.70537,0.799253,74.285231,0.216809,0.885232,0.216809,0.902734,2018
HLA-DRB1*04:05,complement_activation,1,1,0,2,289,3000,1.646794,0.205685,2.240193,9.395147,0.97407,90.61855,0.183416,0.844966,0.183416,0.86035,2018
HLA-DRB1*04:05,sensitization,1,1,0,2,344,3000,1.472579,0.183926,2.045201,7.730713,0.801877,74.530082,0.216219,0.885232,0.216219,0.902734,2022
HLA-DRB1*07,ABMR,9,7,2,49,669,3000,-0.194012,-0.033398,-0.206045,0.813796,0.39936,1.658314,0.796853,1.0,0.605338,1.0,2006
HLA-DRB1*07,BK_nephropathy,6,6,0,49,305,3000,0.185995,0.029929,0.280185,1.323374,0.575427,3.043515,0.38029,1.0,0.630675,1.0,2005
HLA-DRB1*07,CMV,6,6,0,49,388,3000,-0.054699,-0.008802,0.003779,1.003786,0.437182,2.304729,0.622556,1.0,1.0,1.0,1990
HLA-DRB1*07,DGF,1,1,0,49,211,3000,-1.237311,-0.154541,-0.909324,0.402796,0.078847,2.057731,0.972772,1.0,1.0,1.0,2026
HLA-DRB1*07,DSA,11,10,1,49,652,3000,0.032398,0.005777,0.073099,1.075837,0.553582,2.090791,0.507908,1.0,0.862358,1.0,2003
HLA-DRB1*07,FSGS,9,7,2,49,70,3000,2.063277,0.355177,2.400137,11.024691,5.205865,23.347477,1.1864e-06,0.000107642,1.1864e-06,8.01664e-05,1990
HLA-DRB1*07,HLA_mismatch_outcome,5,4,1,49,359,3000,-0.159337,-0.024908,-0.099145,0.905612,0.37085,2.211496,0.715027,1.0,1.0,1.0,1990
HLA-DRB1*07,IgA_nephropathy,1,1,0,49,121,3000,-0.681243,-0.085088,-0.319187,0.72674,0.141667,3.728109,0.869183,1.0,1.0,1.0,2006
HLA-DRB1*07,NODAT,1,0,1,49,87,3000,-0.351361,-0.043885,0.024255,1.024552,0.198959,5.275985,0.766331,1.0,1.0,1.0,2025
HLA-DRB1*07,TCMR,8,6,2,49,342,3000,0.359178,0.060601,0.471711,1.602734,0.759625,3.381612,0.18839,0.84704,0.257917,0.977521,2006
HLA-DRB1*07,acute_rejection,5,3,2,49,377,3000,-0.20826,-0.032556,-0.155627,0.855878,0.350584,2.089446,0.756015,1.0,0.8276,1.0,1996
HLA-DRB1*07,chronic_rejection,3,2,1,49,345,3000,-0.630385,-0.091258,-0.556047,0.573471,0.192387,1.70942,0.933137,1.0,1.0,1.0,2004
HLA-DRB1*07,complement_activation,7,7,0,49,289,3000,0.394031,0.065017,0.511367,1.667569,0.759925,3.659288,0.187396,0.845784,0.322157,1.0,2005
HLA-DRB1*07,eGFR,9,7,2,49,292,3000,0.635018,0.109314,0.792049,2.207917,1.077836,4.522854,0.0435423,0.417935,0.049885,0.433743,1990
HLA-DRB1*07,graft_loss,5,4,1,49,427,3000,-0.332799,-0.052025,-0.301154,0.739964,0.303306,1.805261,0.847412,1.0,0.537747,1.0,1996
HLA-DRB1*07,graft_survival,8,5,3,49,380,3000,0.253818,0.042824,0.349487,1.418339,0.672748,2.990252,0.275674,0.947933,0.390485,1.0,1996
HLA-DRB1*07,mixed_rejection,2,2,0,49,92,3000,0.285906,0.039094,0.509312,1.664147,0.458587,6.038945,0.447004,1.0,0.661658,1.0,2017
HLA-DRB1*07,recurrent_GN,3,3,0,49,359,3000,-0.670163,-0.097016,-0.601489,0.547995,0.183876,1.633156,0.944398,1.0,1.0,1.0,2009
HLA-DRB1*07,sensitization,5,4,1,49,344,3000,-0.116656,-0.018236,-0.050152,0.951085,0.389368,2.323152,0.677553,1.0,1.0,1.0,1996
HLA-DRB1*07,skin_cancer,2,2,0,49,229,3000,-0.626028,-0.085602,-0.461549,0.630307,0.175426,2.264694,0.898758,1.0,1.0,1.0,2017
HLA-DRB1*07:01,ABMR,4,4,0,43,669,3000,-0.874322,-0.132071,-0.935364,0.392443,0.147439,1.044577,0.99294,1.0,1.0,1.0,2015
HLA-DRB1*07:01,BK_nephropathy,3,2,1,43,305,3000,-0.376532,-0.054509,-0.276232,0.758637,0.252919,2.27555,0.828552,1.0,1.0,1.0,2005
HLA-DRB1*07:01,CMV,3,0,3,43,388,3000,-0.617226,-0.089353,-0.550447,0.576692,0.192497,1.727686,0.930598,1.0,1.0,1.0,2002
HLA-DRB1*07:01,DGF,1,1,0,43,211,3000,-1.106691,-0.138226,-0.775078,0.460668,0.089867,2.361445,0.95753,1.0,1.0,1.0,2017
HLA-DRB1*07:01,DSA,10,9,1,43,652,3000,0.067708,0.011871,0.121844,1.129578,0.561662,2.271732,0.463384,1.0,0.8521,1.0,2007
HLA-DRB1*07:01,FSGS,3,2,1,43,70,3000,1.095284,0.158559,1.308518,3.700686,1.209459,11.323309,0.0773733,0.593895,0.0773733,0.587924,2014
HLA-DRB1*07:01,HLA_mismatch_outcome,4,4,0,43,359,3000,-0.251861,-0.038045,-0.181521,0.834001,0.312559,2.225364,0.774773,1.0,1.0,1.0,1999
HLA-DRB1*07:01,IgA_nephropathy,4,4,0,43,121,3000,0.835671,0.126233,1.013074,2.754053,1.02082,7.430114,0.0929128,0.646291,0.0929128,0.631209,2006
HLA-DRB1*07:01,PTLD,1,0,1,43,104,3000,-0.399223,-0.049863,-0.026959,0.973402,0.188802,5.018539,0.783038,1.0,1.0,1.0,2020
HLA-DRB1*07:01,TCMR,6,6,0,43,342,3000,0.202116,0.032523,0.300365,1.350352,0.582704,3.129287,0.365271,1.0,0.625623,1.0,2010
HLA-DRB1*07:01,acute_rejection,3,3,0,43,377,3000,-0.588465,-0.085189,-0.51723,0.596169,0.198972,1.78627,0.921261,1.0,1.0,1.0,2005
HLA-DRB1*07:01,chronic_rejection,6,5,1,43,345,3000,0.193383,0.031117,0.290344,1.336888,0.576928,3.097903,0.373329,1.0,0.627212,1.0,2001
HLA-DRB1*07:01,complement_activation,6,3,3,43,289,3000,0.3705,0.059618,0.491767,1.635203,0.704741,3.794143,0.229,0.899643,0.299274,1.0,2008
HLA-DRB1*07:01,eGFR,12,10,2,43,292,3000,1.05332,0.190768,1.331806,3.787879,1.944806,7.377611,0.000553831,0.0142371,0.000553831,0.0125943,2005
HLA-DRB1*07:01,graft_loss,3,3,0,43,427,3000,-0.713004,-0.103218,-0.662094,0.51577,0.172231,1.544544,0.956268,1.0,1.0,1.0,2006
HLA-DRB1*07:01,graft_survival,6,6,0,43,380,3000,0.096756,0.015569,0.17877,1.195745,0.516338,2.769131,0.467481,1.0,0.816186,1.0,2005
HLA-DRB1*07:01,mixed_rejection,1,1,0,43,92,3000,-0.276621,-0.03455,0.100469,1.105689,0.214143,5.709025,0.740481,1.0,1.0,1.0,2017
HLA-DRB1*07:01,recurrent_GN,6,6,0,43,359,3000,0.153605,0.024717,0.244574,1.277077,0.551262,2.958531,0.411062,1.0,0.636288,1.0,2009
HLA-DRB1*07:01,sensitization,9,6,3,43,344,3000,0.60175,0.103587,0.766594,2.152422,1.040305,4.453425,0.0508441,0.460567,0.0848758,0.602797,2009
HLA-DRB1*07:01,skin_cancer,4,3,1,43,229,3000,0.19774,0.02987,0.322429,1.380477,0.515744,3.695083,0.418519,1.0,0.566356,1.0,2009
HLA-DRB1*11,ABMR,40,34,6,198,669,3000,-0.098804,-0.022885,-0.125284,0.882246,0.617793,1.2599,0.793187,1.0,0.536245,1.0,1994
HLA-DRB1*11,BK_nephropathy,14,12,2,198,305,3000,-0.363154,-0.06766,-0.389905,0.677121,0.391388,1.171452,0.952382,1.0,0.145421,0.797958,2002
HLA-DRB1*11,CMV,18,17,1,198,388,3000,-0.352533,-0.068908,-0.396139,0.672913,0.411915,1.099287,0.966965,1.0,0.100643,0.668547,1993
HLA-DRB1*11,DGF,17,12,5,198,211,3000,0.199456,0.038556,0.257044,1.293102,0.775128,2.157208,0.224608,0.890479,0.386714,1.0,1991
HLA-DRB1*11,DSA,41,35,6,198,652,3000,-0.048372,-0.011268,-0.057305,0.944306,0.663085,1.344794,0.669878,1.0,0.789218,1.0,1999
HLA-DRB1*11,FSGS,3,3,0,198,70,3000,-0.431782,-0.062507,-0.320855,0.725528,0.245345,2.145516,0.851915,1.0,1.0,1.0,2018
HLA-DRB1*11,HLA_mismatch_outcome,25,23,2,198,359,3000,0.053654,0.011207,0.08123,1.08462,0.704791,1.669149,0.418141,1.0,0.734532,1.0,1993
HLA-DRB1*11,IgA_nephropathy,11,4,7,198,121,3000,0.320205,0.057093,0.401778,1.49448,0.799868,2.792297,0.171511,0.827802,0.259762,0.981369,1994
HLA-DRB1*11,NODAT,11,8,3,198,87,3000,0.650088,0.115912,0.782051,2.185952,1.155738,4.134488,0.0260585,0.292077,0.0437176,0.399197,2003
HLA-DRB1*11,PTLD,5,4,1,198,104,3000,-0.316852,-0.049532,-0.258385,0.772298,0.323285,1.844949,0.828387,1.0,0.551104,1.0,1994
HLA-DRB1*11,TCMR,22,18,4,198,342,3000,-0.025668,-0.005222,-0.012666,0.987413,0.627144,1.554644,0.588369,1.0,1.0,1.0,2002
HLA-DRB1*11,acute_rejection,8,5,3,198,377,3000,-1.134703,-0.191449,-1.224651,0.29386,0.146545,0.589263,0.999994,1.0,5.05727e-05,0.00178514,1994
HLA-DRB1*11,chronic_rejection,21,19,2,198,345,3000,-0.080921,-0.016309,-0.077794,0.925155,0.5827,1.468871,0.692902,1.0,0.817455,1.0,1994
HLA-DRB1*11,complement_activation,19,17,2,198,289,3000,-0.003887,-0.000768,0.016929,1.017074,0.62692,1.650032,0.545434,1.0,1.0,1.0,2010
HLA-DRB1*11,eGFR,18,5,13,198,292,3000,-0.068282,-0.013347,-0.05753,0.944094,0.575826,1.547887,0.661168,1.0,0.901111,1.0,1993
HLA-DRB1*11,graft_loss,23,19,4,198,427,3000,-0.203189,-0.041715,-0.230692,0.793984,0.509701,1.236825,0.886294,1.0,0.342839,1.0,1993
HLA-DRB1*11,graft_survival,23,21,2,198,380,3000,-0.086576,-0.017774,-0.087769,0.915972,0.587206,1.428809,0.710173,1.0,0.740178,1.0,1994
HLA-DRB1*11,mixed_rejection,4,4,0,198,92,3000,-0.417394,-0.06305,-0.342994,0.709642,0.27219,1.850149,0.867993,1.0,1.0,1.0,1999
HLA-DRB1*11,recurrent_GN,41,19,22,198,359,3000,0.54835,0.127737,0.720472,2.055404,1.432084,2.950025,0.000191919,0.00621764,0.000252332,0.00685936,1994
HLA-DRB1*11,sensitization,28,8,20,198,344,3000,0.209663,0.044856,0.272477,1.313213,0.868443,1.98577,0.135091,0.747323,0.247279,0.969145,1991
HLA-DRB1*11,skin_cancer,14,12,2,198,229,3000,-0.076564,-0.014265,-0.058014,0.943636,0.543163,1.639379,0.662376,1.0,0.889837,1.0,1994
HLA-DRB1*11:01,ABMR,10,9,1,40,669,3000,0.114289,0.020037,0.183483,1.201394,0.592657,2.435386,0.399623,1.0,0.702182,1.0,1998
HLA-DRB1*11:01,BK_nephropathy,3,3,0,40,305,3000,-0.304211,-0.044039,-0.198142,0.820253,0.27252,2.468868,0.788943,1.0,1.0,1.0,2002
HLA-DRB1*11:01,CMV,3,3,0,40,388,3000,-0.544905,-0.078883,-0.47232,0.623554,0.207422,1.874536,0.906648,1.0,1.0,1.0,2002
HLA-DRB1*11:01,DGF,3,3,0,40,211,3000,0.064242,0.0093,0.208748,1.232134,0.408311,3.718135,0.542004,1.0,0.757762,1.0,2005
HLA-DRB1*11:01,DSA,8,7,1,40,652,3000,-0.083115,-0.014023,-0.061836,0.940037,0.439573,2.01029,0.666723,1.0,1.0,1.0,2010
HLA-DRB1*11:01,HLA_mismatch_outcome,6,5,1,40,359,3000,0.225925,0.036354,0.329107,1.389726,0.596726,3.236556,0.343547,1.0,0.4692,1.0,1993
HLA-DRB1*11:01,NODAT,1,1,0,40,87,3000,-0.14842,-0.018538,0.232654,1.261945,0.243716,6.534265,0.69425,1.0,1.0,1.0,2022
HLA-DRB1*11:01,PTLD,1,0,1,40,104,3000,-0.326903,-0.04083,0.047295,1.048431,0.20293,5.416684,0.758454,1.0,1.0,1.0,2026
HLA-DRB1*11:01,TCMR,4,3,1,40,342,3000,-0.131028,-0.019793,-0.045876,0.955161,0.356418,2.559723,0.685049,1.0,1.0,1.0,2010
HLA-DRB1*11:01,acute_rejection,5,3,2,40,377,3000,-0.005319,-0.000832,0.073812,1.076605,0.435662,2.660498,0.577421,1.0,1.0,1.0,2003
HLA-DRB1*11:01,chronic_rejection,1,1,0,40,345,3000,-1.526056,-0.190605,-1.243337,0.28842,0.056267,1.478406,0.992707,1.0,1.0,1.0,2020
HLA-DRB1*11:01,complement_activation,1,1,0,40,289,3000,-1.348939,-0.168483,-1.044761,0.351776,0.068583,1.804337,0.983089,1.0,1.0,1.0,2021
HLA-DRB1*11:01,graft_loss,4,4,0,40,427,3000,-0.353002,-0.053323,-0.302854,0.738707,0.275961,1.977414,0.841984,1.0,1.0,1.0,1993
HLA-DRB1*11:01,graft_survival,6,6,0,40,380,3000,0.169076,0.027206,0.263312,1.301233,0.558926,3.029392,0.396212,1.0,0.63116,1.0,2003
HLA-DRB1*11:01,mixed_rejection,1,1,0,40,92,3000,-0.2043,-0.025517,0.174719,1.190911,0.230167,6.161911,0.714687,1.0,1.0,1.0,2019
HLA-DRB1*11:01,recurrent_GN,12,10,2,40,359,3000,0.919072,0.166455,1.193505,3.298624,1.680735,6.473907,0.00175022,0.0318405,0.00175022,0.0293565,1998
HLA-DRB1*11:01,sensitization,5,5,0,40,344,3000,0.086284,0.013488,0.179243,1.196312,0.48384,2.957925,0.491591,1.0,0.801924,1.0,1992
HLA-DRB1*11:01,skin_cancer,4,3,1,40,229,3000,0.27006,0.040794,0.402514,1.495581,0.556488,4.019426,0.365044,1.0,0.542859,1.0,2002
HLA-DRB1*11:03,ABMR,1,1,0,4,669,3000,0.114289,0.014275,0.400645,1.492788,0.220017,10.128385,0.635721,1.0,1.0,1.0,2001
HLA-DRB1*11:03,BK_nephropathy,1,1,0,4,305,3000,0.899761,0.112381,1.332256,3.789585,0.557566,25.756523,0.348894,1.0,0.348894,1.0,2022
HLA-DRB1*11:03,DGF,1,1,0,4,211,3000,1.268215,0.158401,1.735758,5.673227,0.833493,38.615213,0.253133,0.925285,0.253133,0.973033,2022
HLA-DRB1*11:03,DSA,3,3,0,4,652,3000,1.238641,0.179312,2.132201,8.43341,1.242921,57.221989,0.0342691,0.353915,0.0342691,0.337694,2001
HLA-DRB1*11:03,HLA_mismatch_outcome,1,1,0,4,359,3000,0.736751,0.092021,1.148739,3.154214,0.46431,21.427659,0.399559,1.0,0.399559,1.0,2020
HLA-DRB1*11:03,graft_loss,3,2,1,4,427,3000,1.661901,0.240585,2.649019,14.140165,2.082359,96.018171,0.0102481,0.136161,0.0102481,0.128237,2001
HLA-DRB1*11:03,recurrent_GN,1,1,0,4,359,3000,0.736751,0.092021,1.148739,3.154214,0.46431,21.427659,0.399559,1.0,0.399559,1.0,2023
HLA-DRB1*11:04,ABMR,8,8,0,26,669,3000,0.321929,0.054316,0.474302,1.606893,0.710033,3.636599,0.205826,0.873928,0.341603,1.0,2011
HLA-DRB1*11:04,CMV,1,1,0,26,388,3000,-1.212734,-0.151471,-0.934482,0.392789,0.075421,2.045628,0.973139,1.0,1.0,1.0,2010
HLA-DRB1*11:04,DGF,7,7,0,26,211,3000,1.342323,0.221489,1.650704,5.210645,2.21812,12.240465,0.00159914,0.0300536,0.00159914,0.027658,2011
HLA-DRB1*11:04,DSA,8,6,2,26,652,3000,0.347668,0.058659,0.507659,1.661397,0.734053,3.760273,0.185583,0.844966,0.241739,0.955385,2011
HLA-DRB1*11:04,HLA_mismatch_outcome,2,1,1,26,359,3000,-0.441904,-0.060425,-0.291543,0.74711,0.202392,2.757884,0.836273,1.0,1.0,1.0,2011
HLA-DRB1*11:04,IgA_nephropathy,1,1,0,26,121,3000,-0.04752,-0.005935,0.331789,1.393459,0.265803,7.305125,0.658696,1.0,1.0,1.0,2017
HLA-DRB1*11:04,NODAT,2,1,1,26,87,3000,0.97551,0.13339,1.23794,3.448502,0.92216,12.895998,0.173017,0.827873,0.173017,0.843424,2022
HLA-DRB1*11:04,TCMR,3,2,1,26,342,3000,0.012073,0.001748,0.145117,1.156175,0.373988,3.574282,0.582862,1.0,1.0,1.0,2017
HLA-DRB1*11:04,chronic_rejection,1,1,0,26,345,3000,-1.095273,-0.1368,-0.800378,0.449159,0.086213,2.340059,0.95885,1.0,1.0,1.0,2017
HLA-DRB1*11:04,complement_activation,8,3,5,26,289,3000,1.161286,0.195934,1.48076,4.396284,1.933575,9.995639,0.00223784,0.0389154,0.00223784,0.0357601,2017
HLA-DRB1*11:04,eGFR,2,1,1,26,292,3000,-0.235336,-0.032179,-0.058736,0.942955,0.255208,3.484083,0.735899,1.0,1.0,1.0,2017
HLA-DRB1*11:04,graft_loss,8,6,2,26,427,3000,0.770929,0.130072,1.029235,2.798924,1.23434,6.346693,0.0235897,0.269264,0.0235897,0.255739,2011
HLA-DRB1*11:04,graft_survival,1,1,0,26,380,3000,-1.1919,-0.148869,-0.910533,0.40231,0.077244,2.095339,0.970905,1.0,1.0,1.0,2018
HLA-DRB1*11:04,recurrent_GN,11,10,1,26,359,3000,1.262844,0.225167,1.721276,5.59166,2.586521,12.088308,9.00467e-05,0.00343485,9.00467e-05,0.00287784,2010
HLA-DRB1*11:04,sensitization,3,3,0,26,344,3000,0.006242,0.000904,0.138484,1.148531,0.371527,3.55055,0.587039,1.0,1.0,1.0,2016
HLA-DRB1*11:04,skin_cancer,6,6,0,26,229,3000,1.106308,0.178017,1.361867,3.903476,1.598589,9.531605,0.0116412,0.152107,0.0116412,0.144143,2016
HLA-DRB1*13,ABMR,9,8,1,56,669,3000,-0.327544,-0.056384,-0.368533,0.691749,0.342838,1.395748,0.906083,1.0,0.33061,1.0,1997
HLA-DRB1*13,BK_nephropathy,1,1,0,56,305,3000,-1.739296,-0.217239,-1.450865,0.234367,0.046097,1.191582,0.997672,1.0,1.0,1.0,2023
HLA-DRB1*13,CMV,6,6,0,56,388,3000,-0.18823,-0.030288,-0.148161,0.862292,0.378344,1.965267,0.750107,1.0,0.84005,1.0,2001
HLA-DRB1*13,DGF,3,3,0,56,211,3000,-0.27223,-0.039409,-0.152423,0.858625,0.288534,2.555116,0.766097,1.0,1.0,1.0,1991
HLA-DRB1*13,DSA,8,8,0,56,652,3000,-0.419587,-0.070793,-0.469091,0.625571,0.300257,1.303344,0.942832,1.0,0.193626,0.874447,1992
HLA-DRB1*13,HLA_mismatch_outcome,3,3,0,56,359,3000,-0.803694,-0.116347,-0.744419,0.47501,0.160179,1.408641,0.971595,1.0,1.0,1.0,2006
HLA-DRB1*13,IgA_nephropathy,1,1,0,56,121,3000,-0.814775,-0.101766,-0.456481,0.633509,0.123871,3.239924,0.902444,1.0,1.0,1.0,2013
HLA-DRB1*13,PTLD,4,3,1,56,104,3000,0.722919,0.109201,0.886249,2.426013,0.907713,6.483916,0.127325,0.745358,0.127325,0.758501,2001
HLA-DRB1*13,TCMR,7,6,1,56,342,3000,0.092115,0.015199,0.164222,1.178476,0.542187,2.561488,0.459177,1.0,0.830823,1.0,2007
HLA-DRB1*13,acute_rejection,17,14,3,56,377,3000,0.881984,0.170493,1.155696,3.176232,1.789939,5.636198,0.000313084,0.00902979,0.000313084,0.00813673,1990
HLA-DRB1*13,chronic_rejection,4,4,0,56,345,3000,-0.476234,-0.071938,-0.425471,0.653462,0.247884,1.722629,0.900538,1.0,1.0,1.0,1995
HLA-DRB1*13,complement_activation,5,4,1,56,289,3000,-0.075973,-0.011876,-0.001298,0.998703,0.411067,2.426388,0.639264,1.0,1.0,1.0,2011
HLA-DRB1*13,eGFR,4,3,1,56,292,3000,-0.309444,-0.046743,-0.236666,0.789255,0.299081,2.082787,0.809637,1.0,1.0,1.0,2010
HLA-DRB1*13,graft_loss,7,7,0,56,427,3000,-0.129858,-0.021427,-0.094716,0.909631,0.41911,1.974253,0.704007,1.0,0.847846,1.0,1990
HLA-DRB1*13,graft_survival,5,4,1,56,380,3000,-0.349717,-0.05467,-0.313626,0.730793,0.301342,1.772267,0.855752,1.0,0.542094,1.0,1990
HLA-DRB1*13,mixed_rejection,10,10,0,56,92,3000,1.761812,0.308885,2.058575,7.8348,3.87299,15.849276,5.00379e-06,0.000328721,5.00379e-06,0.00025726,1995
HLA-DRB1*13,recurrent_GN,5,5,0,56,359,3000,-0.292869,-0.045783,-0.247936,0.78041,0.321693,1.89323,0.818088,1.0,0.676326,1.0,1995
HLA-DRB1*13,sensitization,5,4,1,56,344,3000,-0.250188,-0.039111,-0.198928,0.819609,0.337762,1.988853,0.786836,1.0,0.675044,1.0,1990
HLA-DRB1*13,skin_cancer,7,7,0,56,229,3000,0.493204,0.081381,0.617309,1.853933,0.8498,4.044557,0.13098,0.747323,0.195206,0.877685,1995
HLA-DRB1*13:01,ABMR,4,3,1,35,669,3000,-0.66847,-0.100976,-0.705567,0.493828,0.183219,1.331013,0.969324,1.0,1.0,1.0,2014
HLA-DRB1*13:01,BK_nephropathy,1,1,0,35,305,3000,-1.269292,-0.158535,-0.96752,0.380024,0.073787,1.957225,0.977066,1.0,1.0,1.0,2023
HLA-DRB1*13:01,CMV,2,1,1,35,388,3000,-0.816839,-0.111693,-0.697036,0.49806,0.137173,1.808393,0.952245,1.0,1.0,1.0,2014
HLA-DRB1*13:01,DGF,2,1,1,35,211,3000,-0.207691,-0.028399,-0.018261,0.981904,0.269564,3.576654,0.717641,1.0,1.0,1.0,2014
HLA-DRB1*13:01,DSA,5,5,0,35,652,3000,-0.419587,-0.065592,-0.437422,0.645699,0.259351,1.607577,0.905575,1.0,0.408319,1.0,2018
HLA-DRB1*13:01,FSGS,1,1,0,35,70,3000,0.202524,0.025295,0.594437,1.812011,0.34731,9.453751,0.564439,1.0,0.564439,1.0,2018
HLA-DRB1*13:01,HLA_mismatch_outcome,2,2,0,35,359,3000,-0.739156,-0.101071,-0.607859,0.544515,0.149922,1.977673,0.934575,1.0,1.0,1.0,2006
HLA-DRB1*13:01,IgA_nephropathy,1,1,0,35,121,3000,-0.344771,-0.043062,0.02635,1.0267,0.198189,5.318735,0.765272,1.0,1.0,1.0,2013
HLA-DRB1*13:01,PTLD,2,2,0,35,104,3000,0.499776,0.068339,0.734682,2.08482,0.56815,7.65022,0.343907,1.0,0.343907,1.0,2017
HLA-DRB1*13:01,TCMR,6,5,1,35,342,3000,0.407968,0.065647,0.543363,1.721787,0.730926,4.055884,0.202239,0.872801,0.280621,0.999501,2006
HLA-DRB1*13:01,acute_rejection,6,5,1,35,377,3000,0.310534,0.049968,0.431012,1.538814,0.653654,3.622635,0.271716,0.947933,0.436709,1.0,1996
HLA-DRB1*13:01,chronic_rejection,4,3,1,35,345,3000,-0.006231,-0.000941,0.093388,1.097887,0.406255,2.966995,0.584722,1.0,1.0,1.0,2014
HLA-DRB1*13:01,complement_activation,5,4,1,35,289,3000,0.394031,0.061597,0.53042,1.699646,0.679942,4.248589,0.243535,0.923012,0.378531,1.0,2006
HLA-DRB1*13:01,eGFR,5,4,1,35,292,3000,0.383704,0.059982,0.518811,1.680029,0.672145,4.199233,0.250288,0.923998,0.381304,1.0,2006
HLA-DRB1*13:01,graft_loss,4,3,1,35,427,3000,-0.21947,-0.033152,-0.153561,0.857649,0.317699,2.315276,0.755378,1.0,1.0,1.0,2000
HLA-DRB1*13:01,graft_survival,6,3,3,35,380,3000,0.302608,0.048693,0.421812,1.524722,0.647699,3.58929,0.27798,0.948661,0.438807,1.0,1992
HLA-DRB1*13:01,mixed_rejection,3,3,0,35,92,3000,1.027843,0.148796,1.241614,3.461195,1.12647,10.634872,0.0902914,0.641259,0.0902914,0.622563,2006
HLA-DRB1*13:01,recurrent_GN,3,3,0,35,359,3000,-0.333691,-0.048307,-0.237897,0.788284,0.260261,2.387573,0.808133,1.0,1.0,1.0,2007
HLA-DRB1*13:01,sensitization,2,2,0,35,344,3000,-0.696475,-0.095235,-0.559262,0.571631,0.15736,2.076529,0.923255,1.0,1.0,1.0,2021
HLA-DRB1*13:02,ABMR,5,4,1,23,669,3000,-0.025473,-0.003982,0.034459,1.03506,0.397982,2.691953,0.607198,1.0,1.0,1.0,2012
HLA-DRB1*13:02,CMV,1,1,0,23,388,3000,-1.090132,-0.136158,-0.80816,0.445677,0.085058,2.335209,0.959156,1.0,1.0,1.0,2007
HLA-DRB1*13:02,DGF,2,2,0,23,211,3000,0.212162,0.029011,0.429575,1.536604,0.411628,5.736135,0.488686,1.0,0.674356,1.0,2018
HLA-DRB1*13:02,DSA,5,5,0,23,652,3000,0.000267,4.2e-05,0.067697,1.070041,0.411402,2.783134,0.581639,1.0,1.0,1.0,2018
HLA-DRB1*13:02,HLA_mismatch_outcome,2,2,0,23,359,3000,-0.319302,-0.043661,-0.159777,0.852334,0.228977,3.172686,0.781117,1.0,1.0,1.0,2023
HLA-DRB1*13:02,IgA_nephropathy,1,0,1,23,121,3000,0.075083,0.009378,0.458002,1.580913,0.299741,8.33814,0.613435,1.0,0.613435,1.0,2025
HLA-DRB1*13:02,PTLD,1,0,1,23,104,3000,0.226482,0.028288,0.616012,1.85153,0.350499,9.780801,0.557151,1.0,0.557151,1.0,2024
HLA-DRB1*13:02,TCMR,7,7,0,23,342,3000,0.981973,0.162029,1.275401,3.580138,1.499007,8.550587,0.0113979,0.149756,0.0113979,0.141874,2005
HLA-DRB1*13:02,acute_rejection,6,6,0,23,377,3000,0.730388,0.117528,0.957816,2.605999,1.052303,6.453684,0.0592498,0.49901,0.0592498,0.484864,2004
HLA-DRB1*13:02,chronic_rejection,4,4,0,23,345,3000,0.413623,0.06248,0.577523,1.78162,0.63528,4.996491,0.268197,0.947933,0.327751,1.0,2012
HLA-DRB1*13:02,complement_activation,3,1,2,23,289,3000,0.303059,0.043872,0.472453,1.603925,0.512914,5.015609,0.384403,1.0,0.480845,1.0,2004
HLA-DRB1*13:02,eGFR,6,5,1,23,292,3000,0.985879,0.158639,1.249717,3.489354,1.406659,8.655684,0.0195826,0.231564,0.0195826,0.219492,2007
HLA-DRB1*13:02,graft_loss,1,1,0,23,427,3000,-1.185911,-0.148121,-0.919226,0.398828,0.076137,2.089173,0.971145,1.0,1.0,1.0,2005
HLA-DRB1*13:02,graft_survival,3,2,1,23,380,3000,0.029314,0.004244,0.162227,1.176127,0.376635,3.672716,0.572171,1.0,1.0,1.0,2015
HLA-DRB1*13:02,recurrent_GN,5,4,1,23,359,3000,0.596989,0.093324,0.788534,2.200168,0.843823,5.736676,0.131534,0.747323,0.184242,0.86035,2007
HLA-DRB1*13:02,sensitization,2,2,0,23,344,3000,-0.276621,-0.037825,-0.111206,0.894755,0.240331,3.331177,0.759475,1.0,1.0,1.0,2015
HLA-DRB1*13:02,skin_cancer,5,5,0,23,229,3000,1.046589,0.163608,1.29373,3.646361,1.393963,9.538236,0.0267699,0.296446,0.0267699,0.280136,2005
HLA-DRB1*13:03,ABMR,5,5,0,5,669,3000,1.500584,0.234579,3.653128,38.595184,2.131302,698.910084,0.000545088,0.0142371,0.000545088,0.0125943,2013
HLA-DRB1*13:03,DGF,1,1,0,5,211,3000,1.045072,0.13053,1.484085,4.410926,0.691339,28.142869,0.305733,0.993212,0.305733,1.0,2026
HLA-DRB1*13:03,DSA,2,2,0,5,652,3000,0.610032,0.083415,0.94604,2.575491,0.506964,13.084087,0.298509,0.985996,0.298509,1.0,2018
HLA-DRB1*13:03,acute_rejection,1,1,0,5,377,3000,0.464684,0.058039,0.841208,2.319168,0.364273,14.765141,0.489287,1.0,0.489287,1.0,2026
HLA-DRB1*13:03,chronic_rejection,1,1,0,5,345,3000,0.553385,0.069118,0.942174,2.565554,0.402872,16.337879,0.45734,1.0,0.45734,1.0,2013
HLA-DRB1*13:03,graft_loss,2,2,0,5,427,3000,1.033293,0.141291,1.462119,4.315091,0.848611,21.941751,0.150711,0.787354,0.150711,0.811918,2015
HLA-DRB1*13:03,recurrent_GN,1,1,0,5,359,3000,0.513607,0.06415,0.897046,2.452348,0.385139,15.615159,0.471508,1.0,0.471508,1.0,2026
HLA-DRB1*13:03,skin_cancer,1,1,0,5,229,3000,0.963208,0.120305,1.395551,4.037199,0.633008,25.748463,0.327865,1.0,0.327865,1.0,2013
HLA-DRB1*15,ABMR,70,61,9,265,669,3000,0.169349,0.045065,0.250881,1.285157,0.964562,1.712308,0.0557602,0.483051,0.10425,0.677337,1992
HLA-DRB1*15,BK_nephropathy,28,21,7,265,305,3000,0.03853,0.008243,0.061222,1.063135,0.70704,1.598575,0.443616,1.0,0.831267,1.0,2002
HLA-DRB1*15,CMV,31,27,4,265,388,3000,-0.10038,-0.021954,-0.112378,0.893706,0.606181,1.317612,0.762388,1.0,0.566589,1.0,1990
HLA-DRB1*15,DGF,14,14,0,265,211,3000,-0.286163,-0.053316,-0.299704,0.741037,0.428056,1.28286,0.906145,1.0,0.312864,1.0,1992
HLA-DRB1*15,DSA,56,28,28,265,652,3000,-0.028055,-0.007047,-0.033235,0.967311,0.711236,1.315584,0.623837,1.0,0.87605,1.0,1995
HLA-DRB1*15,FSGS,3,1,2,265,70,3000,-0.723245,-0.1047,-0.640344,0.527111,0.178658,1.555182,0.95477,1.0,1.0,1.0,2015
HLA-DRB1*15,HLA_mismatch_outcome,36,30,6,265,359,3000,0.126834,0.028677,0.170629,1.186051,0.820851,1.71373,0.223623,0.890479,0.373911,1.0,1998
HLA-DRB1*15,IgA_nephropathy,41,36,5,265,121,3000,1.344419,0.31318,1.807949,6.097926,4.093459,9.083933,2.10382e-15,1.65851e-12,2.10382e-15,1.24388e-12,1990
HLA-DRB1*15,NODAT,4,3,1,265,87,3000,-0.652976,-0.098636,-0.603946,0.54665,0.209939,1.423398,0.957006,1.0,1.0,1.0,2005
HLA-DRB1*15,PTLD,3,3,0,265,104,3000,-1.119141,-0.162012,-1.061098,0.346076,0.11834,1.012073,0.996348,1.0,1.0,1.0,2000
HLA-DRB1*15,TCMR,37,31,6,265,342,3000,0.202745,0.046126,0.266707,1.305658,0.906154,1.881296,0.103482,0.677936,0.187349,0.86035,2005
HLA-DRB1*15,acute_rejection,35,28,7,265,377,3000,0.049741,0.011175,0.073522,1.076292,0.742628,1.559873,0.400766,1.0,0.770759,1.0,1992
HLA-DRB1*15,chronic_rejection,35,32,3,265,345,3000,0.138441,0.031103,0.184891,1.203087,0.828849,1.746299,0.206345,0.874564,0.364009,1.0,1993
HLA-DRB1*15,complement_activation,15,13,2,265,289,3000,-0.531739,-0.10036,-0.589044,0.554857,0.32726,0.94074,0.994656,1.0,0.0214818,0.239643,2006
HLA-DRB1*15,eGFR,26,25,1,265,292,3000,0.00798,0.001681,0.024988,1.025303,0.67321,1.561542,0.515787,1.0,0.913901,1.0,1990
HLA-DRB1*15,graft_loss,8,4,4,265,427,3000,-1.550705,-0.261637,-1.702204,0.182281,0.091323,0.363835,1.0,1.0,4.95893e-10,7.32992e-08,1995
HLA-DRB1*15,graft_survival,32,27,5,265,380,3000,-0.047798,-0.010527,-0.047578,0.953536,0.649626,1.399622,0.649062,1.0,0.846658,1.0,1992
HLA-DRB1*15,mixed_rejection,12,8,4,265,92,3000,0.389756,0.070589,0.486496,1.626606,0.884144,2.992555,0.107735,0.696157,0.187172,0.86035,1991
HLA-DRB1*15,recurrent_GN,31,20,11,265,359,3000,-0.022697,-0.004964,-0.015661,0.984461,0.66694,1.45315,0.58722,1.0,1.0,1.0,1995
HLA-DRB1*15,sensitization,23,20,3,265,344,3000,-0.27851,-0.057179,-0.317751,0.727784,0.469117,1.129077,0.948554,1.0,0.156992,0.814225,1995
HLA-DRB1*15,skin_cancer,20,20,0,265,229,3000,-0.011352,-0.002266,0.006994,1.007019,0.628054,1.61465,0.559126,1.0,1.0,1.0,1991
HLA-DRB1*15:01,ABMR,15,5,10,57,669,3000,0.165582,0.031252,0.243553,1.275774,0.708589,2.29696,0.276425,0.947933,0.426814,1.0,2002
HLA-DRB1*15:01,BK_nephropathy,5,5,0,57,305,3000,-0.147558,-0.023067,-0.081654,0.921591,0.379783,2.236354,0.702771,1.0,1.0,1.0,2018
HLA-DRB1*15:01,CMV,5,3,2,57,388,3000,-0.388251,-0.060693,-0.357447,0.69946,0.288687,1.694722,0.878236,1.0,0.428628,1.0,2015
HLA-DRB1*15:01,DGF,1,1,0,57,211,3000,-1.388542,-0.17343,-1.064923,0.344754,0.067718,1.755167,0.984971,1.0,1.0,1.0,2025
HLA-DRB1*15:01,DSA,13,13,0,57,652,3000,0.048221,0.008862,0.089133,1.093226,0.590879,2.022652,0.473719,1.0,0.871154,1.0,2004
HLA-DRB1*15:01,HLA_mismatch_outcome,7,7,0,57,359,3000,0.025904,0.004274,0.087871,1.091847,0.503005,2.370017,0.532412,1.0,0.838614,1.0,2004
HLA-DRB1*15:01,IgA_nephropathy,11,1,10,57,121,3000,1.565421,0.279117,1.847147,6.341702,3.23572,12.42913,1.11348e-05,0.000612415,1.11348e-05,0.000487664,2012
HLA-DRB1*15:01,NODAT,2,2,0,57,87,3000,0.190555,0.026056,0.409444,1.50598,0.416483,5.44554,0.496985,1.0,0.680853,1.0,2005
HLA-DRB1*15:01,PTLD,2,1,1,57,104,3000,0.012073,0.001651,0.222132,1.248737,0.346344,4.502292,0.594693,1.0,1.0,1.0,2019
HLA-DRB1*15:01,TCMR,9,8,1,57,342,3000,0.32573,0.056072,0.427382,1.533239,0.757827,3.102056,0.195086,0.857582,0.290839,1.0,2007
HLA-DRB1*15:01,acute_rejection,8,7,1,57,377,3000,0.110513,0.018646,0.179353,1.196443,0.573224,2.49724,0.427077,1.0,0.687282,1.0,1995
HLA-DRB1*15:01,chronic_rejection,7,7,0,57,345,3000,0.065682,0.010838,0.133785,1.143148,0.526488,2.48208,0.488114,1.0,0.833394,1.0,2005
HLA-DRB1*15:01,complement_activation,4,4,0,57,289,3000,-0.316816,-0.047857,-0.244329,0.78323,0.296986,2.065579,0.814119,1.0,1.0,1.0,2018
HLA-DRB1*15:01,eGFR,4,4,0,57,292,3000,-0.327143,-0.049417,-0.255911,0.774211,0.293587,2.041648,0.820599,1.0,1.0,1.0,2007
HLA-DRB1*15:01,graft_loss,2,1,1,57,427,3000,-1.400321,-0.191478,-1.321938,0.266618,0.074771,0.9507,0.998457,1.0,1.0,1.0,2002
HLA-DRB1*15:01,graft_survival,7,4,3,57,380,3000,-0.030945,-0.005106,0.021867,1.022108,0.471059,2.217778,0.596156,1.0,1.0,1.0,2012
HLA-DRB1*15:01,mixed_rejection,3,2,1,57,92,3000,0.54014,0.078193,0.716976,2.048229,0.681067,6.159813,0.253679,0.925849,0.253679,0.973033,2013
HLA-DRB1*15:01,recurrent_GN,5,3,2,57,359,3000,-0.310568,-0.04855,-0.267553,0.76525,0.315697,1.854964,0.830039,1.0,0.678421,1.0,2007
HLA-DRB1*15:01,sensitization,5,4,1,57,344,3000,-0.267887,-0.041878,-0.218543,0.803689,0.331467,1.948658,0.799818,1.0,0.675359,1.0,2002
HLA-DRB1*15:01,skin_cancer,4,4,0,57,229,3000,-0.084111,-0.012706,0.013911,1.014008,0.383791,2.679094,0.643708,1.0,1.0,1.0,2005
HLA-DRB1*15:02,ABMR,8,5,3,31,669,3000,0.146038,0.02464,0.232909,1.262267,0.57331,2.779156,0.385508,1.0,0.66441,1.0,2012
HLA-DRB1*15:02,BK_nephropathy,2,2,0,31,305,3000,-0.454784,-0.062187,-0.294959,0.744562,0.203624,2.722526,0.839048,1.0,1.0,1.0,2012
HLA-DRB1*15:02,DGF,3,1,2,31,211,3000,0.319135,0.046199,0.486449,1.62653,0.531224,4.980203,0.373855,1.0,0.476897,1.0,2014
HLA-DRB1*15:02,DSA,8,8,0,31,652,3000,0.171777,0.028983,0.266281,1.305102,0.592712,2.873724,0.355945,1.0,0.519698,1.0,1990
HLA-DRB1*15:02,FSGS,1,0,1,31,70,3000,0.323885,0.040453,0.71905,2.052483,0.391669,10.75572,0.520799,1.0,0.520799,1.0,2010
HLA-DRB1*15:02,HLA_mismatch_outcome,3,3,0,31,359,3000,-0.21233,-0.030738,-0.10503,0.900298,0.295034,2.74726,0.735907,1.0,1.0,1.0,2013
HLA-DRB1*15:02,IgA_nephropathy,6,6,0,31,121,3000,1.568349,0.252365,1.840505,6.29972,2.610239,15.204153,0.00122209,0.0244935,0.00122209,0.0222326,2002
HLA-DRB1*15:02,NODAT,1,1,0,31,87,3000,0.106472,0.013298,0.494354,1.639439,0.313877,8.563095,0.600265,1.0,0.600265,1.0,2016
HLA-DRB1*15:02,PTLD,1,1,0,31,104,3000,-0.072011,-0.008994,0.309014,1.362081,0.261352,7.098731,0.66691,1.0,1.0,1.0,1990
HLA-DRB1*15:02,TCMR,1,1,0,31,342,3000,-1.26243,-0.157678,-0.971441,0.378537,0.073202,1.957455,0.977,1.0,1.0,1.0,2016
HLA-DRB1*15:02,acute_rejection,2,2,0,31,377,3000,-0.666718,-0.091166,-0.535209,0.585547,0.160284,2.139109,0.916215,1.0,1.0,1.0,2013
HLA-DRB1*15:02,chronic_rejection,5,4,1,31,345,3000,0.338274,0.052881,0.471737,1.602776,0.63536,4.043207,0.280825,0.948905,0.393494,1.0,1994
HLA-DRB1*15:02,complement_activation,1,1,0,31,289,3000,-1.094046,-0.136647,-0.782825,0.457113,0.088343,2.365243,0.957437,1.0,1.0,1.0,2023
HLA-DRB1*15:02,eGFR,2,2,0,31,292,3000,-0.411226,-0.056231,-0.246318,0.781674,0.213728,2.858844,0.819895,1.0,1.0,1.0,2016
HLA-DRB1*15:02,graft_loss,2,2,0,31,427,3000,-0.791256,-0.108195,-0.679675,0.506782,0.138786,1.850527,0.948194,1.0,1.0,1.0,2010
HLA-DRB1*15:02,graft_survival,4,4,0,31,380,3000,0.018503,0.002795,0.119737,1.1272,0.413626,3.071813,0.565509,1.0,1.0,1.0,2016
HLA-DRB1*15:02,mixed_rejection,1,1,0,31,92,3000,0.050592,0.006319,0.436424,1.547165,0.296428,8.075204,0.621101,1.0,0.621101,1.0,2019
HLA-DRB1*15:02,recurrent_GN,11,9,2,31,359,3000,1.086953,0.193806,1.439786,4.219792,2.032114,8.762621,0.000565022,0.0143686,0.000565022,0.0127264,2010
HLA-DRB1*15:02,sensitization,2,1,1,31,344,3000,-0.575114,-0.07864,-0.430583,0.65013,0.177896,2.375929,0.8863,1.0,1.0,1.0,1994
HLA-DRB1*15:02,skin_cancer,2,1,1,31,229,3000,-0.168194,-0.022999,0.021375,1.021606,0.27894,3.741584,0.697687,1.0,1.0,1.0,1994
HLA-eplet,ABMR,43,39,4,103,669,3000,0.627055,0.14771,0.958164,2.606907,1.748264,3.887265,5.41108e-06,0.00034587,9.31328e-06,0.00043188,2006
HLA-eplet,BK_nephropathy,7,6,1,103,305,3000,-0.402763,-0.066458,-0.390336,0.67683,0.318889,1.436544,0.912759,1.0,0.318828,1.0,2016
HLA-eplet,CMV,4,2,2,103,388,3000,-1.203072,-0.181731,-1.218593,0.295646,0.114259,0.764985,0.999614,1.0,1.0,1.0,2015
HLA-eplet,DGF,3,3,0,103,211,3000,-0.881607,-0.127626,-0.800223,0.449229,0.153317,1.316269,0.980281,1.0,1.0,1.0,2017
HLA-eplet,DSA,55,48,7,103,652,3000,0.898927,0.224786,1.482947,4.40591,2.966294,6.544205,7.60246e-13,3.59596e-10,7.60246e-13,1.99776e-10,2006
HLA-eplet,FSGS,3,2,1,103,70,3000,0.221756,0.032102,0.378686,1.460365,0.489652,4.355471,0.43415,1.0,0.732995,1.0,2014
HLA-eplet,HLA_mismatch_outcome,15,14,1,103,359,3000,0.196366,0.037062,0.260964,1.29818,0.748027,2.252955,0.244528,0.923998,0.438114,1.0,2014
HLA-eplet,IgA_nephropathy,2,2,0,103,121,3000,-0.731005,-0.099957,-0.557418,0.572686,0.161138,2.035331,0.926703,1.0,1.0,1.0,2012
HLA-eplet,NODAT,7,7,0,103,87,3000,0.851641,0.140524,1.000708,2.720207,1.252819,5.9063,0.028182,0.306205,0.028182,0.292326,2006
HLA-eplet,PTLD,1,1,0,103,104,3000,-1.272752,-0.158968,-0.928561,0.395122,0.07789,2.00438,0.975237,1.0,1.0,1.0,2023
HLA-eplet,TCMR,10,10,0,103,342,3000,-0.160587,-0.028154,-0.143317,0.866479,0.453212,1.656588,0.754232,1.0,0.751693,1.0,2010
HLA-eplet,acute_rejection,6,4,2,103,377,3000,-0.768847,-0.123716,-0.791009,0.453387,0.20343,1.010468,0.992979,1.0,0.0336379,0.335669,2008
HLA-eplet,chronic_rejection,10,2,8,103,345,3000,-0.169321,-0.029686,-0.15347,0.857727,0.44867,1.639727,0.764066,1.0,0.640071,1.0,2011
HLA-eplet,complement_activation,17,15,2,103,289,3000,0.538425,0.104081,0.667444,1.94925,1.148865,3.307243,0.0176074,0.211378,0.0252461,0.270735,2008
HLA-eplet,eGFR,7,6,1,103,292,3000,-0.359205,-0.05927,-0.340819,0.711188,0.334948,1.510047,0.888215,1.0,0.39693,1.0,2010
HLA-eplet,graft_loss,18,18,0,103,427,3000,0.205226,0.040115,0.273753,1.31489,0.786959,2.196983,0.204372,0.873592,0.317244,1.0,2011
HLA-eplet,graft_survival,11,11,0,103,380,3000,-0.170637,-0.030425,-0.161631,0.850755,0.456519,1.585442,0.774322,1.0,0.6513,1.0,2016
HLA-eplet,mixed_rejection,4,4,0,103,92,3000,0.236144,0.035671,0.361679,1.435738,0.54534,3.779926,0.389297,1.0,0.556516,1.0,2012
HLA-eplet,recurrent_GN,6,6,0,103,359,3000,-0.719924,-0.115844,-0.734244,0.479868,0.215243,1.06983,0.988871,1.0,0.0616526,0.49764,2008
HLA-eplet,sensitization,9,8,1,103,344,3000,-0.271779,-0.046785,-0.264191,0.767827,0.390263,1.510667,0.852603,1.0,0.43465,1.0,2011
HLA-eplet,skin_cancer,6,6,0,103,229,3000,-0.270324,-0.043498,-0.225944,0.797763,0.356445,1.78548,0.81144,1.0,0.575118,1.0,2006
HLA-mismatch,ABMR,20,17,3,113,669,3000,-0.231072,-0.046116,-0.280178,0.755649,0.464826,1.228429,0.9082,1.0,0.251088,0.973033,1995
HLA-mismatch,BK_nephropathy,11,11,0,113,305,3000,-0.043437,-0.007745,-0.012031,0.988041,0.530802,1.83915,0.609247,1.0,1.0,1.0,1998
HLA-mismatch,CMV,12,11,1,113,388,3000,-0.197119,-0.035701,-0.196613,0.821509,0.452019,1.493028,0.811605,1.0,0.567149,1.0,1994
HLA-mismatch,DGF,13,11,2,113,211,3000,0.492071,0.090431,0.598853,1.820031,1.012787,3.270691,0.0510226,0.460567,0.0872564,0.615554,1993
HLA-mismatch,DSA,23,19,4,113,652,3000,-0.065571,-0.013462,-0.070819,0.93163,0.58677,1.479175,0.678155,1.0,0.816239,1.0,1994
HLA-mismatch,FSGS,3,3,0,113,70,3000,0.129097,0.018689,0.280289,1.323513,0.444469,3.941077,0.495574,1.0,0.746451,1.0,1998
HLA-mismatch,HLA_mismatch_outcome,20,9,11,113,359,3000,0.39139,0.078112,0.49825,1.645838,1.007047,2.689828,0.0439178,0.418813,0.0740935,0.575851,2004
HLA-mismatch,IgA_nephropathy,2,2,0,113,121,3000,-0.823664,-0.112627,-0.654989,0.519448,0.146354,1.843655,0.948241,1.0,1.0,1.0,2002
HLA-mismatch,NODAT,2,1,1,113,87,3000,-0.493781,-0.067519,-0.307983,0.734928,0.206026,2.621602,0.847995,1.0,1.0,1.0,2012
HLA-mismatch,PTLD,1,1,0,113,104,3000,-1.365411,-0.170541,-1.025236,0.358712,0.070785,1.817815,0.98283,1.0,1.0,1.0,1990
HLA-mismatch,TCMR,6,6,0,113,342,3000,-0.764072,-0.122948,-0.77985,0.458475,0.206048,1.020146,0.992455,1.0,0.0344918,0.338477,1998
HLA-mismatch,acute_rejection,43,37,6,113,377,3000,1.107935,0.260987,1.549732,4.710206,3.174106,6.989697,1.64296e-12,6.476e-10,1.64296e-12,3.8856e-10,1990
HLA-mismatch,chronic_rejection,10,9,1,113,345,3000,-0.26198,-0.045931,-0.25899,0.771831,0.404978,1.471002,0.854677,1.0,0.452466,1.0,1995
HLA-mismatch,complement_activation,10,9,1,113,289,3000,-0.084862,-0.014878,-0.054668,0.946799,0.495914,1.80763,0.6616,1.0,0.871991,1.0,2006
HLA-mismatch,eGFR,6,6,0,113,292,3000,-0.606015,-0.097515,-0.599584,0.54904,0.246448,1.223161,0.971159,1.0,0.142588,0.791862,1995
HLA-mismatch,graft_loss,15,13,2,113,427,3000,-0.069754,-0.013165,-0.057255,0.944353,0.547231,1.629664,0.658845,1.0,0.890888,1.0,1993
HLA-mismatch,graft_survival,33,27,6,113,380,3000,0.835316,0.18522,1.11264,3.042379,2.002414,4.622456,1.50982e-06,0.000127526,1.67456e-06,0.000107036,1995
HLA-mismatch,mixed_rejection,6,6,0,113,92,3000,0.548951,0.088332,0.672077,1.958301,0.862427,4.446685,0.130762,0.747323,0.158414,0.818009,1996
HLA-mismatch,recurrent_GN,10,9,1,113,359,3000,-0.301758,-0.052905,-0.305371,0.73685,0.386758,1.403842,0.886306,1.0,0.374782,1.0,2004
HLA-mismatch,sensitization,13,10,3,113,344,3000,0.003287,0.000604,0.035299,1.035929,0.580276,1.849378,0.540584,1.0,1.0,1.0,1995
HLA-mismatch,skin_cancer,6,6,0,113,229,3000,-0.362983,-0.058408,-0.327328,0.720847,0.322812,1.609668,0.874531,1.0,0.468317,1.0,1998
