pmid,author,position
84313024,Mertens FV,1
84313024,Jacobs N,2
84313024,Goossens FB,3
84313024,Jacobs KC,4
84313024,Janssens L,5
84313024,Thompson K,6
84313024,Mertens NH,7
54086451,Wang F,1
54086451,He VG,2
54086451,He L,3
54086451,Wu S,4
15639624,Thompson E,1
15639624,Lee P,2
15639624,Ryan A,3
15639624,O'Brien Y,4
18491820,Scott DA,1
18491820,Lewis FM,2
18491820,Miller V,3
18491820,White K,4
18491820,Harris P,5
18491820,Baker YD,6
18491820,Harris M,7
18491820,Taylor JV,8
18491820,Scott R,9
18491820,Johnson P,10
18491820,Thomas H,11
18491820,Brown MR,12
22653587,Blanc E,1
22653587,Leroy K,2
22653587,Vincent G,3
22653587,Mercier MK,4
22653587,Mercier MR,5
22653587,Blanc T,6
88952312,de Vries AN,1
88952312,Thomas J,2
88952312,Miller C,3
88952312,Brown N,4
88952312,Johnson JS,5
88952312,Davis M,6
96753387,Lee V,1
96753387,Mitchell P,2
96753387,Kelly E,3
96753387,King PJ,4
96753387,Lee P,5
76597656,Maes VH,1
76597656,Mertens NH,2
76597656,Peeters AF,3
76597656,Willems H,4
76597656,Claes CV,5
76597656,Jacobs T,6
51666842,Becker G,1
51666842,Hoffmann V,2
51666842,Schulz G,3
51666842,Schneider VC,4
51666842,Richter V,5
51666842,Wolf D,6
51666842,Eriksson V,7
51666842,Weber F,8
51666842,Kowalski FR,9
51666842,Wagner VY,10
77269710,Greco F,1
77269710,Romano C,2
77269710,Romano H,3
77269710,Colombo A,4
77269710,Gallo R,5
39398322,Xu HB,1
39398322,Larsson K,2
39398322,Xu P,3
39398322,Zhu R,4
39398322,Guo P,5
39398322,Wang MR,6
39398322,Ma F,7
39398322,Liu RJ,8
39398322,Xu VN,9
39398322,Hu T,10
31179939,Fischer P,1
31179939,Mercier MR,2
31179939,Mercier D,3
31179939,Michel T,4
31179939,Bakker A,5
31179939,Bernard AY,6
91009430,Rezaei J,1
91009430,Rahimi AT,2
91009430,Karimi FE,3
91009430,Rezaei KN,4
91009430,Rahimi HD,5
91009430,Mohammadi G,6
86230623,Ozturk TH,1
86230623,Ozturk A,2
86230623,Sahin Y,3
86230623,Kaya K,4
15876224,Cho VR,1
15876224,Park LT,2
15876224,Yoon H,3
15876224,Han R,4
15876224,Cho AT,5
15876224,Yoon C,6
15876224,Kim V,7
56007877,Larsson J,1
56007877,Nilsson G,2
56007877,Persson DF,3
56007877,Olsson S,4
56007877,Olsson T,5
56007877,Johansson P,6
56007877,Olsson E,7
56007877,Andersson CD,8
56007877,Nilsson Y,9
56007877,Olsson V,10
84558580,Weber KF,1
84558580,Mueller RY,2
84558580,Mueller B,3
84558580,Gerber DH,4
90449245,Mercier B,1
90449245,Roux D,2
90449245,Durand K,3
90449245,Simon VN,4
90449245,Moreau NV,5
90449245,Lefebvre RN,6
90449245,Girard JV,7
90449245,Bernard DL,8
16811447,Diaz B,1
16811447,Gonzalez R,2
16811447,Fernandez V,3
16811447,Bernard DL,4
16811447,Moreno FK,5
72867269,Xu VT,1
72867269,Lin G,2
72867269,Wang YC,3
72867269,Guo E,4
54821159,Wilson DA,1
54821159,Wilson A,2
54821159,Anderson RY,3
63982459,Ito T,1
63982459,Kobayashi F,2
63982459,Suzuki M,3
63982459,Watanabe N,4
15386665,Mohammadi SN,1
15386665,Rezaei K,2
15386665,Jafari A,3
72747649,Cho VR,1
72747649,Kobayashi FN,2
72747649,Han B,3
72747649,Kim V,4
49363239,Morin T,1
49363239,Perez G,2
49363239,Gagnon B,3
49363239,Morin G,4
33872991,Smit K,1
33872991,Garcia D,2
33872991,Simon F,3
65938369,Ricci T,1
65938369,Marino R,2
65938369,Colombo L,3
22715266,Almeida CH,1
22715266,Pereira LV,2
21962966,Gauthier JN,1
21962966,Gagnon R,2
21962966,Fortin DN,3
21962966,Gagnon D,4
21962966,Steiner A,5
21962966,MacDonald B,6
21962966,Roy N,7
21962966,MacDonald R,8
29997435,Roberts PM,1
29997435,Durand V,2
29997435,Laurent MA,3
29997435,Simon V,4
29997435,Gallo NC,5
29997435,Lefebvre DJ,6
91475487,Yamamoto MK,1
91475487,Yamamoto T,2
91475487,Watanabe J,3
91475487,Ito M,4
91475487,Tanaka N,5
21401479,Kobayashi V,1
21401479,Yoshida SB,2
21401479,Ito M,3
21401479,Sato P,4
28381300,Schulz K,1
28381300,Schulz JA,2
28381300,Meyer Y,3
28381300,Richter S,4
28381300,Meyer G,5
28381300,Mueller L,6
28381300,Richter AH,7
28381300,Meyer K,8
28381300,Weber E,9
28381300,Richter AB,10
83895948,Santos S,1
83895948,Costa VK,2
83895948,Silva MS,3
83895948,Almeida M,4
83895948,Larsson AF,5
83895948,Pereira Y,6
83895948,Souza P,7
83895948,Silva H,8
83895948,Lima A,9
83895948,Pereira S,10
22728524,Wu LC,1
22728524,Sun B,2
78469286,Nascimento HE,1
78469286,Thompson VP,2
78469286,King TE,3
78469286,Harris NM,4
78469286,Lee P,5
60678005,Baker F,1
60678005,Clark DT,2
60678005,Baker CE,3
60678005,Harris DD,4
63512523,Thomas S,1
63512523,Fournier A,2
63512523,Laurent V,3
63512523,Durand A,4
37930932,Han FT,1
37930932,Park Y,2
37930932,Cho LE,3
37930932,Jung E,4
37930932,Jung JV,5
37930932,Kim V,6
37930932,Jang YE,7
33498393,Clark P,1
33498393,Kelly JB,2
33498393,Anderson RY,3
59460460,Bianchi MM,1
59460460,Weber HH,2
59460460,Marino A,3
59460460,Ferrari V,4
59460460,Ferrari N,5
18403788,Olsson E,1
18403788,Olsson T,2
18403788,Andersson F,3
18403788,Eriksson C,4
18403788,Olsson J,5
18403788,Olsson K,6
18403788,Larsson FF,7
18403788,Larsson P,8
18403788,Andersson D,9
18403788,Olsson V,10
10005109,Iyer YA,1
10005109,Anderson VF,2
10005109,Wright H,3
10005109,Johnson LG,4
10005109,White CG,5
52923102,Wolf C,1
52923102,Hoffmann B,2
52923102,Schmidt P,3
52923102,Weber E,4
52923102,Richter AB,5
82901692,Souza T,1
82901692,Wojcik A,2
82901692,Costa L,3
32158613,Nakamura KA,1
32158613,Yamamoto DJ,2
32158613,Yamamoto T,3
32158613,Tanaka N,4
93404713,Jacobs B,1
93404713,Mertens NH,2
16924930,Zielinski R,1
16924930,Zielinski C,2
16924930,Kowalczyk LT,3
16924930,Kaminski R,4
16924930,Wojcik T,5
86143846,Garcia DB,1
86143846,Laurent TF,2
41412791,Ahmadi D,1
41412791,Mohammadi SN,2
41412791,Hosseini AF,3
41412791,Rezaei K,4
41412791,Ahmadi NG,5
41412791,Karimi P,6
41412791,Mohammadi P,7
41412791,Jafari A,8
17360587,Lima D,1
17360587,Martinez SA,2
17360587,Almeida CH,3
17360587,Silva TY,4
69880628,Gagne CS,1
69880628,Lavoie T,2
69880628,MacDonald B,3
69880628,Lavoie H,4
69880628,Lavoie YG,5
69880628,MacDonald R,6
33987639,Williams L,1
33987639,Edwards GS,2
51173365,Allen A,1
51173365,Oliveira G,2
51173365,Young M,3
51173365,Wojcik AF,4
51173365,Johnson J,5
51173365,Davis M,6
38730919,Schulz T,1
38730919,Meyer G,2
38730919,Koch NG,3
38730919,Mueller MJ,4
71023510,Huber C,1
71023510,Meier D,2
71023510,Gerber DH,3
41813831,Lopez K,1
41813831,Fernandez PL,2
41813831,Sanchez M,3
41813831,Gomez J,4
41813831,Martinez SA,5
66896087,Thomas TS,1
66896087,Anderson A,2
66896087,Davis R,3
66896087,Davis B,4
52653477,Rodriguez HM,1
52653477,Lopez JE,2
52653477,Rodriguez KB,3
52653477,Alvarez K,4
52653477,Sanchez S,5
52653477,Ruiz AR,6
52653477,Martinez D,7
52653477,Martinez G,8
54662786,Jang D,1
54662786,Kang S,2
54662786,Iyer YK,3
54662786,Park Y,4
54662786,Jang EC,5
54662786,Han FT,6
54662786,Jang YE,7
46013507,Rezaei KN,1
46013507,Koch RC,2
46013507,Weber Y,3
70126242,Allen N,1
70126242,Taylor E,2
70126242,Lewis V,3
70126242,Harris LY,4
70126242,Moore N,5
70126242,Walker F,6
70126242,Thomas MT,7
77400808,Johnson SR,1
77400808,White VJ,2
77400808,Young FG,3
77400808,Baker L,4
77400808,Harris R,5
25341841,Sahin YE,1
25341841,Yilmaz A,2
25341841,Aydin A,3
25341841,Sahin A,4
25341841,Kaya K,5
72724970,Ruiz AR,1
72724970,Diaz J,2
72724970,Martinez D,3
72724970,Alvarez N,4
72724970,Martinez G,5
72566930,Nair S,1
72566930,Park T,2
72566930,Kim B,3
72566930,Yoon C,4
72566930,Jung P,5
72566930,Kang D,6
72566930,Jung R,7
72566930,Jung VS,8
57851674,Gupta M,1
57851674,Patel J,2
57851674,Kumar J,3
57851674,Persson P,4
57851674,Rao P,5
57851674,Sharma T,6
43746375,Williams J,1
43746375,Hall BT,2
43746375,Williams B,3
43746375,Evans TE,4
43746375,Turner Y,5
96830598,Jang EB,1
96830598,Park T,2
96830598,Choi ES,3
96830598,Jang D,4
96830598,Choi A,5
96830598,Jung P,6
96830598,Jang MD,7
96830598,Kang D,8
96830598,Jang C,9
96830598,Jung VS,10
12561261,Durand PT,1
12561261,Bertrand RR,2
12561261,Simon F,3
90466499,Mitchell C,1
90466499,Murphy B,2
90466499,Robinson D,3
90466499,Walsh M,4
96160097,Scott P,1
96160097,Yoon H,2
96160097,Jung S,3
96160097,Karlsson B,4
96160097,Baker CE,5
96160097,Kim V,6
24829663,Nilsson Y,1
24829663,Karlsson JT,2
24829663,Eriksson K,3
24829663,Nilsson KJ,4
24829663,Olsson S,5
71871964,Weber Y,1
71871964,Fischer NF,2
71871964,Schneider V,3
71871964,Becker TK,4
71871964,Fischer FK,5
71871964,Schulz JK,6
71871964,Schulz TR,7
71871964,Schneider PL,8
78032190,Nascimento BA,1
78032190,Rodrigues DH,2
78032190,Lima PC,3
78032190,Nascimento HE,4
78032190,Silva TY,5
69366211,Sun B,1
69366211,Guo CS,2
69366211,Zhu VK,3
69366211,Ferrari FJ,4
69366211,Sun J,5
69366211,He MB,6
69366211,Guo NH,7
45236429,Schmid G,1
45236429,Mueller RY,2
45236429,Keller J,3
45236429,Huber KA,4
45236429,Gerber J,5
45236429,Gerber DH,6
91113464,Miller J,1
91113464,Leroy R,2
91113464,Baker N,3
91113464,Baker EK,4
91113464,Moore D,5
91113464,Lewis KK,6
91113464,Taylor HG,7
91113464,Lewis J,8
91113464,White CM,9
91113464,Harris DD,10
93205568,Choi K,1
93205568,Yoon R,2
93205568,Cho B,3
93205568,Cho HB,4
93205568,Jang D,5
93205568,Jang AV,6
93205568,Jung VS,7
93205568,Kang LT,8
11782558,Kato GN,1
11782558,Nakamura D,2
11782558,Ito P,3
52656323,Eriksson T,1
52656323,Olsson E,2
52656323,Nilsson SE,3
52656323,Andersson SM,4
52656323,Johansson P,5
88182527,Thomas A,1
88182527,Wright GF,2
88182527,Miller ER,3
88182527,Scott RH,4
88182527,Allen FM,5
88182527,Davis EK,6
59117583,Brown V,1
59117583,Young FG,2
59117583,White VJ,3
59117583,Johnson SR,4
59117583,Taylor H,5
59117583,Jackson K,6
59117583,Harris R,7
78801645,Thompson K,1
78801645,King J,2
26382315,Jansen E,1
26382315,Meijer Y,2
14401761,Anderson KB,1
14401761,Baker B,2
14401761,Jackson B,3
14401761,Lewis F,4
14401761,Jackson PB,5
14401761,Harris NM,6
94355381,Young PA,1
94355381,Smith CL,2
94355381,Clark FV,3
94355381,Watanabe N,4
94355381,Scott H,5
94355381,Wilson V,6
30147603,Jafari YP,1
30147603,Kato K,2
30147603,Ito DV,3
30147603,Yoshida P,4
48347272,Lewandowski PJ,1
48347272,Kowalski FR,2
23707920,Wolf L,1
23707920,Becker MH,2
23707920,Klein V,3
23707920,Schulz JA,4
23707920,Wagner G,5
23707920,Wagner H,6
23707920,Fischer F,7
23707920,Fournier M,8
23707920,Richter S,9
23707920,Richter AB,10
20761156,Wang YC,1
20761156,Liu C,2
20761156,Huang CH,3
20761156,Ma G,4
20761156,Chen C,5
20761156,Guo E,6
67597879,Sharma CS,1
67597879,Sharma L,2
67597879,Sharma T,3
67597879,Patel B,4
26002761,Jansen K,1
26002761,Meijer LP,2
26002761,van den Berg D,3
26002761,Meijer D,4
26002761,Bos J,5
26002761,Bakker A,6
55373699,Becker PP,1
55373699,Richter AB,2
55373699,Schmidt SP,3
55373699,Yoon F,4
55373699,Meyer G,5
55373699,Koch NG,6
55373699,Mueller L,7
55373699,Mueller MJ,8
63708108,Michel C,1
63708108,Fournier DH,2
63708108,Bernard R,3
63708108,Hosseini P,4
63708108,Girard V,5
63708108,Bertrand RR,6
63708108,Bernard A,7
63708108,Garcia D,8
63708108,Laurent K,9
63708108,Simon F,10
43956263,Blanc N,1
43956263,van Dijk AL,2
43956263,Laurent LD,3
43956263,Bonnet R,4
43956263,Petit L,5
43956263,Bernard H,6
43956263,Petit FB,7
43956263,David T,8
43956263,Vincent VN,9
43956263,Lefebvre DJ,10
80041478,Harris M,1
80041478,Harris G,2
80041478,Brown MR,3
57574098,Allen V,1
57574098,White D,2
57574098,Allen RM,3
22175068,Costa T,1
22175068,Costa VN,2
22175068,Rodrigues J,3
92240153,de Vries BT,1
92240153,Jansen J,2
92240153,de Boer N,3
92240153,van Dijk E,4
92240153,de Jong B,5
40088025,Allen PJ,1
40088025,Harris KV,2
40088025,Lewis J,3
40088025,Lewis KK,4
40088025,Lewis D,5
35735661,Ryan LB,1
35735661,Walsh YD,2
35735661,Yildiz GN,3
35735661,O'Brien Y,4
97483716,Nascimento BT,1
75759933,Ricci T,1
75759933,Rossi KA,2
75759933,Esposito F,3
75759933,Ricci D,4
75759933,Colombo L,5
62610147,Gerber DH,1
62610147,Keller H,2
62610147,Schmid RN,3
62610147,Huber KK,4
62610147,Schmid J,5
62610147,Meier S,6
59262202,Lee V,1
59262202,Johnson S,2
59262202,Thomas AA,3
59262202,Nair N,4
59262202,Walker N,5
59262202,Taylor GM,6
59262202,Smith R,7
28185594,Rodrigues E,1
28185594,Costa L,2
75200979,Bernard MN,1
75200979,Petit F,2
75200979,Michel P,3
75200979,Simon R,4
75200979,Blanc B,5
75200979,Bernard DL,6
13167312,Liu RJ,1
13167312,Wang MR,2
13167312,Nilsson A,3
13167312,Hu T,4
84476364,Yoon R,1
84476364,Lim L,2
84476364,Gallo S,3
84476364,Kang LT,4
79361809,Guo NH,1
41156164,Ferrari L,1
41156164,Ferrari Y,2
41156164,Bruno N,3
41156164,Sharma EH,4
41156164,Rossi H,5
84580283,Wolf AH,1
84580283,Richter AB,2
88070048,Koch G,1
88070048,Klein R,2
88070048,Zhang VY,3
88070048,Schneider PL,4
75277419,Mitchell K,1
75277419,Mitchell GG,2
75277419,King F,3
48355807,Schneider V,1
48355807,Becker F,2
48355807,Wolf F,3
49160298,Lin A,1
49160298,Wu LC,2
49160298,Sato P,3
49160298,Xu P,4
49160298,Wang T,5
49160298,Yang T,6
49160298,Zhu R,7
48740506,Michel S,1
48740506,David T,2
48740506,Durand DD,3
48740506,Petit D,4
48740506,Durand H,5
48740506,Lefebvre DJ,6
94741790,de Vries L,1
94741790,Roy F,2
94741790,MacDonald Y,3
94741790,Gagnon Y,4
94741790,Roy G,5
94741790,Morin B,6
94741790,Fortin TF,7
94741790,Fortin Y,8
94741790,Morin HH,9
94741790,Gauthier JN,10
89211432,Roberts V,1
89211432,Turner Y,2
72975148,He B,1
72975148,He P,2
73249063,Lopez JE,1
73249063,Ruiz KG,2
73249063,Wu S,3
73249063,Rodriguez KB,4
73249063,Gomez HT,5
73249063,Johansson P,6
73249063,Ruiz AR,7
73249063,Martinez G,8
43588308,Sun B,1
43588308,Hu GS,2
43588308,Chen N,3
43588308,Li RR,4
43588308,Hu HM,5
59068856,Patel Y,1
59068856,Rao Y,2
59068856,Sharma G,3
59068856,Nair T,4
59068856,Patel PY,5
59068856,Sharma DJ,6
59068856,Watanabe F,7
59068856,Kumar DP,8
59068856,Bos A,9
59068856,Iyer E,10
59068856,Reddy S,11
59068856,Patel B,12
37173948,Mueller F,1
37173948,Fischer H,2
75037469,Maes SS,1
75037469,Willems SK,2
75037469,Maes M,3
75037469,Goossens K,4
75037469,Silva TY,5
75037469,Peeters K,6
75037469,Peeters P,7
75037469,Mertens GM,8
27780999,Thomas V,1
27780999,Clark PY,2
27780999,Thomas MT,3
35873965,Oliveira N,1
35873965,Russo N,2
35873965,Colombo L,3
35873965,Russo BD,4
35873965,Marino TA,5
35873965,Ricci RP,6
86253508,Patel J,1
86253508,Rao P,2
86253508,Gupta M,3
86253508,Iyer FD,4
86253508,Sharma T,5
89720144,Becker S,1
89720144,Mueller T,2
89720144,Koch N,3
89720144,Schulz TR,4
89720144,Klein A,5
89720144,Schneider PL,6
37168507,Ferrari V,1
37168507,Ricci D,2
37168507,Ferrari H,3
47473344,Taylor G,1
47473344,Brown YE,2
47473344,Smith CG,3
47473344,Lewis FM,4
21615968,Yamada L,1
21615968,Sato A,2
21615968,Takahashi M,3
21615968,Kobayashi G,4
21615968,Sato B,5
52751954,Lima PC,1
52751954,Santos L,2
52751954,Silva TY,3
31024614,Marino A,1
31024614,Colombo R,2
31024614,Gallo R,3
22969561,Guo KP,1
22969561,Ma EV,2
22969561,Zhou G,3
22969561,Guo NH,4
38420248,Jansen K,1
38420248,Bakker Y,2
38420248,de Vries L,3
25562678,Morris S,1
25562678,Turner EM,2
25562678,Cooper D,3
25562678,Edwards C,4
25562678,Jones V,5
25562678,Hill T,6
50497927,Gallo E,1
50497927,Gallo NC,2
50497927,Gallo R,3
50497927,Colombo CS,4
50497927,Greco ES,5
50497927,Russo DN,6
50497927,Marino M,7
50497927,Esposito J,8
17468230,Karimi A,1
17468230,Ahmadi PM,2
17468230,Karimi B,3
17468230,Rezaei KN,4
17468230,Mohammadi CE,5
69086107,Yamamoto P,1
69086107,Sato A,2
69086107,Watanabe N,3
69086107,Sato N,4
69086107,Sato B,5
94106048,de Vries LD,1
94106048,Jansen J,2
94106048,Meijer Y,3
94106048,de Vries BT,4
94106048,van den Berg CJ,5
94106048,Smit KK,6
94106048,de Vries R,7
94106048,van Dijk E,8
94106048,Bakker N,9
94106048,de Jong B,10
32542599,Pereira B,1
32542599,Oliveira N,2
32542599,Costa L,3
32542599,Costa VN,4
32542599,Nascimento S,5
32542599,Pereira G,6
32542599,Silva TY,7
66991244,Reddy H,1
66991244,Hu T,2
66991244,Zhou NS,3
66991244,Chen PE,4
75164152,Karimi C,1
75164152,Sahin C,2
75164152,Mohammadi CE,3
93099465,Jacobs G,1
93099465,Mertens M,2
93099465,Jacobs NR,3
93099465,Jacobs T,4
66136917,Nascimento YK,1
66136917,Nascimento D,2
66136917,Santos S,3
66136917,Silva N,4
66136917,Pereira S,5
56802946,Suzuki PP,1
56802946,Nakamura HS,2
56802946,Ito T,3
56802946,Takahashi CM,4
56802946,Ito P,5
94212531,Morin D,1
94212531,Fortin TF,2
94212531,Kelly R,3
94212531,Cote R,4
94212531,MacDonald PT,5
94212531,Cote KY,6
94212531,Gauthier JN,7
78267386,Anderson F,1
78267386,Davis M,2
53596075,Yilmaz A,1
53596075,Allen H,2
53596075,Wilson F,3
53596075,Davis EK,4
80082223,Taylor S,1
80082223,Walker TB,2
19444538,Mercier DE,1
19444538,David YT,2
19444538,Blanc TV,3
19444538,Simon D,4
19444538,Meijer PF,5
19444538,Bertrand TD,6
19444538,Petit NK,7
19444538,Vincent F,8
19444538,Michel G,9
19444538,Simon N,10
47733115,Jansen HV,1
47733115,Visser E,2
47733115,de Jong B,3
49744242,Steiner NA,1
49744242,Schmid RN,2
49744242,Gerber B,3
49744242,Meier S,4
83531188,Sharma EH,1
83531188,Singh N,2
83531188,Sharma M,3
83531188,Gupta F,4
64334465,Tanaka N,1
64334465,Takahashi PV,2
64334465,Kobayashi CK,3
64334465,Suzuki E,4
64334465,Kato TT,5
64334465,Tanaka E,6
64334465,Suzuki BJ,7
64334465,Watanabe G,8
64334465,Yamamoto N,9
64334465,Takahashi F,10
64334465,Nakamura S,11
64334465,Ito DV,12
85241987,Schmidt CK,1
85241987,Schulz P,2
85241987,Wagner V,3
85241987,Richter AB,4
85241987,Aydin PS,5
85241987,Schulz D,6
85241987,Hoffmann A,7
85241987,Fischer NF,8
35001932,Walsh PP,1
35001932,Walsh S,2
35001932,Lee LJ,3
35001932,Thompson D,4
35001932,Walsh M,5
34111769,Taylor JF,1
34111769,Baker CE,2
34111769,Harris DD,3
70686961,Gagne R,1
70686961,Gauthier V,2
70686961,Fortin K,3
70686961,Cote V,4
14974447,Mohammadi SN,1
14974447,Moradi P,2
14974447,Rezaei K,3
14974447,Karimi P,4
14974447,Rahimi H,5
14974447,Moradi A,6
14974447,Jafari A,7
68413301,Durand MV,1
68413301,Petit CA,2
68413301,Simon C,3
68413301,Blanc L,4
68413301,Girard V,5
68413301,Martin L,6
68413301,Fournier R,7
36027673,Kobayashi CK,1
36027673,Yamamoto MK,2
36027673,Ito M,3
36027673,Kato GC,4
36027673,Russo DN,5
36027673,Tanaka N,6
85484122,Ricci R,1
85484122,Gallo HC,2
85484122,Bianchi NB,3
57484920,Girard JV,1
57484920,Bernard MN,2
57484920,Bernard DL,3
20617603,Steiner C,1
20617603,Gerber CP,2
25709192,Williams F,1
25709192,King J,2
39083759,Zhu R,1
39083759,He M,2
39083759,Yang PR,3
53399445,Lefebvre Y,1
53399445,Moreno FK,2
53399445,Bertrand V,3
53399445,Blanc T,4
79678383,Costa K,1
79678383,Oliveira EA,2
79678383,Hu J,3
79678383,Rodrigues E,4
79678383,Almeida YC,5
79678383,Pereira J,6
79678383,Almeida EL,7
79678383,Nascimento BT,8
41368526,Roberts PN,1
41368526,Hughes V,2
41368526,Hall T,3
41368526,Hill C,4
74441535,Scott RG,1
74441535,Brown MR,2
56693301,Koch L,1
56693301,Fischer H,2
56693301,Schulz C,3
56693301,Richter SV,4
56693301,Fischer NF,5
87699340,Kang MN,1
87699340,Park C,2
87699340,Jang B,3
63679694,Davis B,1
29133206,Michel K,1
29133206,Bertrand RR,2
29133206,Girard T,3
29133206,Lefebvre NN,4
29133206,Fournier F,5
29133206,Simon VN,6
29133206,Petit D,7
37459942,Taylor SB,1
37459942,Taylor J,2
37459942,Smith LB,3
37459942,Brown YE,4
37459942,Oliveira HK,5
37459942,Taylor G,6
37459942,Smith CG,7
37459942,Lewis FM,8
18594320,Yang AS,1
18594320,Bertrand TS,2
18594320,Zhao MY,3
18594320,Chen YF,4
18594320,He P,5
87564491,Williams NT,1
87564491,Hall E,2
87564491,Hughes HJ,3
93344839,Harris KV,1
93344839,Baker KV,2
93344839,Scott R,3
93344839,Harris P,4
93344839,Wilson LB,5
93344839,Brown MR,6
29597390,Bouchard PC,1
51600090,Walker TB,1
51600090,Wilson F,2
51600090,Johnson DP,3
50836799,Ferrari L,1
50836799,Bruno N,2
50836799,Esposito P,3
50836799,Russo K,4
50836799,Russo JE,5
50836799,Ferrari Y,6
50836799,Esposito FV,7
50836799,Rossi H,8
53090563,Diaz P,1
53090563,Mitchell H,2
53090563,Rodriguez H,3
53090563,Alvarez S,4
53090563,Ruiz S,5
32660037,Ricci P,1
32660037,Ricci LL,2
32660037,Greco S,3
32660037,Ferrari A,4
32660037,Russo DS,5
32660037,Ricci RP,6
59287936,Pereira Y,1
59287936,Nascimento YK,2
59287936,Lima A,3
59287936,Santos Y,4
59287936,Silva N,5
59287936,Pereira S,6
28112877,Mercier MR,1
28112877,Bernard AY,2
74319844,Singh R,1
74319844,Gauthier CA,2
74319844,Gupta F,3
74319844,Costa VN,4
74319844,Sharma T,5
74319844,Rao G,6
74319844,Gupta M,7
49721950,Mitchell D,1
49721950,Kelly G,2
49721950,Harris DD,3
49721950,O'Brien D,4
49721950,King J,5
42915568,Gonzalez D,1
42915568,Martinez SA,2
46362929,Roy N,1
46362929,MacDonald R,2
31799293,Zhou MC,1
31799293,He VG,2
31799293,Zhu R,3
31799293,Hu F,4
31799293,Huang RV,5
31799293,Sun B,6
34607559,Young M,1
34607559,Harris GR,2
34607559,Brown MM,3
34607559,Anderson P,4
34607559,Johnson F,5
34607559,Moore C,6
34607559,Davis M,7
80589062,Yilmaz S,1
80589062,Yilmaz L,2
80589062,Roy DD,3
80589062,Yildiz F,4
80589062,Kaya K,5
23969021,Hall HA,1
23969021,Edwards R,2
23969021,Edwards PH,3
23969021,Williams L,4
23969021,Evans S,5
23969021,Lewandowski EY,6
23969021,Jones R,7
23969021,Green B,8
32778206,Suzuki T,1
32778206,Yoshida M,2
32778206,Nakamura F,3
32778206,Kobayashi AA,4
32778206,Nakamura S,5
32778206,Suzuki L,6
32778206,Tanaka V,7
32778206,Takahashi SH,8
76840886,Brown MR,1
76840886,Anderson K,2
76840886,Davis EK,3
76840886,Anderson E,4
76840886,Sahin FB,5
76840886,Wilson N,6
76840886,Clark DT,7
76840886,Jackson H,8
76840886,Lewis H,9
76840886,Scott P,10
12146838,Hu AD,1
12146838,Zhu VK,2
12146838,He P,3
47062643,Ito FY,1
47062643,Ito DV,2
58142000,Meyer G,1
58142000,Schneider VC,2
58142000,Becker MH,3
58142000,Becker PJ,4
58142000,Kelly G,5
58142000,Koch NG,6
93262109,Petit FB,1
93262109,Bonnet G,2
93262109,Moreau EM,3
93262109,Fournier F,4
93262109,Lefebvre NN,5
93262109,Leroy T,6
93262109,Petit D,7
85539365,Hu JN,1
85539365,Wu LC,2
85539365,Harris R,3
85539365,Sato S,4
85539365,Zhang VY,5
42853568,Sun V,1
42853568,Wu E,2
42853568,Guo C,3
42853568,Yang T,4
42853568,Wang E,5
42853568,He BA,6
42853568,He VG,7
42853568,Guo E,8
85558883,Kobayashi MC,1
85558883,Kato DL,2
85558883,Yoshida P,3
13850591,Smith Y,1
13850591,Thomas P,2
13850591,Young PA,3
13850591,Harris DD,4
13850591,Thomas VV,5
13850591,Wilson V,6
98528370,Alvarez L,1
98528370,Martinez R,2
98528370,Patel B,3
98528370,Ruiz C,4
98528370,Lopez H,5
98528370,Ruiz FL,6
98528370,Diaz G,7
86062024,Blanc H,1
86062024,Lefebvre D,2
86062024,Petit P,3
86062024,Martin MF,4
86062024,Simon NJ,5
86278196,Gonzalez PH,1
86278196,Rodriguez KB,2
86278196,Gomez HY,3
86278196,Martinez D,4
86278196,Lopez JE,5
86278196,Sanchez S,6
86278196,Rodriguez G,7
86278196,Martinez G,8
24547786,Huang FA,1
24547786,Zhao LY,2
24547786,Yamada EC,3
24547786,Wu LC,4
24547786,Hu F,5
24547786,Yang GD,6
24547786,Sun B,7
27875751,Zhao G,1
27875751,Yang E,2
27875751,Zhang M,3
27875751,Zhang E,4
27875751,Meier Y,5
27875751,Guo NH,6
27875751,Wu YM,7
27875751,Ma EV,8
82388733,Lim K,1
82388733,Kang N,2
82388733,Han B,3
82388733,Jang B,4
53671590,Kang A,1
53671590,Jang AV,2
53671590,Yoon R,3
53671590,Jang D,4
53671590,Cho HB,5
53671590,Han CP,6
53671590,Kang LT,7
74312997,Moradi G,1
74312997,Moradi YH,2
74312997,Mohammadi NJ,3
74312997,Yildiz E,4
74312997,Santos RM,5
74312997,Ahmadi AP,6
74312997,Moradi T,7
74312997,Rezaei K,8
74312997,Jafari E,9
74312997,Jafari A,10
67848957,Wolf AH,1
67848957,Meyer T,2
67848957,Meyer Y,3
67848957,Schulz C,4
67848957,Meyer K,5
67848957,Wolf L,6
67848957,Fischer NF,7
57427349,Simon F,1
74297341,Allen K,1
74297341,Johnson M,2
74297341,Lewis FM,3
63734631,Evans YY,1
63734631,Klein KK,2
63734631,Mueller MJ,3
87910111,Han B,1
87910111,Jang B,2
31708174,Olsson V,1
93219087,Lopez H,1
93219087,Rodriguez H,2
93219087,Perez B,3
93219087,Martinez HR,4
93219087,Lopez F,5
93219087,Xu HN,6
93219087,Diaz P,7
93219087,Ruiz S,8
21286728,Lewis E,1
21286728,Harris R,2
21286728,Lewis YG,3
97722939,Lopez H,1
97722939,Ruiz VK,2
97722939,Gonzalez PH,3
97722939,Diaz G,4
92688552,White D,1
92688552,Thomas PL,2
92688552,Lewis P,3
92688552,Walker T,4
92688552,Baker TH,5
92688552,Young CM,6
92688552,Fischer NK,7
92688552,Allen RM,8
34252307,Simon D,1
34252307,Mercier DE,2
34252307,Simon N,3
91939965,Santos S,1
91939965,Nascimento YK,2
91939965,Lima A,3
91939965,Silva J,4
91939965,Pereira S,5
74248719,Kobayashi M,1
74248719,Lee FR,2
74248719,Sahin T,3
74248719,Tanaka D,4
74248719,Kobayashi MC,5
74248719,Kobayashi B,6
74248719,Yoshida P,7
64626188,Weber HN,1
64626188,Huang EA,2
64626188,Gerber EH,3
64626188,Keller H,4
64626188,Schmid RN,5
64626188,Schmid KJ,6
64626188,Huber KK,7
64626188,Meier S,8
34688199,Harris LY,1
34688199,Moore N,2
34688199,Clark PY,3
34688199,Davis BK,4
34688199,Thomas MT,5
20373599,Wilson R,1
20373599,Wilson P,2
20373599,Anderson RY,3
42580095,Smit D,1
42580095,Meijer D,2
42580095,Jansen LE,3
42580095,Bakker A,4
87542165,Bertrand RR,1
87542165,Garcia D,2
87542165,Michel F,3
87542165,Simon F,4
11861252,Richter L,1
11861252,Klein N,2
11861252,Richter G,3
11861252,Meyer E,4
11861252,Richter D,5
11861252,Fischer R,6
11861252,Klein M,7
11861252,Weber Y,8
96402061,Fischer B,1
96402061,Fischer NF,2
26550517,Fournier A,1
26550517,David YT,2
26550517,Simon N,3
16314111,Anderson M,1
16314111,Johnson S,2
16314111,White P,3
16314111,Smith R,4
47142771,Kim A,1
47142771,Cho H,2
47142771,Jung FV,3
47142771,Jang B,4
81794497,Celik G,1
81794497,Yildiz R,2
81794497,Colombo L,3
81794497,Yilmaz RD,4
81794497,Kaya K,5
25549389,Miller E,1
25549389,Mueller YJ,2
25549389,Miller A,3
25549389,Davis H,4
65903344,Thomas E,1
65903344,Brown B,2
65903344,Lewis HY,3
65903344,Davis B,4
60878832,Lima K,1
60878832,Santos RM,2
60878832,Almeida L,3
60878832,Pereira LV,4
74249787,Wang T,1
74249787,Aydin AS,2
74249787,Yilmaz NL,3
74249787,Aydin HJ,4
74249787,Ozturk H,5
49158180,Fortin DN,1
49158180,Lavoie AS,2
49158180,MacDonald P,3
49158180,MacDonald R,4
24316055,Souza T,1
24316055,Souza B,2
24316055,Almeida N,3
24316055,Rodrigues MH,4
24316055,Oliveira J,5
24316055,Oliveira EV,6
24316055,Lima KK,7
24316055,Santos Y,8
24316055,Lima A,9
24316055,Rodrigues KY,10
24316055,Oliveira N,11
24316055,Costa L,12
77026867,Karimi D,1
77026867,Rezaei P,2
77026867,Moradi T,3
77026867,Ahmadi D,4
77026867,Moradi F,5
77026867,Hosseini S,6
77026867,Jafari A,7
94903407,Ryan ND,1
94903407,Bruno N,2
94903407,Greco D,3
94903407,Colombo LR,4
94903407,Colombo PC,5
94903407,Rossi H,6
43153644,Diaz V,1
43153644,Gomez D,2
43153644,Martinez K,3
43153644,Ruiz F,4
43153644,Diaz C,5
35896788,David YT,1
35896788,Bertrand TD,2
35896788,Mercier DE,3
35896788,Simon N,4
30254189,Walker BT,1
30254189,Persson E,2
30254189,Johnson M,3
30254189,Davis EK,4
83046894,Iyer GF,1
83046894,Gupta YF,2
83046894,Nair G,3
83046894,Nair A,4
83046894,Joshi H,5
83046894,Patel J,6
83046894,Sharma T,7
48990072,Brown Y,1
48990072,Thomas HR,2
48990072,Moore Y,3
48990072,Harris NM,4
79761292,Blanc E,1
79761292,Bonnet T,2
79761292,Moreau CV,3
79761292,Simon H,4
79761292,Bertrand V,5
79761292,Vincent G,6
79761292,Kang B,7
79761292,Blanc T,8
89366129,David F,1
89366129,Bonnet R,2
89366129,Blanc L,3
89366129,Roux T,4
89366129,Scott P,5
89366129,Vincent C,6
89366129,Bernard FF,7
94837703,Roy J,1
94837703,Edwards C,2
94837703,Lavoie M,3
94837703,Morin HH,4
94837703,Campbell P,5
94837703,Campbell V,6
94837703,Morin G,7
37343186,MacDonald A,1
37343186,Campbell V,2
37343186,Gagne VE,3
37343186,MacDonald P,4
37343186,Cote Y,5
37343186,Bouchard PC,6
10915298,He MB,1
10915298,Zhao GH,2
10915298,Wu VS,3
10915298,Guo NH,4
95305498,Willems S,1
95305498,Jacobs V,2
95305498,Maes PB,3
95305498,Janssens LD,4
95305498,Willems MK,5
41623784,Tremblay E,1
41623784,Tremblay D,2
41623784,Cote N,3
41623784,Lavoie AS,4
41623784,Cote M,5
62160099,Thomas PL,1
62160099,Johnson SR,2
62160099,Miller ER,3
62160099,Harris R,4
51875969,White G,1
51875969,Wilson HA,2
51875969,Lewis YG,3
68849462,Jang BD,1
68849462,Park N,2
68849462,Yoon F,3
68849462,Kang LT,4
68849462,Han PS,5
52181092,Yildiz BJ,1
52181092,Yilmaz S,2
75661268,Wu EA,1
75661268,He MB,2
75661268,Liu P,3
75661268,He H,4
75661268,Chen V,5
75661268,Huang EA,6
75661268,Guo NH,7
36341234,Lavoie F,1
36341234,Yang PR,2
36341234,Moradi E,3
36341234,Gagne JD,4
36341234,Gagnon AL,5
36341234,Roy N,6
36341234,Mercier MK,7
36341234,Fortin DN,8
36341234,MacDonald B,9
36341234,MacDonald R,10
24844843,Li LY,1
24844843,Ma N,2
24844843,Wang YC,3
24844843,Lewis FR,4
24844843,Liu AB,5
24844843,Guo E,6
11744952,Johnson SR,1
11744952,Allen D,2
11744952,White VJ,3
11744952,Moore L,4
11744952,Brown V,5
11744952,Young B,6
11744952,Young FG,7
11744952,Harris R,8
55199000,Wood JP,1
55199000,Jones V,2
55199000,Hall F,3
55199000,Ward K,4
55199000,Hughes N,5
65475174,Hoffmann C,1
65475174,Richter AH,2
65475174,Klein N,3
65475174,Schulz G,4
65475174,Meyer YF,5
65475174,Wolf VC,6
65475174,Mueller YJ,7
82014029,Yoshida SB,1
82014029,Tanaka L,2
82014029,Yoshida H,3
82014029,Yamamoto KP,4
82014029,Yamada L,5
82014029,Sato P,6
64093114,Gerber EH,1
64093114,Steiner C,2
64093114,Meier MT,3
64093114,Keller P,4
64093114,Gerber AB,5
64093114,Gerber M,6
64093114,Steiner M,7
64093114,Zhu R,8
64093114,Weber LK,9
64093114,Gerber CP,10
48978614,Weber M,1
48978614,Lewis B,2
48978614,Taylor A,3
48978614,Smith S,4
48978614,Moore CJ,5
48978614,Allen J,6
48978614,Baker EK,7
48978614,Taylor PP,8
48978614,Smith BE,9
48978614,White G,10
48978614,Miller H,11
48978614,Lewis YG,12
47012485,White G,1
47012485,Bruno K,2
47012485,Moore CJ,3
47012485,Taylor A,4
47012485,Lewis YG,5
11736844,Harris S,1
11736844,Young F,2
11736844,Miller E,3
11736844,Brown MR,4
11736844,Taylor PM,5
11736844,Harris CE,6
11736844,Davis H,7
38857556,Johnson V,1
38857556,Anderson RY,2
81437829,Marino A,1
81437829,Ferrari L,2
81437829,Ricci K,3
81437829,Ricci TK,4
81437829,Jafari YP,5
81437829,Marino B,6
81437829,Ferrari N,7
59343965,Kowalczyk LT,1
59343965,Lewandowski Y,2
59343965,Zielinski GN,3
59343965,Bonnet T,4
59343965,Kowalski TV,5
59343965,Weber L,6
59343965,Wisniewski BE,7
59343965,Nowak J,8
58539283,Olsson T,1
58539283,Nilsson A,2
58539283,Takahashi SH,3
58539283,Michel G,4
58539283,Olsson V,5
76064864,Yildiz TG,1
76064864,Yildiz F,2
76064864,Kaya K,3
30512874,Ricci T,1
30512874,Rossi A,2
30512874,Russo DN,3
77278464,Jung H,1
77278464,Yoon H,2
77278464,Yoon BK,3
77278464,Choi E,4
77278464,Yoon S,5
77278464,Kim A,6
77278464,Kim V,7
77278464,Jang BD,8
77278464,Yoon Y,9
77278464,Han PS,10
35596023,Johnson L,1
35596023,Moore H,2
35596023,Miller V,3
35596023,Walker G,4
35596023,Wilson V,5
43933927,Zhang VY,1
43933927,Yang G,2
43933927,Peeters YC,3
43933927,Hu F,4
43933927,Lin V,5
43933927,Visser AL,6
43933927,Sun B,7
69479850,Aydin EF,1
69479850,Aydin PS,2
69479850,Ozturk H,3
69479850,Aydin F,4
69479850,Yilmaz S,5
72020791,Claes N,1
72020791,Jacobs NR,2
72020791,Goossens B,3
72020791,Jacobs T,4
45408808,van den Berg CJ,1
45408808,Hughes J,2
45408808,Green B,3
38051783,Ozturk L,1
38051783,Robinson LC,2
38051783,Ryan N,3
38051783,Mitchell P,4
38051783,Mitchell S,5
38051783,Lee P,6
59130404,Morin HH,1
59130404,Cote M,2
59715555,Lewis S,1
59715555,Anderson VF,2
59715555,Wilson P,3
59715555,White CG,4
80399899,Janssens R,1
80399899,Peeters K,2
80399899,Peeters M,3
80399899,Maes HT,4
80399899,Mertens FV,5
80399899,Maes T,6
80399899,Peeters BF,7
56527841,Wojcik FG,1
56527841,Kowalczyk LT,2
56527841,Kowalczyk H,3
56527841,Kowalski TV,4
56527841,Kowalczyk T,5
56527841,Nowak J,6
58459358,Russo A,1
58459358,Ricci C,2
58459358,Esposito V,3
58459358,Gallo E,4
58459358,Ferrari H,5
83811510,Kato GC,1
83811510,Watanabe Y,2
83811510,Tanaka G,3
83811510,Ito DV,4
55797648,Klein S,1
55797648,Wagner L,2
55797648,Schulz KT,3
55797648,Fischer H,4
87699294,Morris DP,1
87699294,Hall BT,2
87699294,Hughes HJ,3
97634057,Jafari N,1
97634057,King TE,2
97634057,Karlsson V,3
97634057,King N,4
97634057,Lee P,5
66005426,Bertrand M,1
66005426,Martin D,2
66005426,Simon F,3
66005426,Simon T,4
66005426,Garcia G,5
66005426,Michel KD,6
94873177,Fernandez N,1
94873177,Moreno YM,2
71097324,Eriksson HJ,1
71097324,Eriksson T,2
71097324,Karlsson V,3
71097324,Johansson P,4
18362532,Miller J,1
18362532,White J,2
18362532,Gupta F,3
18362532,Clark LB,4
18362532,Harris DD,5
69102422,Ferrari YL,1
69102422,Rossi KA,2
69102422,Wu VT,3
69102422,Bianchi C,4
69102422,Russo RS,5
69102422,Ricci RP,6
65558250,Yoshida SB,1
65558250,de Jong Y,2
65558250,Sato S,3
65558250,Yamada L,4
65558250,Tanaka TE,5
65558250,Sato P,6
29429502,Zhu B,1
29429502,Hu V,2
29429502,Yang V,3
29429502,Ma ET,4
38433823,Goossens TD,1
38433823,Scott Y,2
38433823,Taylor Y,3
38433823,Smith KV,4
38433823,Young CM,5
38433823,Young J,6
38433823,Allen D,7
52883620,Rodriguez TB,1
52883620,Alvarez L,2
52883620,Martinez R,3
52883620,Sanchez S,4
52883620,Gonzalez PH,5
52883620,Lopez H,6
52883620,Gonzalez FL,7
52883620,Diaz G,8
91313378,Davis H,1
92022919,Reddy H,1
92022919,Davis R,2
92022919,Brown YE,3
92022919,Davis B,4
24072515,Lavoie P,1
24072515,MacDonald Y,2
24072515,Morin A,3
24072515,Gagnon G,4
24072515,Fortin DN,5
24072515,Morin G,6
24072515,Tremblay D,7
67246904,Smith L,1
67246904,Klein BV,2
67246904,Patel B,3
67246904,Allen D,4
47153454,Edwards PH,1
47153454,Evans S,2
47153454,Hughes J,3
47153454,Turner GN,4
47153454,Roberts F,5
47153454,Green B,6
56875253,Allen N,1
56875253,Brown YE,2
56875253,Lewis B,3
56875253,Jackson T,4
56875253,Taylor G,5
56875253,Taylor SB,6
56875253,Taylor J,7
56875253,Lewis FM,8
15152478,Weber LK,1
15152478,Gerber Y,2
15152478,Schmid F,3
15152478,Gerber CP,4
14636458,Garcia E,1
14636458,Rezaei C,2
14636458,Girard YH,3
14636458,Suzuki VJ,4
14636458,Martin L,5
14636458,Fournier R,6
81110533,Davis EK,1
12510390,Larsson AF,1
12510390,Suzuki D,2
12510390,Suzuki B,3
12510390,Nakamura P,4
12510390,Sato B,5
37132081,Turner F,1
37132081,Turner GN,2
37132081,Cooper N,3
61491661,Mercier S,1
61491661,David H,2
61491661,Mercier A,3
61491661,Durand V,4
61491661,Laurent LD,5
61491661,Blanc N,6
61491661,Lefebvre DJ,7
39230216,Yoshida SB,1
39230216,Watanabe Y,2
39230216,Sato P,3
25856340,Karlsson P,1
25856340,Larsson TP,2
25856340,Wolf F,3
25856340,Olsson P,4
25856340,Larsson FF,5
25856340,Olsson S,6
82000917,Johnson SR,1
82000917,Moore H,2
82000917,Harris R,3
53551075,Young TA,1
53551075,Scott PS,2
53551075,Clark HC,3
53551075,Lewis NL,4
53551075,Allen D,5
12797342,Johnson DP,1
64118117,Marino A,1
64118117,Greco YY,2
64118117,Rossi B,3
64118117,Ferrari N,4
54642051,Martinez JH,1
54642051,Ruiz S,2
54206924,Fortin TD,1
54206924,Bouchard PN,2
54206924,Fortin R,3
54206924,Bouchard PC,4
47457164,Weber M,1
47457164,Meyer H,2
47457164,Wagner VY,3
91558738,Han PD,1
91558738,Han PS,2
42404087,Allen J,1
42404087,Smith S,2
42404087,Miller H,3
42404087,White J,4
42404087,Taylor A,5
42404087,Lewis YG,6
21179171,Joshi H,1
21179171,Rao P,2
21179171,Fischer B,3
21179171,Patel J,4
21179171,Kumar DP,5
21179171,Singh TK,6
21179171,Sharma T,7
63955858,Walker T,1
63955858,Brown GJ,2
63955858,Allen RM,3
10257583,Hu NG,1
10257583,Demir KT,2
10257583,Aydin A,3
10257583,Sahin N,4
10257583,Yilmaz LG,5
10257583,Ozturk H,6
10257583,Yildiz H,7
10257583,Yildiz F,8
10257583,Keller ER,9
10257583,Sahin A,10
10257583,Aydin H,11
10257583,Kaya K,12
18957632,Yoshida FK,1
18957632,Suzuki K,2
18957632,Takahashi E,3
18957632,Ito GB,4
18957632,Sato S,5
18957632,Yamamoto DJ,6
18957632,Sato ME,7
14463679,Scott R,1
14463679,Scott Y,2
14463679,Walker RR,3
14463679,Smith D,4
14463679,Young J,5
14463679,Allen D,6
30885811,Nair LK,1
30885811,Sharma FL,2
30885811,Singh N,3
30885811,Gupta M,4
86753338,Huang CA,1
86753338,Huang S,2
86753338,Ma ET,3
86753338,Wang B,4
86753338,Wang F,5
86753338,Li R,6
86753338,Lin R,7
86753338,Li VM,8
86753338,Yang JK,9
86753338,Wu S,10
13003550,Esposito PT,1
13003550,Gallo R,2
13003550,Rossi C,3
13003550,Romano L,4
13003550,Bruno BK,5
13003550,Esposito TS,6
13003550,Esposito J,7
19262570,Petit H,1
19262570,Durand YT,2
19262570,Bernard DL,3
48807715,Yoshida J,1
48807715,Esposito P,2
48807715,Pereira S,3
99696964,Rezaei P,1
99696964,Hosseini S,2
99696964,Han CL,3
99696964,Rezaei D,4
99696964,Jafari A,5
65981271,Young PA,1
65981271,Lewis P,2
65981271,Lewis C,3
65981271,Wright M,4
65981271,Young YA,5
65981271,Allen LL,6
65981271,Scott KM,7
65981271,Walker TB,8
50175204,Clark K,1
50175204,Brown TL,2
50175204,White CG,3
20548713,Zhu D,1
20548713,Chen PE,2
48706659,Karlsson KM,1
48706659,Andersson E,2
48706659,Olsson S,3
66997991,Wang M,1
66997991,Li RR,2
66997991,Liu AA,3
66997991,Zhou F,4
66997991,Wu S,5
66997991,Liu N,6
66997991,Zhang VY,7
66997991,He M,8
66997991,Chen N,9
66997991,Hu HM,10
31830486,Sharma PK,1
31830486,Singh K,2
31830486,Gupta M,3
40978332,Patel B,1
40978332,Scott RH,2
40978332,Davis EK,3
31469623,Richter S,1
31469623,Mueller L,2
31469623,Richter AB,3
28906868,Baker PB,1
28906868,Smith H,2
28906868,Brown Y,3
28906868,Jackson TC,4
28906868,Harris NM,5
44302392,Campbell V,1
44302392,Roy P,2
44302392,Lavoie M,3
44302392,Morin G,4
72518223,Nakamura M,1
72518223,Tanaka V,2
72518223,Suzuki T,3
72518223,Takahashi SH,4
92790925,Roy P,1
92790925,Roy JR,2
92790925,MacDonald M,3
92790925,Lavoie H,4
92790925,Lavoie AS,5
92790925,Cote M,6
21063939,Brown Y,1
21063939,Baker PB,2
21063939,Lewis V,3
21063939,Jackson B,4
21063939,Anderson KB,5
21063939,Davis NR,6
21063939,Allen D,7
21063939,Harris NM,8
22684437,Gerber J,1
22684437,Gerber M,2
22684437,Keller P,3
22684437,Keller S,4
22684437,Weber LK,5
22684437,Esposito J,6
22684437,Gerber CP,7
28269468,Allen HT,1
28269468,Anderson S,2
28269468,Taylor KK,3
28269468,Walker F,4
28269468,Wilson Y,5
28269468,Baker AB,6
28269468,Brown T,7
28269468,Jackson H,8
28269468,Thomas PL,9
28269468,Scott P,10
18699295,Green R,1
18699295,Cooper T,2
18699295,Cooper N,3
18699295,Wood E,4
18699295,Williams VN,5
18699295,Turner Y,6
19851978,Richter B,1
19851978,Wagner G,2
19851978,Wolf F,3
19851978,Becker S,4
19851978,Schulz GR,5
19851978,Schneider A,6
19851978,Becker PJ,7
19851978,Schulz F,8
19851978,Koch P,9
19851978,Koch NG,10
25542627,Sharma A,1
25542627,Kumar D,2
25542627,Patel B,3
76812207,Ma F,1
76812207,Xu VT,2
76812207,Wu VT,3
76812207,He VG,4
76812207,Hu T,5
87622948,Smith L,1
87622948,Scott Y,2
87622948,Davis EK,3
87622948,Allen A,4
87622948,Clark HC,5
87622948,Scott PS,6
87622948,Allen D,7
81419134,Souza S,1
81419134,Lima P,2
81419134,Silva DA,3
81419134,Almeida HD,4
81419134,Pereira LV,5
42046386,Scott Y,1
42046386,Anderson R,2
42046386,Fischer P,3
42046386,Taylor H,4
42046386,Moore L,5
42046386,Allen KN,6
42046386,Clark DG,7
42046386,Allen D,8
28164814,Silva YE,1
28164814,Souza T,2
28164814,Lima KK,3
28164814,Pereira LV,4
13710233,Martinez R,1
13710233,Rodriguez H,2
13710233,Diaz P,3
13710233,Lopez F,4
13710233,Ruiz S,5
15821473,Moore L,1
15821473,Allen D,2
28704775,Garcia G,1
28704775,Fournier F,2
28704775,Bonnet T,3
28704775,Bonnet A,4
28704775,Petit D,5
10903798,Oliveira SD,1
10903798,Silva PS,2
10903798,Costa AB,3
10903798,Costa GL,4
10903798,Pereira LV,5
86307997,Lima D,1
86307997,Nair T,2
86307997,Patel Y,3
86307997,Rao Y,4
86307997,Gupta EY,5
86307997,Gupta JA,6
86307997,Joshi V,7
86307997,Patel B,8
28279065,Mohammadi CE,1
28279065,Lima B,2
28279065,Leroy G,3
28279065,Garcia S,4
28279065,Bernard FF,5
55379270,Kaminski R,1
55379270,Rossi C,2
55379270,Schmidt KA,3
55379270,Jung JV,4
55379270,Kowalski FR,5
80700176,Schmid R,1
80700176,Jafari V,2
80700176,Keller E,3
80700176,Gerber CP,4
80700176,Weber SC,5
80700176,Huber Y,6
80700176,Schmid AS,7
80700176,Steiner NA,8
80700176,Huber KK,9
80700176,Gerber V,10
36222833,Girard H,1
36222833,Mercier P,2
36222833,Petit P,3
36222833,Simon NJ,4
21148316,Davis B,1
21148316,Lewis C,2
21148316,Gallo R,3
21148316,Anderson P,4
21148316,Baker TM,5
21148316,Walker TB,6
37666490,Huang L,1
37666490,Lin R,2
37666490,Ma NK,3
37666490,Zhang P,4
37666490,Wang F,5
37666490,Huang CA,6
37666490,Wu S,7
27929047,Fernandez J,1
27929047,Moreno F,2
27929047,Rodriguez H,3
27929047,Zielinski RV,4
27929047,Lopez E,5
27929047,Diaz P,6
27929047,Perez M,7
27929047,Alvarez F,8
27929047,Martinez JH,9
27929047,Ruiz S,10
23196681,Rodrigues J,1
23196681,Oliveira SD,2
23196681,Almeida L,3
23196681,Pereira B,4
23196681,Pereira LV,5
85722316,Johnson J,1
85722316,Thomas P,2
85722316,Baker P,3
85722316,Allen J,4
85722316,Wright S,5
85722316,Taylor MY,6
19553307,Gagnon G,1
19553307,Morin J,2
19553307,Cote B,3
19553307,Fortin D,4
19553307,Lavoie F,5
19553307,Tremblay D,6
22761948,Costa VN,1
22761948,Costa J,2
22761948,Nascimento BT,3
87354206,Williams VN,1
87354206,Roberts V,2
87354206,Edwards J,3
87354206,Morris TG,4
87354206,Turner G,5
87354206,Wood RD,6
87354206,Mertens FE,7
87354206,Evans P,8
87354206,Green L,9
87354206,Turner Y,10
95261508,Wang DY,1
95261508,He S,2
95261508,Zhang G,3
95261508,Zhao A,4
95261508,Zhou H,5
95261508,Xu H,6
95261508,Hoffmann D,7
95261508,Yang J,8
56328551,Hoffmann V,1
56328551,Wagner L,2
56328551,Schulz DM,3
56328551,Koch H,4
56328551,Mueller H,5
56328551,Mueller F,6
56328551,Wagner F,7
56328551,Koch EC,8
56328551,Fischer B,9
56328551,Fischer H,10
48625948,Smit KK,1
48625948,Jansen Y,2
48625948,de Vries R,3
48625948,de Jong B,4
36336473,Jang P,1
36336473,Schulz B,2
36336473,Schneider A,3
36336473,Hoffmann C,4
36336473,Mueller YJ,5
62965042,Maes VH,1
62965042,Claes N,2
62965042,Janssens J,3
62965042,Claes CV,4
62965042,Maes SS,5
62965042,Jacobs N,6
62965042,Janssens T,7
62965042,Jansen Y,8
62965042,Mertens Y,9
62965042,Jacobs T,10
70610268,Goossens FB,1
70610268,Peeters H,2
70610268,Mertens NH,3
59543900,Hosseini LD,1
59543900,Karimi M,2
59543900,Moradi YH,3
59543900,Jafari A,4
79103847,Roberts E,1
79103847,Evans TL,2
79103847,Hall DE,3
79103847,Cooper N,4
64786403,Chen L,1
64786403,Hu F,2
64786403,Wu LC,3
64786403,Wang C,4
64786403,Sun B,5
57967595,Gomez C,1
57967595,Gomez YN,2
57967595,Lopez JE,3
57967595,Rodriguez A,4
57967595,Sanchez C,5
57967595,Greco G,6
57967595,Martinez G,7
15560808,Pereira LF,1
15560808,Rao DH,2
15560808,Taylor LT,3
15560808,Davis R,4
15560808,Taylor A,5
15560808,White S,6
15560808,Thomas TS,7
15560808,White NE,8
15560808,Taylor L,9
15560808,Davis B,10
74874212,Leroy SH,1
74874212,Bertrand ER,2
74874212,Lefebvre KV,3
74874212,Durand R,4
74874212,Laurent TF,5
32326252,Fournier R,1
32326252,Martin V,2
32326252,Garcia T,3
32326252,Simon N,4
74379332,Takahashi HP,1
74379332,Yamamoto MB,2
74379332,Takahashi E,3
74379332,Yamada R,4
74379332,Kobayashi MC,5
74379332,Yamada V,6
74379332,Kobayashi B,7
74379332,Yoshida P,8
22651869,Nakamura H,1
22651869,Nakamura P,2
22651869,Sato DK,3
22651869,Nakamura HS,4
22651869,Tanaka PT,5
22651869,Kobayashi A,6
22651869,Ito P,7
38373107,Rao Y,1
38373107,Iyer GF,2
38373107,Sharma DJ,3
38373107,Singh R,4
38373107,Patel C,5
38373107,Nair T,6
38373107,Nair LK,7
38373107,Reddy PF,8
38373107,Yamada VH,9
38373107,Patel B,10
89054831,Green B,1
24902592,Tremblay SP,1
24902592,Fortin DN,2
24902592,Rossi B,3
24902592,Roy N,4
24902592,Tremblay N,5
24902592,Gagnon AL,6
24902592,Lavoie M,7
24902592,MacDonald R,8
48490115,Weber E,1
48490115,Taylor PM,2
48490115,Walker E,3
48490115,Harris CE,4
48490115,Davis H,5
65356678,Sanchez T,1
65356678,Rodriguez A,2
65356678,Gonzalez PH,3
65356678,Diaz G,4
11957260,Durand DD,1
11957260,Mercier J,2
11957260,Garcia D,3
11957260,Laurent V,4
11957260,Garcia SS,5
11957260,Simon N,6
11957260,Leroy A,7
11957260,Vincent C,8
11957260,Lefebvre M,9
11957260,Durand A,10
39528219,Jacobs T,1
32187495,Jones GG,1
32187495,Edwards TE,2
32187495,Hughes N,3
95708762,Hughes N,1
95708762,Russo JE,2
95708762,Hughes K,3
95708762,Williams JP,4
95708762,Wood N,5
95708762,Jones GG,6
95708762,Hill C,7
15906210,Rao Y,1
15906210,Kumar D,2
15906210,Patel B,3
26507204,Hill J,1
26507204,Ward G,2
26507204,Edwards TE,3
26507204,Joshi SP,4
26507204,Wood JP,5
26507204,Wood DM,6
26507204,Edwards S,7
26507204,Wood T,8
26507204,Turner D,9
26507204,Hughes N,10
73179525,Johnson JS,1
73179525,Walker C,2
73179525,Young M,3
73179525,Miller T,4
73179525,Moore F,5
73179525,Davis M,6
13253185,Walker A,1
13253185,Davis H,2
33154375,Bouchard PC,1
33154375,Gagne Y,2
33154375,Campbell EJ,3
33154375,Morin HH,4
81033982,David F,1
81033982,Roux T,2
81033982,Fournier R,3
81033982,Simon V,4
81033982,Petit JG,5
81033982,Fournier DH,6
81033982,MacDonald P,7
81033982,Bernard FF,8
51129370,Fournier CJ,1
51129370,Garcia EH,2
51129370,Michel E,3
51129370,Lefebvre KV,4
51129370,Steiner T,5
51129370,Laurent TF,6
96933659,King N,1
96933659,Ryan K,2
96933659,King F,3
96933659,Ryan G,4
96933659,Thompson E,5
96933659,Ryan A,6
96933659,Thompson P,7
96933659,O'Brien Y,8
89396962,Jang YE,1
83733385,Vincent GT,1
83733385,Bertrand TD,2
83733385,Simon D,3
83733385,Moreau VB,4
83733385,Nair Y,5
83733385,Roux T,6
83733385,Simon N,7
34802917,Romano G,1
34802917,Ferrari C,2
34802917,Ricci R,3
34802917,Wojcik S,4
34802917,Marino GD,5
34802917,Colombo LR,6
34802917,Bianchi NB,7
36766011,Diaz P,1
36766011,Diaz V,2
36766011,Alvarez S,3
36766011,Ruiz S,4
93284737,Santos E,1
93284737,Rodrigues V,2
93284737,Lima D,3
93284737,Oliveira H,4
93284737,Nascimento JT,5
93284737,Silva TY,6
25752846,Schneider PL,1
25752846,Wagner L,2
25752846,Schneider SV,3
25752846,Martinez G,4
25752846,Klein K,5
25752846,Meyer K,6
25752846,Meyer YF,7
25752846,Fischer H,8
67120043,Ruiz S,1
67120043,Ruiz V,2
67120043,de Vries R,3
67120043,Diaz B,4
67120043,Martinez G,5
98798785,Ahmadi PM,1
98798785,Rezaei P,2
98798785,Karimi P,3
98798785,Ahmadi L,4
98798785,de Jong K,5
98798785,Colombo L,6
98798785,Moradi BH,7
98798785,Rezaei DE,8
98798785,Rahimi AT,9
98798785,Jafari A,10
98798785,Karimi FE,11
98798785,Mohammadi G,12
97678461,David S,1
97678461,Blanc H,2
97678461,Roux T,3
97678461,Blanc KL,4
97678461,Garcia B,5
97678461,Bernard FF,6
98746076,Rezaei H,1
98746076,Mohammadi G,2
67578166,Yilmaz JT,1
67578166,Kaya PB,2
67578166,Demir M,3
67578166,Sahin GY,4
67578166,Sahin FB,5
41352859,Yilmaz L,1
41352859,Ozturk CB,2
41352859,Aydin V,3
41352859,Sahin FB,4
69371346,Fernandez D,1
69371346,Alvarez B,2
69371346,Sanchez T,3
69371346,Gonzalez A,4
69371346,Lopez RC,5
69371346,Ruiz FL,6
92156491,Takahashi D,1
92156491,Suzuki L,2
92156491,Takahashi SH,3
27009967,Becker H,1
27009967,Fischer T,2
27009967,Becker BN,3
27009967,Bos GK,4
27009967,Koch EF,5
27009967,Mueller M,6
27009967,Wolf YG,7
27009967,Richter M,8
27009967,Wolf J,9
27009967,Schmidt JA,10
40793657,Bianchi SG,1
40793657,Bruno SJ,2
40793657,Bruno K,3
40793657,Russo P,4
40793657,Ricci T,5
40793657,Colombo L,6
88175271,Huber KK,1
88175271,Petit NK,2
88175271,Durand H,3
88175271,Simon N,4
54693942,Esposito H,1
54693942,Greco ES,2
54693942,Esposito Y,3
54693942,Esposito PT,4
54693942,Esposito J,5
68956817,de Vries L,1
68956817,Mulder SP,2
68956817,Smit D,3
10982437,Ruiz F,1
10982437,Martinez K,2
10982437,Diaz C,3
24398403,Gagnon G,1
24398403,Cote B,2
24398403,Tremblay D,3
40593814,Guo R,1
40593814,Wu VT,2
40593814,Guo P,3
40593814,Xu TH,4
40593814,Li D,5
40593814,Wang MR,6
40593814,Ma F,7
40593814,Hu T,8
28821707,Claes N,1
28821707,Goossens FB,2
28821707,Jacobs T,3
54739596,Nascimento YK,1
54739596,Silva EL,2
54739596,Lima KK,3
54739596,Huber N,4
54739596,Oliveira HK,5
54739596,Rodrigues J,6
14898860,Blanc H,1
14898860,Lopez JE,2
14898860,Bonnet J,3
14898860,Wood F,4
14898860,Lewis FR,5
14898860,Laurent TF,6
33698389,Walsh L,1
33698389,Walsh H,2
33698389,Lee V,3
10426621,Fortin B,1
10426621,Morin L,2
10426621,Roy YD,3
10426621,Baker PB,4
10426621,Gagnon YK,5
10426621,MacDonald T,6
10426621,Morin HH,7
90050573,Kato JK,1
90050573,Tanaka S,2
90050573,Tanaka G,3
90050573,Watanabe G,4
90050573,Nakamura HS,5
90050573,Ito DV,6
23139269,Wilson P,1
23139269,Anderson RY,2
98988289,Colombo RH,1
98988289,Russo MJ,2
98988289,Colombo H,3
98988289,Colombo FP,4
98988289,Rossi H,5
98988289,Bianchi NB,6
90668361,Fischer N,1
90668361,Koch M,2
90668361,Schmidt JA,3
78697912,Karimi P,1
78697912,Ahmadi J,2
78697912,Mohammadi P,3
78697912,Jafari A,4
49666304,Gerber AK,1
49666304,Meier DN,2
49666304,Gerber T,3
49666304,Keller P,4
49666304,Steiner K,5
49666304,Gerber CP,6
12041299,Singh D,1
12041299,Visser T,2
12041299,van den Berg L,3
12041299,Gupta EY,4
41199459,Yamada DP,1
41199459,Yamamoto T,2
41199459,Yamada AP,3
41199459,Nakamura HS,4
41199459,Ito P,5
45932261,Davis M,1
45932261,Baker Y,2
45932261,Johnson N,3
45932261,Harris NM,4
27413570,Rossi VC,1
27413570,Ricci PV,2
27413570,Romano CB,3
27413570,Bruno BK,4
27413570,Romano H,5
27413570,Greco ES,6
27413570,Esposito J,7
34709468,Claes G,1
34709468,Maes K,2
34709468,Janssens E,3
34709468,Mertens FV,4
34709468,Mertens E,5
34709468,Maes A,6
34709468,Claes NC,7
34709468,Mertens NH,8
23072244,Almeida C,1
23072244,Costa M,2
23072244,Pereira Y,3
23072244,Almeida DS,4
23072244,Rodrigues J,5
38928313,Silva N,1
38928313,Santos S,2
38928313,Lima A,3
38928313,Pereira S,4
47279924,Gomez D,1
47279924,Smith R,2
47279924,Martinez E,3
47279924,Diaz C,4
71121090,Romano R,1
71121090,Ricci TK,2
71121090,Colombo M,3
71121090,Marino R,4
71121090,Russo DN,5
65372033,King TE,1
65372033,Kelly N,2
65372033,Thompson VP,3
65372033,Lee P,4
24865513,Becker TK,1
24865513,Becker T,2
24865513,Fischer FK,3
24865513,Koch N,4
24865513,Weber V,5
24865513,Schneider PL,6
52369594,Smith R,1
52369594,Scott Y,2
52369594,Miller F,3
52369594,Allen D,4
62218557,Meyer Y,1
62218557,Wolf D,2
62218557,Fischer NF,3
47971491,de Boer PN,1
47971491,Johansson TR,2
47971491,Bakker FM,3
47971491,van den Berg S,4
47971491,Visser S,5
47971491,Bos GK,6
38772750,Lin BN,1
38772750,Zhao L,2
38772750,Yang E,3
38772750,Liu SF,4
38772750,He P,5
87397471,Eriksson T,1
87397471,Larsson J,2
87397471,Johansson F,3
87397471,Olsson TT,4
87397471,Larsson FF,5
87397471,Johansson C,6
87397471,Nilsson KF,7
87397471,Johansson P,8
13307013,Bouchard S,1
13307013,Walsh K,2
13307013,Fortin SV,3
13307013,Gauthier JN,4
22428076,Bernard N,1
22428076,Fournier M,2
22428076,Leroy R,3
22428076,Moreau NP,4
22428076,Martin LH,5
22428076,Laurent K,6
94250461,Lima A,1
94250461,Souza K,2
94250461,Pereira S,3
24612095,Lewis M,1
24612095,Walker YB,2
24612095,Wilson NB,3
24612095,Davis B,4
74615355,Sharma M,1
74615355,Joshi T,2
74615355,Gupta F,3
87190624,Thomas TS,1
87190624,Brown TL,2
87190624,Miller RC,3
87190624,Moore F,4
87190624,Lewis J,5
87190624,Lewis D,6
50698607,Becker TK,1
50698607,Klein N,2
50698607,Richter D,3
50698607,Schneider YH,4
50698607,Koch M,5
50698607,Richter G,6
50698607,Fischer R,7
50698607,Weber Y,8
76683377,Johnson DP,1
76683377,Jackson K,2
94711576,Taylor A,1
94711576,Smith H,2
94711576,Lewis YG,3
77718949,Mulder P,1
77718949,Jansen A,2
77718949,van Dijk T,3
77718949,Bos GK,4
50899321,Gerber DH,1
50899321,Kobayashi AA,2
50899321,Sato B,3
39951676,Richter Y,1
39951676,Klein KV,2
39951676,Hoffmann YD,3
39951676,Koch NG,4
75396721,Kaminski FT,1
75396721,Nowak HR,2
75396721,Lewandowski B,3
75396721,Zielinski T,4
75396721,Wisniewski N,5
75396721,Kaminski F,6
75396721,Lewandowski TH,7
75396721,Nowak SF,8
75396721,Kaminski AR,9
75396721,Zielinski R,10
75396721,Wojcik N,11
75396721,Wojcik T,12
21523822,Fernandez PL,1
21523822,Martinez G,2
21523822,Alvarez L,3
21523822,Sanchez PC,4
21523822,Martinez R,5
21523822,Diaz G,6
33371054,Jang AV,1
33371054,Yoon R,2
33371054,Han CP,3
33371054,Han CL,4
33371054,Ma HS,5
33371054,Park KJ,6
33371054,Kang LT,7
46222135,Meyer V,1
46222135,Wagner L,2
46222135,Schulz A,3
46222135,Hoffmann B,4
46222135,Becker V,5
46222135,Fischer H,6
45684256,Baker J,1
45684256,Allen D,2
88229479,Wood GE,1
88229479,Gupta M,2
88229479,Hall Y,3
88229479,Morris EM,4
88229479,Edwards GS,5
34694294,David YT,1
34694294,Bernard AY,2
34694294,Martin V,3
34694294,Bertrand TD,4
34694294,Michel S,5
34694294,Simon D,6
34694294,Michel G,7
34694294,Simon N,8
51755639,Cooper F,1
51755639,Turner Y,2
78565341,Gallo M,1
78565341,Celik G,2
78565341,Sahin N,3
78565341,Davis EK,4
78565341,Celik K,5
78565341,Ozturk NR,6
78565341,Ozturk H,7
78565341,Yildiz M,8
78565341,Celik FV,9
78565341,Yildiz BJ,10
78565341,Ozturk TH,11
78565341,Yilmaz S,12
21859304,Turner N,1
21859304,Williams L,2
21859304,Morris V,3
21859304,Hall DE,4
21859304,Jackson K,5
21859304,Santos F,6
21859304,Cooper N,7
38967660,Robinson LC,1
38967660,King TE,2
38967660,Lee LJ,3
38967660,Lee P,4
22156996,Allen J,1
22156996,Lewis YG,2
57541424,Peeters H,1
57541424,Mertens FE,2
57541424,Peeters M,3
57541424,Martinez G,4
57541424,Jacobs KC,5
57541424,Maes T,6
57541424,Janssens R,7
57541424,Leroy T,8
57541424,Maes AF,9
57541424,Peeters BF,10
11371069,Wilson E,1
11371069,Smith LB,2
11371069,Baker TE,3
11371069,Walker AG,4
11371069,Thomas S,5
50224743,Ruiz S,1
51907479,Mitchell S,1
51907479,King E,2
51907479,Mitchell P,3
51907479,King TE,4
51907479,King PJ,5
51907479,Lee P,6
62441571,Petit D,1
62441571,Moreau PP,2
62441571,Garcia S,3
62441571,Bernard FF,4
62449836,Alvarez M,1
62449836,Bos N,2
62449836,van Dijk F,3
62449836,de Jong JN,4
62449836,de Jong VS,5
62449836,de Vries AN,6
88543380,O'Brien SM,1
88543380,Robinson HS,2
88543380,Murphy B,3
88543380,Mitchell H,4
88543380,Lee R,5
88543380,Mitchell D,6
88543380,Walsh YD,7
88543380,King J,8
46460095,Reddy B,1
46460095,Alvarez Y,2
46460095,Wood RD,3
46460095,Edwards C,4
46460095,Olsson SR,5
46460095,Williams KD,6
46460095,Morris S,7
46460095,Wood GE,8
46460095,Jones V,9
46460095,Hoffmann Y,10
46460095,Evans YY,11
46460095,Hill T,12
99428926,Lewis C,1
99428926,Jang P,2
99428926,Brown T,3
99428926,Walker TB,4
80881209,Meier J,1
80881209,Steiner N,2
80881209,Gerber CP,3
68563416,Ferrari H,1
68563416,Gallo TE,2
68563416,Russo K,3
68563416,Rossi CC,4
68563416,Colombo A,5
68563416,Bruno N,6
68563416,Greco D,7
68563416,Rossi H,8
64765250,Liu P,1
64765250,He MB,2
64765250,Guo NH,3
29505642,White S,1
29505642,Walker RR,2
29505642,Scott KM,3
29505642,Wright M,4
29505642,Anderson P,5
29505642,Taylor AJ,6
29505642,Wright KB,7
29505642,Walker TB,8
35508110,Gagnon K,1
35508110,Fortin B,2
35508110,Weber KF,3
35508110,Gauthier JN,4
35508110,Gagnon YK,5
35508110,Gagnon L,6
35508110,Morin HH,7
83676790,Clark R,1
83676790,Lewis C,2
83676790,Brown BF,3
83676790,Walker TB,4
20968129,Huang CA,1
20968129,Yang E,2
20968129,He C,3
20968129,Wu S,4
49404831,Thomas TS,1
49404831,Baker G,2
49404831,Smith KJ,3
49404831,Davis B,4
80412922,Roberts F,1
80412922,Hall Y,2
80412922,Cooper B,3
80412922,Hughes JP,4
80412922,Roberts D,5
80412922,Cooper F,6
80412922,Hill LG,7
80412922,Jones A,8
80412922,Wood GE,9
80412922,Edwards GS,10
71368076,Hughes D,1
71368076,Evans H,2
71368076,Jones A,3
71368076,Hughes JP,4
71368076,Cooper T,5
71368076,Ward T,6
71368076,Williams L,7
71368076,Edwards GS,8
38157630,Schulz B,1
38157630,Wagner VY,2
13633486,Ahmadi JN,1
13633486,Rezaei K,2
13633486,Hosseini F,3
13633486,Moradi T,4
13633486,Karimi D,5
13633486,Jafari A,6
17794462,Tremblay J,1
17794462,Roy FY,2
17794462,Roy F,3
17794462,Roy B,4
17794462,Bouchard PC,5
98764971,Rodriguez KB,1
98764971,Sanchez S,2
98764971,Ruiz AR,3
98764971,Martinez D,4
98764971,Martinez G,5
36429148,Wolf L,1
36429148,Wolf F,2
36429148,Richter AB,3
70026661,Fournier DH,1
70026661,Lefebvre D,2
70026661,Laurent J,3
70026661,Murphy N,4
70026661,Garcia L,5
70026661,Simon NJ,6
41337015,Thomas V,1
41337015,Turner EM,2
41337015,Allen V,3
41337015,Thomas MT,4
41337015,Smith K,5
41337015,Taylor MY,6
23277546,Davis M,1
23277546,Walker T,2
23277546,Harris D,3
23277546,Young CM,4
23277546,Moradi BH,5
23277546,Allen V,6
23277546,Allen RM,7
72806440,Ricci P,1
72806440,Mueller N,2
72806440,Schulz N,3
72806440,Meyer G,4
72806440,Wagner G,5
72806440,Schulz T,6
72806440,Mueller MJ,7
82835498,Bouchard T,1
82835498,Tremblay E,2
82835498,Cote M,3
58016682,Peeters P,1
58016682,Jacobs S,2
58016682,Willems B,3
58016682,Maes M,4
58016682,Mertens GM,5
85559815,Liu AB,1
85559815,Xu P,2
85559815,Lin J,3
85559815,Guo AY,4
85559815,Lin A,5
85559815,Wang T,6
85559815,Li P,7
85559815,Zhu R,8
51870931,Mueller L,1
51870931,Schneider YH,2
51870931,Schulz JA,3
51870931,Klein S,4
51870931,Harris J,5
51870931,Schulz K,6
51870931,Koch S,7
51870931,Richter AB,8
16485193,Visser M,1
16485193,de Boer ED,2
16485193,Smit D,3
36166885,Fournier RJ,1
36166885,Sun V,2
36166885,Lefebvre KV,3
36166885,Simon NJ,4
36166885,Bernard NV,5
36166885,Bonnet J,6
36166885,Laurent TF,7
43378683,Fischer H,1
43378683,Schneider P,2
43378683,Richter H,3
43378683,Schneider V,4
43378683,Schulz T,5
43378683,Koch EC,6
43378683,Wagner C,7
43378683,Schulz MN,8
43378683,Mueller EA,9
43378683,Klein BV,10
43378683,Harris DD,11
43378683,Wolf F,12
23602408,Mueller MJ,1
23602408,Tanaka V,2
23602408,Mertens H,3
23602408,Richter R,4
23602408,Schneider V,5
23602408,Mueller EA,6
23602408,Schmidt SP,7
23602408,Wolf F,8
40806641,Wu R,1
40806641,Park YF,2
40806641,Yoon DK,3
40806641,Jung R,4
40806641,Lim S,5
40806641,Jang B,6
14738067,Campbell Y,1
14738067,Tremblay PR,2
14738067,Tremblay HC,3
14738067,Lavoie M,4
14738067,Zielinski M,5
14738067,Tremblay V,6
14738067,Morin G,7
85986929,Huber N,1
85986929,Mueller B,2
85986929,Schmid M,3
85986929,Mueller RY,4
85986929,Gerber J,5
85986929,Gerber FL,6
85986929,Gerber DH,7
48431373,Reddy A,1
48431373,Patel C,2
48431373,Kumar BB,3
48431373,Singh M,4
48431373,Rao V,5
48431373,Nair LK,6
48431373,Kowalski B,7
48431373,Gupta M,8
40698155,Yildiz TG,1
40698155,Walsh PP,2
40698155,Yilmaz RD,3
40698155,Kaya K,4
66056312,Nilsson KF,1
66056312,Johansson P,2
32594414,Silva TY,1
32594414,Baker EK,2
32594414,Johnson NH,3
32594414,Smith S,4
32594414,Lewis YG,5
74373142,Lopez F,1
74373142,Martinez SA,2
74373142,Fernandez J,3
74373142,Rodriguez JY,4
74373142,Ruiz S,5
35412623,Willems RP,1
35412623,Larsson R,2
35412623,Zielinski T,3
35412623,Wisniewski S,4
35412623,Lewandowski B,5
35412623,Kowalski LG,6
35412623,Wojcik T,7
41493167,Yamada K,1
41493167,Tanaka N,2
87309252,Green B,1
87309252,Hill S,2
87309252,Cooper B,3
87309252,Green SH,4
36673831,Davis JN,1
36673831,Harris P,2
36673831,Scott RG,3
36673831,Taylor JV,4
36673831,Taylor JF,5
36673831,Johnson P,6
36673831,Scott DA,7
36673831,Brown MR,8
69643578,Vincent MM,1
69643578,Choi FP,2
69643578,Durand PT,3
69643578,Bonnet AY,4
69643578,Simon F,5
22617919,Jackson KH,1
22617919,Harris RA,2
22617919,Young PA,3
22617919,Thomas VV,4
22617919,Wilson V,5
30578682,Meijer N,1
30578682,Visser YS,2
30578682,Jansen AH,3
30578682,Zhu R,4
30578682,van den Berg D,5
30578682,Smit D,6
48020741,Nilsson Y,1
48020741,Olsson E,2
48020741,Olsson V,3
27178673,Keller ER,1
27178673,Lima D,2
27178673,Schmid S,3
27178673,Steiner N,4
68490090,Cho HB,1
68490090,Kang LT,2
67377761,Bouchard J,1
67377761,Fortin Y,2
67377761,Lavoie V,3
67377761,Fortin TF,4
67377761,Gauthier JN,5
59857286,Davis R,1
59857286,Allen P,2
59857286,Mertens NH,3
59857286,Davis B,4
81048124,Morin D,1
81048124,Fortin TF,2
81048124,Fortin R,3
81048124,Cote KY,4
81048124,Gauthier JN,5
23251039,Rahimi NY,1
23251039,Hosseini CN,2
23251039,Rahimi ET,3
23251039,Rahimi HD,4
23251039,Rezaei KN,5
97883862,Eriksson T,1
97883862,Andersson CD,2
97883862,Olsson V,3
40406139,Sanchez C,1
40406139,Lavoie S,2
40406139,Diaz G,3
84507264,Wojcik C,1
84507264,Kowalski B,2
84507264,Kowalski TV,3
84507264,Nowak J,4
61253438,Petit D,1
61253438,Durand B,2
61253438,Petit K,3
61253438,Bertrand M,4
61253438,Bernard AY,5
82962804,de Jong VS,1
82962804,van Dijk F,2
82962804,Ruiz Y,3
82962804,de Vries AN,4
35783407,Kaminski BT,1
35783407,Kowalczyk LT,2
35783407,Wisniewski S,3
35783407,Wojcik Y,4
35783407,Nowak J,5
33735414,Smith L,1
33735414,Wilson M,2
33735414,Scott PS,3
33735414,Scott Y,4
33735414,Clark HC,5
33735414,Johnson PR,6
33735414,Allen D,7
20157157,Singh T,1
20157157,Gupta RR,2
20157157,Gupta M,3
33934649,Wood LV,1
33934649,Meier AF,2
33934649,Hill C,3
33934649,Turner S,4
33934649,Hill T,5
96700116,Rezaei K,1
96700116,Mohammadi GY,2
96700116,Karimi A,3
96700116,Karimi C,4
96700116,Campbell CV,5
96700116,Ahmadi PM,6
96700116,Hosseini L,7
96700116,Mohammadi CE,8
92937925,Hughes K,1
92937925,Green SH,2
16020248,Miller F,1
16020248,Johnson YR,2
16020248,Thomas M,3
16020248,Wilson E,4
16020248,Anderson SN,5
16020248,Thomas S,6
46790024,Wang R,1
46790024,He P,2
46790024,Zhu VK,3
46790024,He MB,4
46790024,Guo T,5
46790024,Guo KP,6
46790024,Guo NH,7
33162736,Simon VN,1
33162736,Fournier FN,2
33162736,Bernard DL,3
74328224,Larsson K,1
74328224,Larsson FF,2
74328224,Johansson P,3
53661650,Kowalski TV,1
53661650,Zielinski GN,2
53661650,Nowak K,3
53661650,Wisniewski GN,4
53661650,Nowak V,5
53661650,Nowak J,6
12191038,Simon V,1
12191038,Roux T,2
12191038,Vincent DG,3
12191038,Garcia S,4
12191038,Bernard FF,5
45958635,Karimi FE,1
45958635,Jafari FY,2
45958635,Ahmadi AP,3
45958635,Ahmadi T,4
45958635,Ahmadi S,5
45958635,Rezaei H,6
45958635,Rezaei DE,7
45958635,Mohammadi G,8
82562197,Mueller B,1
82562197,Gerber J,2
82562197,Keller P,3
82562197,Huber C,4
82562197,Weber R,5
82562197,Keller B,6
82562197,Gerber DH,7
73583114,Weber CG,1
73583114,Gerber J,2
73583114,Mueller RY,3
73583114,Meier T,4
73583114,Weber HH,5
73583114,Schmid A,6
73583114,Weber MN,7
73583114,Gerber DH,8
27909446,Goossens G,1
27909446,Ward C,2
27909446,Wood TD,3
27909446,Hill MG,4
55915573,de Vries TC,1
55915573,van Dijk F,2
55915573,Bos VB,3
55915573,de Jong VS,4
55915573,de Vries AN,5
39812177,Thompson E,1
39812177,Walsh M,2
39812177,Kelly B,3
39812177,King SN,4
39812177,O'Brien Y,5
21569001,van den Berg P,1
21569001,Bruno E,2
21569001,Ferrari H,3
21569001,Russo P,4
21569001,Russo JE,5
21569001,Russo DN,6
15905237,Wood LV,1
15905237,Moreno FK,2
49813628,Clark PY,1
49813628,Allen N,2
49813628,Harris LY,3
49813628,Thomas MT,4
70171910,Silva T,1
70171910,Pereira LV,2
70171910,Rodrigues J,3
70171910,Costa AB,4
70171910,Nascimento BT,5
71467559,White VJ,1
71467559,Johnson SR,2
71467559,Bouchard J,3
71467559,Harris R,4
17226964,Lewis P,1
17226964,White D,2
17226964,Scott J,3
17226964,Young CM,4
17226964,Scott GA,5
17226964,Allen RM,6
99796467,Huber KK,1
99796467,Meier DK,2
99796467,Gerber EH,3
99796467,Keller D,4
99796467,Meier S,5
84252456,Celik G,1
84252456,Demir C,2
84252456,Ozturk H,3
84252456,Yilmaz S,4
55588436,Johansson A,1
55588436,Larsson FF,2
55588436,Eriksson T,3
55588436,Johansson C,4
55588436,Johansson P,5
37296790,Patel PY,1
37296790,Joshi J,2
37296790,Patel JY,3
37296790,Sharma EE,4
37296790,Gupta EY,5
40553757,Rodrigues J,1
40553757,Esposito Y,2
40553757,Olsson TT,3
40553757,Morin T,4
40553757,Larsson K,5
40553757,Eriksson T,6
40553757,Olsson V,7
40553757,Gomez RT,8
40553757,Johansson C,9
40553757,Johansson P,10
17501057,Roy FY,1
17501057,Morin S,2
17501057,Gagne VE,3
17501057,Cote Y,4
17501057,Bouchard PC,5
25441031,Moradi YH,1
25441031,Mohammadi SN,2
25441031,Mohammadi G,3
25441031,Rezaei P,4
25441031,Karimi P,5
25441031,Hosseini S,6
25441031,Rezaei HV,7
25441031,Hosseini LD,8
25441031,Mohammadi HK,9
25441031,Jafari A,10
24400093,Baker L,1
24400093,Wilson L,2
24400093,Thomas CT,3
24400093,Demir R,4
24400093,Anderson L,5
24400093,Smith N,6
78198511,Xu G,1
78198511,Lin R,2
78198511,Huang CA,3
78198511,Wu S,4
61943695,Weber LK,1
61943695,Meier T,2
61943695,Lewandowski KV,3
61943695,Meier M,4
61943695,Gerber CP,5
27933469,Smit D,1
27933469,Johansson TR,2
27933469,Visser TJ,3
27933469,van Dijk NF,4
27933469,Meijer Y,5
70650576,Zhu R,1
15267310,Esposito NL,1
15267310,Russo RS,2
15267310,Ricci RP,3
96599166,Moreno G,1
96599166,Moreno FK,2
49372388,Laurent D,1
49372388,Durand C,2
49372388,Vincent BH,3
49372388,Simon NJ,4
79041836,Lefebvre E,1
79041836,Bonnet K,2
79041836,Petit NK,3
79041836,Bertrand TS,4
79041836,Laurent TF,5
49051025,Kato DL,1
49051025,Yamamoto N,2
49051025,Watanabe T,3
49051025,Kobayashi F,4
49051025,Suzuki R,5
49051025,Sato B,6
22091043,Rodrigues E,1
22091043,Nascimento BT,2
22091043,Silva T,3
22091043,Oliveira G,4
22091043,Souza Y,5
22091043,Rodrigues J,6
91008700,de Vries R,1
91008700,Visser YS,2
91008700,de Jong B,3
33687232,Wu YF,1
33687232,Hu T,2
94192535,Williams M,1
94192535,Wood P,2
94192535,Williams JP,3
94192535,Hughes L,4
94192535,Persson P,5
94192535,Hill C,6
30845256,Goossens FB,1
30845256,Jacobs KC,2
30845256,Mertens E,3
30845256,Janssens T,4
30845256,Mertens NH,5
16170377,Moradi E,1
16170377,Karimi B,2
16170377,Rezaei KN,3
20739103,Fischer F,1
20739103,Meyer D,2
20739103,Weber E,3
20739103,Richter AB,4
66703182,Gonzalez F,1
66703182,Fernandez PL,2
66703182,Diaz F,3
66703182,Gomez DD,4
66703182,Martinez SA,5
50546986,Goossens FB,1
50546986,Mertens NH,2
95319792,Morin G,1
95319792,Allen N,2
95319792,Wright BD,3
95319792,Thomas MT,4
10039988,Hosseini G,1
10039988,Lopez E,2
10039988,Diaz V,3
10039988,Diaz C,4
66907037,Wilson CL,1
66907037,Rezaei DE,2
66907037,Scott RH,3
66907037,Scott JY,4
66907037,Nilsson KJ,5
66907037,Allen H,6
66907037,Brown TV,7
66907037,Miller RC,8
66907037,Harris M,9
66907037,Davis EK,10
38382665,Karimi A,1
38382665,Ahmadi PM,2
38382665,Karimi C,3
38382665,Mohammadi CE,4
27115427,Zhu K,1
27115427,Zhou MC,2
27115427,Weber ND,3
27115427,Park NS,4
27115427,Lin P,5
27115427,Liu LA,6
27115427,Li N,7
27115427,Sun B,8
13070694,Davis B,1
13070694,Wilson P,2
13070694,Wilson A,3
13070694,Baker B,4
13070694,Anderson RY,5
47769410,Aydin F,1
47769410,Demir C,2
47769410,Edwards S,3
47769410,Jafari L,4
47769410,Yildiz BJ,5
47769410,Kaya K,6
47769410,Celik K,7
47769410,Sahin P,8
47769410,Demir A,9
47769410,Ozturk A,10
47769410,Sahin FB,11
47769410,Yilmaz S,12
74639525,He P,1
75266993,Miller RC,1
75266993,Wilson Y,2
75266993,Smit H,3
75266993,Harris DH,4
75266993,Wilson F,5
75266993,Scott RH,6
75266993,Anderson HR,7
75266993,Brown TT,8
75266993,Hu HM,9
75266993,Anderson RY,10
75266993,Allen KS,11
75266993,Davis EK,12
39125425,Simon N,1
85708531,King GD,1
85708531,Mitchell P,2
85708531,King TE,3
85708531,Lee P,4
68297147,Rezaei KN,1
42733983,Esposito F,1
42733983,Russo N,2
42733983,Bruno GC,3
42733983,Russo BD,4
42733983,Rossi B,5
42733983,Ozturk TH,6
42733983,Russo RS,7
42733983,Ricci RP,8
21461417,Taylor P,1
21461417,White N,2
21461417,Johnson L,3
21461417,Johnson DP,4
49859984,Bakker A,1
49859984,Bos VB,2
49859984,Meijer Y,3
49859984,van Dijk F,4
49859984,Mulder SP,5
49859984,Meijer H,6
49859984,de Jong N,7
49859984,de Vries AN,8
18143024,Visser S,1
18143024,Bakker FM,2
18143024,Smit DD,3
18143024,Visser D,4
18143024,Visser AL,5
18143024,Bos GK,6
75407945,Colombo TS,1
75407945,Russo SE,2
75407945,Rossi H,3
16753435,Willems RP,1
16753435,Mertens NH,2
98887172,Kowalczyk H,1
98887172,Wojcik FG,2
98887172,Zielinski GN,3
98887172,Nowak J,4
10935150,Takahashi F,1
10935150,Schulz TR,2
10935150,Yamamoto KP,3
10935150,Sato P,4
51490984,Bertrand TD,1
51490984,David YT,2
51490984,Michel G,3
51490984,Takahashi H,4
51490984,Simon N,5
58844478,Klein N,1
58844478,Schneider D,2
58844478,Hoffmann C,3
58844478,Mueller YJ,4
49488204,Steiner TH,1
49488204,Mueller B,2
49488204,Weber R,3
49488204,Gerber DH,4
98423304,Rossi VC,1
98423304,Jang YE,2
98423304,Evans B,3
98423304,Ricci R,4
98423304,Russo MJ,5
98423304,Bianchi NB,6
69433962,Greco S,1
69433962,Bruno SB,2
69433962,Romano R,3
69433962,Esposito R,4
69433962,Gallo HF,5
69433962,Ricci E,6
69433962,Russo DN,7
28447587,Weber JT,1
28447587,Klein A,2
28447587,Schulz TR,3
28447587,Schneider PL,4
68103718,Mohammadi P,1
68103718,Hosseini S,2
68103718,Karimi D,3
68103718,Moradi YH,4
68103718,Mohammadi SN,5
68103718,Jafari A,6
16958582,Zhang VY,1
38613826,David YM,1
38613826,Durand PT,2
38613826,Durand C,3
38613826,Kelly B,4
38613826,Bertrand RR,5
38613826,Simon CY,6
38613826,David G,7
38613826,Bonnet N,8
38613826,Mercier D,9
38613826,Fournier DH,10
38613826,Garcia D,11
38613826,Simon F,12
58206611,Sahin J,1
58206611,Sahin B,2
58206611,Aydin K,3
58206611,Ozturk H,4
56505485,Wolf F,1
56505485,Schneider G,2
56505485,Wolf C,3
56505485,Weber H,4
56505485,Mueller L,5
56505485,Richter AB,6
37746344,Mitchell H,1
37746344,O'Brien D,2
37746344,Murphy YF,3
37746344,Lee R,4
37746344,King J,5
59005916,Moore N,1
59005916,Allen N,2
59005916,Simon N,3
59005916,Harris LY,4
59005916,Thomas MT,5
67243976,Patel GG,1
67243976,Kumar PP,2
67243976,Kumar C,3
67243976,Sharma FL,4
67243976,Taylor LT,5
67243976,Singh M,6
67243976,Gupta RR,7
67243976,Iyer YY,8
67243976,Sharma PK,9
67243976,Gupta M,10
88123898,Chen PE,1
88123898,Hu T,2
88123898,Wu K,3
88123898,Sun B,4
98495653,Laurent TF,1
98495653,Bernard R,2
98495653,Moreau BB,3
98495653,Fournier DH,4
98495653,Girard YH,5
98495653,Mercier F,6
98495653,Petit F,7
98495653,Bernard DL,8
95616263,Ferrari BV,1
95616263,Greco S,2
95616263,Hosseini P,3
95616263,Romano R,4
95616263,Russo DN,5
10185804,Wilson P,1
10185804,Smith G,2
10185804,Wilson A,3
10185804,Anderson RY,4
63117742,Goossens N,1
63117742,Claes F,2
63117742,Willems MK,3
89257578,Kato EL,1
89257578,Sato ME,2
21256902,Costa VN,1
21256902,Costa J,2
21256902,Silva DA,3
21256902,Souza P,4
21256902,Oliveira N,5
21256902,Nascimento DD,6
21256902,Pereira B,7
21256902,Taylor FN,8
21256902,Pereira HE,9
21256902,Nascimento BT,10
99016380,Mitchell B,1
99016380,Walsh K,2
99016380,Lee FR,3
99016380,King F,4
20865345,Petit NK,1
20865345,Mercier DE,2
20865345,Bertrand TD,3
20865345,Mercier A,4
20865345,David YT,5
20865345,David B,6
20865345,Girard Y,7
20865345,Martin V,8
20865345,David PY,9
20865345,Simon N,10
80878052,Rahimi RJ,1
80878052,Karimi FE,2
80878052,Mohammadi G,3
57142456,Singh M,1
57142456,Nair V,2
57142456,Sharma PK,3
57142456,Kumar PP,4
57142456,Gupta M,5
12665298,Meyer G,1
12665298,Rezaei KN,2
12665298,Schulz T,3
12665298,Hughes H,4
12665298,Ruiz R,5
12665298,Hoffmann R,6
12665298,Becker MH,7
12665298,Iyer YY,8
12665298,Koch JV,9
12665298,Mueller MJ,10
58513384,Mohammadi P,1
58513384,Hosseini CN,2
58513384,Rahimi HD,3
58513384,Karimi B,4
58513384,Moradi E,5
58513384,Karimi M,6
58513384,Rezaei KN,7
98230088,Moreau P,1
98230088,Simon NJ,2
53809583,Tremblay D,1
53809583,Ahmadi PM,2
53809583,Rezaei D,3
53809583,Ahmadi EA,4
53809583,Ahmadi JN,5
53809583,Karimi P,6
53809583,Mohammadi CE,7
53080754,Lefebvre M,1
53080754,Mercier J,2
53080754,Leroy A,3
53080754,Olsson S,4
53080754,Durand A,5
10350265,Iyer MT,1
10350265,Sharma EH,2
10350265,Rao P,3
10350265,Gupta F,4
10350265,Sharma T,5
64256512,David YT,1
64256512,Laurent K,2
64256512,Simon N,3
79087162,Wilson V,1
88316383,Wolf F,1
98753801,Hill G,1
98753801,Gupta D,2
98753801,Reddy B,3
98753801,Gupta M,4
75384283,Kobayashi KD,1
75384283,Watanabe G,2
75384283,Yoshida P,3
75384283,Yamamoto N,4
75384283,Yamada AP,5
75384283,Allen RM,6
75384283,Ito DV,7
14823707,Bakker Y,1
14823707,Bakker A,2
14823707,Jansen K,3
14823707,Mulder P,4
14823707,de Jong JN,5
14823707,Smit KK,6
14823707,van den Berg FM,7
14823707,de Vries L,8
28369068,Gupta M,1
28369068,Nair A,2
28369068,Huber C,3
28369068,Sharma T,4
11891850,Reddy B,1
11891850,Hall Y,2
11891850,Singh M,3
11891850,Gupta RR,4
11891850,Gupta M,5
81678428,Ryan A,1
81678428,Ryan J,2
81678428,O'Brien Y,3
42505550,Kelly L,1
42505550,Murphy H,2
42505550,King E,3
42505550,Walsh C,4
42505550,Ryan A,5
42505550,Lee V,6
82935858,Colombo S,1
82935858,Gallo J,2
82935858,Russo SE,3
82935858,Bruno SJ,4
82935858,Romano NY,5
82935858,Gallo M,6
82935858,Colombo L,7
22419487,Martinez SA,1
22419487,Ruiz F,2
22419487,de Boer L,3
22419487,Diaz C,4
83554149,Ma Y,1
83554149,Lin V,2
83554149,Lin J,3
83554149,Lin A,4
83554149,He MB,5
83554149,Lefebvre DJ,6
83554149,Zhu R,7
44593476,Durand DF,1
44593476,Laurent J,2
44593476,Lefebvre A,3
44593476,Lefebvre D,4
44593476,Simon NJ,5
24189674,Hosseini F,1
24189674,Rezaei KN,2
93630245,Baker TS,1
93630245,Young PH,2
93630245,Young B,3
93630245,Clark LB,4
93630245,Scott A,5
93630245,Lewis FR,6
40731043,Schmid AS,1
40731043,Gerber CP,2
40731043,Ricci RP,3
40731043,Weber HH,4
40731043,Gerber S,5
40731043,Huber Y,6
40731043,Keller E,7
40731043,Keller JK,8
40731043,Huber J,9
40731043,Mueller B,10
40731043,Gerber P,11
40731043,Gerber V,12
35979820,Han B,1
35979820,Park C,2
35979820,Jang EB,3
35979820,Jang B,4
88689588,Morin L,1
88689588,Cote J,2
88689588,Gagne V,3
88689588,MacDonald B,4
88689588,Gagnon CJ,5
88689588,Cote V,6
84800120,Smith CG,1
84800120,Smith KJ,2
84800120,Taylor J,3
84800120,Smith R,4
84800120,Lewis FM,5
92208171,Hughes N,1
92208171,Williams JP,2
92208171,Ward Y,3
92208171,Hughes H,4
92208171,Hill C,5
19446224,Perez B,1
19446224,Ruiz Y,2
19446224,Gomez YN,3
19446224,Martinez JH,4
19446224,Alvarez F,5
19446224,Perez FF,6
19446224,Lopez F,7
19446224,Moreno F,8
19446224,Fernandez N,9
19446224,Ruiz S,10
36266134,Bernard ME,1
36266134,Vincent G,2
36266134,David G,3
36266134,Simon CY,4
36266134,Michel C,5
36266134,Moreau A,6
36266134,Gallo J,7
36266134,Simon F,8
89565803,van Dijk N,1
89565803,van den Berg D,2
89565803,Meijer D,3
89565803,Bakker A,4
95029284,Gomez YN,1
95029284,Rodriguez KB,2
95029284,Sanchez S,3
95029284,Martinez D,4
95029284,Martinez G,5
36246715,Cho HB,1
36246715,Jang AV,2
36246715,Kim K,3
36246715,Yoon K,4
36246715,Park KJ,5
36246715,Kang LT,6
80110472,Yoshida F,1
80110472,Sato T,2
80110472,Kobayashi FN,3
80110472,Suzuki D,4
80110472,Kato A,5
80110472,Ito M,6
80110472,Yamamoto DJ,7
80110472,Sato P,8
80110472,Yamada K,9
80110472,Tanaka N,10
15619777,Nair A,1
15619777,Gupta F,2
15619777,Kumar G,3
15619777,Sharma T,4
31189577,Celik FV,1
31189577,Demir M,2
31189577,Sahin N,3
31189577,Yilmaz S,4
21649971,Han V,1
21649971,Kang F,2
21649971,Kim P,3
21649971,Han PS,4
98497678,Lefebvre NN,1
98497678,Garcia G,2
98497678,Laurent CK,3
98497678,Schneider YH,4
98497678,Bonnet A,5
98497678,Petit D,6
53959699,Harris LY,1
53959699,Allen N,2
53959699,Thomas LD,3
53959699,Harris DD,4
53959699,Davis BM,5
53959699,Clark PY,6
53959699,Young RH,7
53959699,Thomas MT,8
73798186,Yilmaz YD,1
73798186,Kaya P,2
73798186,Demir C,3
73798186,Celik K,4
73798186,Yilmaz S,5
80806045,Esposito J,1
80806045,Ricci E,2
80806045,Gallo TE,3
80806045,Bianchi H,4
80806045,Rossi H,5
14435295,Perez B,1
14435295,Fernandez PL,2
14435295,Perez YF,3
14435295,Rodriguez H,4
14435295,Ruiz S,5
38751425,Kaminski BT,1
38751425,Turner D,2
38751425,Zielinski M,3
38751425,Nowak J,4
52232841,MacDonald B,1
52232841,Gauthier P,2
52232841,Roy N,3
52232841,Fortin DN,4
52232841,Fortin VM,5
52232841,Fortin EF,6
52232841,Gagnon D,7
52232841,MacDonald R,8
12889278,Nascimento BT,1
12889278,Costa M,2
12889278,Silva PS,3
12889278,Nascimento D,4
12889278,Rodrigues J,5
38976983,White J,1
38976983,Scott H,2
38976983,Scott S,3
38976983,Schulz NR,4
38976983,Lewis FM,5
38976983,White CG,6
38976983,Harris DD,7
11047266,Janssens LD,1
11047266,Maes B,2
11047266,Leroy M,3
11047266,Willems MK,4
35641082,Mertens NH,1
35641082,Peeters S,2
35641082,Goossens R,3
35641082,Peeters P,4
35641082,Steiner N,5
35641082,Jacobs S,6
35641082,Maes M,7
35641082,Mertens GM,8
75126297,Russo N,1
75126297,Bruno F,2
75126297,Esposito M,3
75126297,Ferrari J,4
75126297,Rossi JD,5
75126297,Ricci RP,6
56148640,Sharma M,1
56148640,Joshi V,2
56148640,Iyer YA,3
56148640,Sharma EH,4
56148640,Reddy S,5
56148640,Gupta F,6
73275634,Morin G,1
73275634,Tremblay E,2
73275634,Fortin Y,3
73275634,Campbell B,4
73275634,Roy P,5
73275634,Gauthier P,6
73275634,Cote M,7
85320686,Kim A,1
85320686,Jang BD,2
85320686,Han JC,3
85320686,Han PS,4
77917837,Garcia S,1
77917837,Laurent CK,2
77917837,Simon N,3
25740214,Mueller G,1
25740214,Koch RH,2
25740214,Schmidt JA,3
96192484,Weber V,1
96192484,Richter Y,2
96192484,Schulz GR,3
96192484,Schulz M,4
96192484,Richter B,5
96192484,Koch NG,6
18042441,Guo CS,1
18042441,Guo KP,2
18042441,Ma ET,3
18042441,Zhu VK,4
18042441,Wu VS,5
18042441,Guo NH,6
57933030,Lewis Y,1
57933030,Thomas V,2
57933030,Moore Y,3
57933030,Taylor MY,4
74856889,Mitchell GG,1
74856889,King J,2
74856889,O'Brien AT,3
74856889,Murphy K,4
74856889,Thompson T,5
74856889,King F,6
17477532,Karimi D,1
17477532,Jafari A,2
88609496,Jafari PB,1
88609496,Mohammadi HK,2
88609496,Karimi C,3
88609496,Rahimi A,4
88609496,Mohammadi GY,5
88609496,Karimi A,6
88609496,Ahmadi PM,7
88609496,Ahmadi JN,8
88609496,Ahmadi S,9
88609496,Mohammadi CE,10
48522284,Lim S,1
48522284,Cho N,2
48522284,Lim G,3
48522284,Lavoie D,4
48522284,Jang B,5
88852717,Fournier DH,1
88852717,Lefebvre DJ,2
88852717,Garcia HV,3
88852717,Simon F,4
58872821,Schulz C,1
58872821,Meyer K,2
58872821,Wolf YG,3
58872821,Fischer NF,4
92481931,Mohammadi SN,1
92481931,Karimi C,2
92481931,Moradi T,3
92481931,Jafari E,4
92481931,Ahmadi JN,5
92481931,Mohammadi GY,6
92481931,Moradi G,7
92481931,Ahmadi PM,8
92481931,Karimi A,9
92481931,Mohammadi CE,10
58381472,Garcia E,1
58381472,Moreau M,2
58381472,Schmid VN,3
58381472,Martin L,4
58381472,Blanc L,5
58381472,Bernard DL,6
58381472,Mercier PG,7
58381472,Fournier R,8
32172982,Wisniewski Y,1
32172982,Kaminski AR,2
32172982,Zielinski R,3
32172982,Lewandowski TH,4
32172982,Kowalski A,5
32172982,Wisniewski S,6
32172982,Wojcik T,7
63286595,Michel T,1
63286595,Roux TT,2
63286595,Fournier RJ,3
63286595,Bonnet K,4
63286595,Bernard AY,5
10934375,Simon VN,1
10934375,Petit H,2
10934375,Bernard DL,3
99529971,Jacobs NR,1
99529971,Jacobs G,2
99529971,Janssens BH,3
99529971,Mertens M,4
99529971,Marino E,5
99529971,Jacobs T,6
26925405,Taylor JF,1
26925405,Lewis LR,2
26925405,Davis GE,3
26925405,Johnson L,4
26925405,Smith R,5
26925405,Johnson DP,6
74979892,Wagner F,1
74979892,Schulz DM,2
74979892,Schneider P,3
74979892,Becker TK,4
74979892,Fischer H,5
23073908,Mohammadi CE,1
80164573,King JJ,1
80164573,King T,2
80164573,Lee FR,3
80164573,King TE,4
80164573,Ryan G,5
80164573,O'Brien F,6
80164573,O'Brien Y,7
53403139,de Vries E,1
53403139,Bakker Y,2
53403139,Mulder P,3
53403139,de Vries H,4
53403139,Jansen NV,5
53403139,de Vries L,6
10187764,Wojcik N,1
10187764,Nowak V,2
10187764,Kowalski LG,3
10187764,Zielinski R,4
10187764,Kaminski YY,5
10187764,Nowak HR,6
10187764,Kaminski AR,7
10187764,Zielinski T,8
10187764,Hill VF,9
10187764,Nowak J,10
10187764,Kowalski S,11
10187764,Wojcik T,12
97535736,Ma S,1
97535736,Wu TH,2
97535736,Wu S,3
44265900,Persson B,1
44265900,Andersson CD,2
44265900,Meyer H,3
44265900,Andersson F,4
44265900,Olsson V,5
92207601,Sharma PK,1
92207601,Kumar C,2
92207601,Gupta RR,3
92207601,Rao DH,4
92207601,Rao V,5
92207601,Hall L,6
92207601,Gupta M,7
30299668,Thomas V,1
30299668,Lewis Y,2
30299668,Moore Y,3
30299668,Harris DH,4
30299668,Smith K,5
30299668,Taylor MY,6
24009356,Almeida BT,1
24009356,Rodrigues MH,2
24009356,Costa M,3
24009356,Costa L,4
84241095,Allen N,1
84241095,Moore N,2
84241095,Baker YD,3
84241095,Clark Y,4
84241095,Thomas MT,5
58737900,Miller K,1
58737900,Scott HD,2
58737900,Lewis D,3
59863399,Hall HA,1
59863399,Jones AC,2
59863399,Ward T,3
59863399,Ward V,4
59863399,Ward GJ,5
78170461,Bertrand H,1
78170461,Bonnet J,2
78170461,Blanc KS,3
78170461,Leroy SH,4
78170461,Fournier RJ,5
78170461,Bertrand ER,6
78170461,Garcia EH,7
78170461,Moreau B,8
78170461,Petit K,9
78170461,Laurent TF,10
30044180,Gomez L,1
30044180,Fernandez D,2
30044180,Moreno F,3
30044180,Moreno FK,4
30044180,Ruiz S,5
81875157,Nilsson G,1
81875157,Johansson A,2
81875157,Olsson TT,3
81875157,Eriksson T,4
81875157,Johansson P,5
15075436,Clark J,1
15075436,Wilson V,2
24780223,Guo CJ,1
24780223,Bernard FF,2
24780223,Zhao A,3
24780223,Karimi P,4
24780223,Guo NH,5
24780223,Yang PR,6
87024921,Bianchi S,1
87024921,Russo L,2
87024921,Colombo L,3
57712144,Jang L,1
57712144,Jang YE,2
40116316,Sato HA,1
40116316,Yamada CL,2
40116316,Ward GJ,3
40116316,Watanabe EC,4
40116316,Kato EL,5
40116316,Sato ME,6
47787336,King F,1
47787336,Mitchell S,2
47787336,King TE,3
47787336,Lee P,4
84189531,Bianchi SG,1
84189531,Bruno F,2
84189531,Bruno K,3
84189531,Russo BD,4
84189531,Russo N,5
84189531,Bruno C,6
84189531,Ricci RP,7
54646876,Janssens L,1
54646876,Claes D,2
54646876,Goossens K,3
54646876,Goossens J,4
54646876,Mertens FV,5
54646876,Goossens FB,6
54646876,Maes K,7
54646876,Janssens T,8
54646876,Karimi D,9
54646876,Mertens NH,10
13235335,Huang C,1
13235335,Ma JF,2
13235335,Liu C,3
13235335,Wang YC,4
13235335,Ma N,5
13235335,Kumar Y,6
13235335,Yang NG,7
13235335,Guo E,8
16594481,Kumar B,1
16594481,Singh R,2
16594481,Singh N,3
16594481,Gupta M,4
41216737,Lima K,1
41216737,Silva YE,2
41216737,Oliveira SD,3
41216737,Souza D,4
41216737,Santos RM,5
41216737,Nascimento J,6
41216737,Steiner HC,7
41216737,Costa J,8
41216737,Nascimento S,9
41216737,Pereira LV,10
70514274,Hu GS,1
70514274,Zhou F,2
70514274,Xu M,3
70514274,Li RR,4
70514274,Zhou H,5
70514274,Ma AB,6
70514274,Hu HM,7
43498308,Sahin BP,1
43498308,Kim G,2
43498308,Kang D,3
43498308,Jung VS,4
56941968,Jung FV,1
56941968,Park C,2
56941968,Han M,3
56941968,Jang B,4
24044619,Hughes JP,1
24044619,Ward YB,2
24044619,Wood GE,3
24044619,Edwards GS,4
29155263,Watanabe T,1
29155263,Yamamoto P,2
29155263,Yoshida S,3
29155263,Watanabe MG,4
29155263,Yamada VG,5
29155263,Sato B,6
63540293,Yamada EC,1
63540293,Nakamura HS,2
63540293,Ito P,3
67089830,Weber KF,1
67089830,Schmid AS,2
67089830,Huber J,3
67089830,Steiner TH,4
67089830,Weber SC,5
67089830,Huber Y,6
67089830,Gerber V,7
62649597,Hoffmann V,1
62649597,Schulz TR,2
62649597,Mueller S,3
62649597,Wagner C,4
62649597,Wolf F,5
15558441,Smith N,1
15558441,Lewis FM,2
15558441,Taylor G,3
15558441,Walsh YD,4
15558441,Mitchell D,5
15558441,King J,6
79138450,Nair A,1
79138450,Iyer V,2
79138450,Joshi H,3
79138450,Sharma T,4
84941532,Mitchell S,1
84941532,Davis B,2
84941532,Clark RV,3
84941532,White NT,4
84941532,Lewis G,5
84941532,Clark LB,6
84941532,Scott HD,7
84941532,Scott A,8
84941532,Anderson K,9
84941532,Lewis FR,10
21167098,Zhao LY,1
21167098,Xu V,2
21167098,Yang A,3
21167098,Hu JN,4
21167098,Yang G,5
21167098,Sun M,6
21167098,Sun B,7
25187500,Takahashi H,1
25187500,Kobayashi CK,2
25187500,Watanabe J,3
25187500,Tanaka N,4
47077177,Fernandez M,1
47077177,Moreno YM,2
92151349,Lewandowski JC,1
92151349,Wojcik T,2
85830762,Blanc YN,1
85830762,Garcia S,2
85830762,Durand DD,3
85830762,Mercier F,4
85830762,Walker J,5
85830762,Bernard FF,6
98730157,Sato B,1
75279650,van den Berg S,1
75279650,Jansen E,2
75279650,van den Berg VB,3
75279650,Jansen V,4
75279650,de Vries J,5
75279650,Meijer Y,6
77366447,MacDonald B,1
77366447,MacDonald Y,2
77366447,Tremblay PR,3
77366447,MacDonald R,4
46942578,Wagner V,1
46942578,Schmidt P,2
46942578,Meyer G,3
46942578,Schulz T,4
46942578,Schulz N,5
46942578,Schneider D,6
46942578,Richter SG,7
46942578,Koch T,8
46942578,Colombo RH,9
46942578,Mueller MJ,10
76313615,Schneider D,1
76313615,Klein N,2
76313615,Richter AB,3
76313615,Becker R,4
76313615,Mueller KC,5
76313615,Wagner A,6
76313615,Ahmadi JN,7
76313615,Mueller YJ,8
18006455,Mueller F,1
18006455,Becker P,2
18006455,Klein S,3
18006455,Wagner L,4
18006455,Schulz DM,5
18006455,Mueller S,6
18006455,Fischer H,7
71006654,Greco M,1
71006654,Colombo AK,2
71006654,Ricci C,3
71006654,Bruno KS,4
71006654,Esposito JA,5
71006654,Colombo FP,6
71006654,Laurent G,7
71006654,Ferrari H,8
50260062,Santos S,1
50260062,Pereira S,2
16629098,Gauthier P,1
16629098,Morin P,2
16629098,Cote M,3
49800519,Wu TH,1
49800519,Yang P,2
49800519,Zhao LY,3
49800519,Ma N,4
49800519,Hu G,5
49800519,Ma NK,6
49800519,Lin P,7
49800519,Wang T,8
49800519,Yang E,9
49800519,Zhang M,10
49800519,Zhao A,11
49800519,Ma EV,12
33682659,Richter V,1
33682659,Mueller J,2
33682659,Becker G,3
33682659,Koch RC,4
33682659,Becker DE,5
33682659,Schulz JK,6
33682659,Wolf D,7
33682659,Wagner VY,8
91517516,Ward K,1
91517516,Green E,2
91517516,Wood L,3
91517516,Turner Y,4
49253377,Scott Y,1
49253377,Smith L,2
49253377,Smith J,3
49253377,Chen V,4
49253377,Allen D,5
30432829,Murphy VG,1
30432829,Ryan N,2
30432829,Lee E,3
30432829,King P,4
30432829,Thompson SL,5
30432829,Ryan J,6
30432829,Lee V,7
23708682,Watanabe N,1
86747172,Walker EG,1
86747172,Brown V,2
86747172,Johnson PR,3
86747172,White G,4
86747172,Lewis YG,5
89843790,Mitchell G,1
89843790,King J,2
99900414,Miller RC,1
99900414,Johnson S,2
99900414,Mohammadi P,3
99900414,Scott RH,4
99900414,Baker TH,5
99900414,Harris P,6
99900414,Moore H,7
99900414,Davis EK,8
58552375,Fischer H,1
62741954,Alvarez B,1
62741954,Turner GN,2
62741954,Hall DE,3
62741954,Williams C,4
62741954,Cooper N,5
32824462,Lee R,1
32824462,King JJ,2
32824462,Murphy H,3
32824462,Murphy YF,4
32824462,Ryan G,5
32824462,Murphy K,6
32824462,Kelly G,7
32824462,Mitchell S,8
32824462,King RB,9
32824462,King J,10
67576836,Thompson VP,1
67576836,Lee P,2
62593830,Klein KV,1
62593830,Hoffmann V,2
62593830,Mueller YJ,3
62593830,Richter B,4
62593830,Schulz GR,5
62593830,Chen L,6
62593830,Becker MH,7
62593830,Koch NG,8
59916338,van den Berg VB,1
59916338,Smit B,2
59916338,Mulder GG,3
59916338,Visser TJ,4
59916338,Meijer Y,5
64569092,Hall DE,1
64569092,Hill LG,2
64569092,Jones GG,3
64569092,Cooper N,4
83303828,Jones V,1
83303828,Diaz F,2
83303828,Cooper E,3
83303828,Hill T,4
94269756,Wang YC,1
94269756,Liu C,2
94269756,Guo C,3
94269756,Guo T,4
94269756,Wang E,5
94269756,Guo E,6
70239187,Huang EA,1
70239187,Wu VS,2
70239187,Liu VL,3
70239187,Guo E,4
70239187,Lin R,5
70239187,Yang J,6
48260845,Ward T,1
48260845,Hill MG,2
48260845,Hughes A,3
48260845,Hughes JP,4
48260845,Ward GJ,5
73093949,Wood SE,1
73093949,Walker S,2
73093949,Smith D,3
73093949,Davis ST,4
73093949,Wilson R,5
73093949,Anderson RY,6
29373979,Mulder G,1
29373979,de Jong N,2
29373979,de Vries AN,3
53608065,Lewandowski PJ,1
53608065,Kowalski B,2
53608065,Zielinski GN,3
53608065,Kowalski TV,4
53608065,Nowak J,5
70548145,Diaz S,1
70548145,Marino E,2
70548145,Moreno YM,3
32659074,Zhang T,1
32659074,Zhang PH,2
32659074,Chen YG,3
32659074,Lin T,4
32659074,Zhu S,5
32659074,Yang PR,6
29477711,Laurent K,1
29477711,Liu CA,2
29477711,Zhou G,3
29477711,Huang C,4
29477711,Guo E,5
88573203,Gomez DD,1
88573203,Jackson PB,2
88573203,Harris NM,3
25894706,Meier J,1
25894706,Mueller B,2
25894706,Gerber DF,3
25894706,Lee J,4
25894706,Gerber DH,5
81006712,Almeida BT,1
81006712,Nascimento J,2
81006712,Costa Y,3
81006712,Silva EL,4
81006712,Thomas S,5
81006712,Rodrigues J,6
65055994,Schulz GY,1
65055994,Fischer H,2
19199294,Schneider SF,1
19199294,Schulz T,2
19199294,Richter D,3
19199294,Richter SG,4
19199294,Schmidt P,5
19199294,Mueller MJ,6
90747152,Olsson T,1
90747152,Larsson FF,2
90747152,Larsson MG,3
90747152,Andersson CD,4
90747152,Walsh C,5
90747152,Olsson V,6
16187455,Oliveira L,1
16187455,Rodrigues J,2
60770348,Schneider V,1
60770348,Wisniewski H,2
60770348,Wolf F,3
77414222,O'Brien Y,1
17382051,Diaz V,1
17382051,Diaz DK,2
17382051,Rodriguez HM,3
17382051,Diaz C,4
81879363,Rodriguez A,1
81879363,Hughes J,2
81879363,Green SH,3
10599113,Gerber CP,1
90714705,Roux LH,1
90714705,Garcia B,2
90714705,Fournier F,3
90714705,Petit D,4
56639157,Ricci P,1
56639157,Bruno F,2
56639157,Esposito J,3
56639157,Rossi KA,4
56639157,Koch S,5
56639157,Russo RS,6
56639157,Ricci RP,7
21239530,Mulder H,1
21239530,Bianchi M,2
21239530,Bakker NF,3
21239530,van den Berg B,4
21239530,van den Berg P,5
25249555,Rodriguez Y,1
25249555,Diaz G,2
25249555,Diaz V,3
25249555,Diaz C,4
10070459,Karimi D,1
10070459,Moradi T,2
10070459,Mueller MJ,3
10070459,Ahmadi EN,4
10070459,Jafari A,5
12120678,Keller B,1
12120678,Gerber DH,2
70309411,Tremblay VJ,1
70309411,Roy JR,2
70309411,Campbell Y,3
70309411,Tremblay D,4
70309411,Bouchard PC,5
70309411,Morin G,6
48120427,Hu Y,1
48120427,Hu J,2
48120427,Lin F,3
48120427,Huang CA,4
48120427,Wu S,5
48120427,Chen PE,6
49739405,Rezaei J,1
49739405,Moradi T,2
49739405,Jafari A,3
20743020,Jones R,1
20743020,Williams VN,2
20743020,Green G,3
20743020,Wood L,4
20743020,Roberts V,5
20743020,Jones VB,6
20743020,Turner Y,7
73336215,Lin L,1
73336215,Liu AA,2
73336215,Wu K,3
73336215,Yang J,4
73336215,Sun B,5
89922140,Liu M,1
89922140,Yang AS,2
89922140,Petit CA,3
89922140,Zhu TS,4
89922140,He P,5
72635022,Wang MR,1
72635022,Liu RJ,2
72635022,Hu T,3
64175462,Young CM,1
64175462,Taylor FN,2
64175462,Davis FK,3
64175462,Young J,4
64175462,Allen RM,5
18586712,Schmid S,1
18586712,Gerber M,2
18586712,Gerber CP,3
32193831,Perez M,1
32193831,Perez G,2
32193831,Gonzalez Y,3
32193831,Gomez C,4
32193831,Gonzalez PH,5
32193831,Diaz G,6
23719120,Bonnet K,1
23719120,Simon SF,2
23719120,Bernard AY,3
55576707,Yoshida H,1
55576707,Watanabe N,2
55576707,Watanabe Y,3
55576707,Sato P,4
56429785,Larsson AF,1
56429785,Nowak SF,2
56429785,Olsson T,3
56429785,Karlsson C,4
56429785,Andersson F,5
56429785,Olsson V,6
10533949,Zhu B,1
10533949,Takahashi SH,2
10533949,He G,3
10533949,Huang T,4
10533949,Ma ET,5
73131473,Bernard G,1
73131473,Girard H,2
73131473,Mercier E,3
73131473,Simon NJ,4
32053414,Schmidt P,1
32053414,Fournier P,2
32053414,Mertens R,3
32053414,Wagner VY,4
32053414,Richter C,5
32053414,Meyer G,6
32053414,Mueller MJ,7
27225266,Roux P,1
27225266,Petit B,2
27225266,Roux F,3
27225266,Garcia E,4
27225266,Moreau A,5
27225266,Girard GT,6
54330858,Gonzalez GS,1
54330858,Lopez K,2
54330858,Rodriguez J,3
54330858,Martinez SA,4
50592256,Schmidt CK,1
50592256,Meyer Y,2
50592256,Koch L,3
50592256,Schulz DM,4
50592256,Fischer NF,5
13984490,Gupta EY,1
32135191,Ma AB,1
32135191,Xu MG,2
32135191,Zhu TS,3
32135191,He P,4
95682893,Harris ND,1
95682893,Scott A,2
95682893,van den Berg VB,3
95682893,Lewis FR,4
54704591,Lin A,1
54704591,He L,2
54704591,He J,3
54704591,Yang T,4
54704591,Wang E,5
54704591,Huang YF,6
54704591,Zhu R,7
25384927,Harris G,1
25384927,Scott A,2
25384927,Lewis FR,3
49921842,Clark HC,1
49921842,Taylor P,2
49921842,Harris YB,3
49921842,Johnson L,4
49921842,Johnson DP,5
48614691,Lee FR,1
48614691,King Y,2
48614691,King T,3
48614691,O'Brien F,4
48614691,King F,5
48614691,Kobayashi G,6
48614691,O'Brien Y,7
84992519,Ozturk E,1
84992519,Sahin A,2
84992519,Yildiz C,3
84992519,Sahin FE,4
84992519,Kaya K,5
96497089,Huber KA,1
96497089,Schmid KJ,2
96497089,Huber K,3
96497089,Meier S,4
98877435,Jackson PB,1
98877435,Davis NR,2
98877435,Jackson B,3
98877435,White D,4
98877435,Anderson KB,5
98877435,Harris NM,6
76464381,Ito JC,1
76464381,Ito DV,2
98127284,Mulder K,1
98127284,Jansen V,2
98127284,Jansen E,3
98127284,Meijer Y,4
37735333,Reddy S,1
37735333,Sharma C,2
37735333,Nair Y,3
37735333,Sharma DJ,4
37735333,Patel B,5
97232340,Baker EK,1
97232340,Young G,2
97232340,Taylor A,3
97232340,Allen J,4
97232340,Miller H,5
97232340,Anderson S,6
97232340,Baker PB,7
97232340,Lewis YG,8
13605859,Andersson N,1
13605859,Olsson D,2
13605859,Karlsson S,3
13605859,Johansson P,4
64370299,Mulder SP,1
64370299,de Vries M,2
64370299,Meijer Y,3
63143412,Richter C,1
63143412,Schulz BV,2
63143412,Klein KK,3
63143412,Yang PR,4
63143412,Meyer G,5
63143412,Mueller MJ,6
24860320,Mitchell D,1
24860320,King CA,2
24860320,Murphy J,3
24860320,Lee P,4
48261963,Costa M,1
48261963,Silva PS,2
48261963,Silva J,3
48261963,Oliveira L,4
48261963,Santos D,5
48261963,Rodrigues J,6
43676617,Kowalski B,1
43676617,Guo AY,2
43676617,Guo E,3
41211581,Durand S,1
41211581,David YT,2
41211581,Simon N,3
60308686,Schneider E,1
60308686,Clark LB,2
60308686,Taylor J,3
60308686,Allen A,4
60308686,Lewis FR,5
68511515,Joshi SP,1
68511515,Singh L,2
68511515,Joshi RP,3
68511515,Gupta F,4
88296030,Goossens EK,1
88296030,Goossens FB,2
88296030,Jacobs N,3
88296030,Mertens NH,4
30102353,Nakamura HS,1
30102353,Ito P,2
30198461,Zhou G,1
30198461,Chen C,2
30198461,Cooper E,3
30198461,Wang B,4
30198461,Guo E,5
28412629,Hu Y,1
28412629,He E,2
28412629,Cote F,3
28412629,Liu B,4
28412629,Wang M,5
28412629,Xu MG,6
28412629,Yang J,7
64763916,Clark PY,1
64763916,Clark Y,2
64763916,Larsson M,3
64763916,Harris LY,4
64763916,Thomas MT,5
24581946,Smit JK,1
24581946,Meijer A,2
24581946,Visser TJ,3
24581946,Smit D,4
37013285,Michel N,1
37013285,Kowalczyk LT,2
37013285,Blanc H,3
37013285,Roux T,4
37013285,Bernard FF,5
36079951,White CG,1
36079951,Clark KN,2
36079951,White LG,3
36079951,Taylor AJ,4
36079951,Anderson P,5
36079951,Anderson N,6
36079951,Walker TB,7
22463795,Ferrari Y,1
22463795,Bruno N,2
22463795,Colombo PC,3
22463795,Romano AS,4
22463795,Rossi H,5
96768041,Rossi CC,1
96768041,Johnson S,2
96768041,Russo JE,3
96768041,Colombo M,4
96768041,Greco S,5
96768041,Russo DN,6
84562621,Guo NH,1
84562621,Zhu R,2
17913347,Harris E,1
17913347,Harris NM,2
17913347,Baker N,3
17913347,Young TP,4
17913347,Miller RC,5
17913347,Davis EK,6
36217606,Fournier CJ,1
36217606,Mercier F,2
36217606,Laurent CV,3
36217606,Bertrand TD,4
36217606,Simon C,5
36217606,Martin V,6
36217606,Laurent Y,7
36217606,Simon N,8
34972963,Thomas E,1
34972963,Thomas AA,2
34972963,Davis F,3
34972963,Davis B,4
70238508,Persson G,1
70238508,Larsson TP,2
70238508,Eriksson V,3
70238508,Olsson S,4
23905431,Fernandez V,1
23905431,Sanchez S,2
23905431,Ruiz GT,3
23905431,Gomez E,4
23905431,Rodriguez F,5
23905431,Moreno FK,6
33988829,Demir C,1
33988829,Girard G,2
33988829,Fournier DH,3
33988829,Leroy P,4
33988829,Mercier F,5
33988829,Bertrand TS,6
33988829,Simon F,7
52788021,Yamada K,1
52788021,Yamamoto T,2
52788021,Watanabe J,3
52788021,Tanaka N,4
81134390,Esposito P,1
81134390,Ricci A,2
81134390,Ferrari N,3
30446661,Girard GT,1
30446661,Bernard MN,2
30446661,Michel P,3
30446661,Simon VN,4
30446661,Moreau NV,5
30446661,Bernard DL,6
43609360,Meyer P,1
43609360,Becker DE,2
43609360,Richter V,3
43609360,Fischer NF,4
43609360,Becker LR,5
43609360,Wagner VY,6
27659469,Rahimi H,1
27659469,Wilson HG,2
27659469,Ahmadi AP,3
27659469,Karimi FE,4
27659469,Hosseini V,5
27659469,Rezaei DE,6
27659469,Rahimi A,7
27659469,Ahmadi L,8
27659469,Karimi C,9
27659469,Mohammadi G,10
32561683,Wagner L,1
32561683,Schulz G,2
32561683,Schneider SF,3
32561683,Schneider SV,4
32561683,Fischer H,5
83404565,Diaz YY,1
83404565,Ruiz FL,2
64353530,Harris B,1
64353530,Thomas CT,2
64353530,Lewis LR,3
64353530,Taylor P,4
64353530,Johnson DP,5
58299691,Harris YB,1
58299691,Harris NM,2
58299691,Lewis FR,3
62457332,Joshi V,1
62457332,Nair G,2
62457332,Patel JY,3
62457332,Gupta EY,4
82411335,Suzuki BJ,1
82411335,Morris HP,2
82411335,Ito DV,3
48353970,Meijer B,1
48353970,Sahin FB,2
48353970,Yilmaz RD,3
48353970,Kaya K,4
93679529,Zhu VK,1
93679529,Liu P,2
93679529,Wang FN,3
93679529,Sun B,4
47894297,Gerber A,1
47894297,Gerber FL,2
47894297,Gerber C,3
47894297,Gerber EH,4
47894297,Steiner H,5
47894297,Schmid YV,6
47894297,Schmid RN,7
47894297,Meier S,8
86621860,Bouchard J,1
86621860,Fortin DH,2
86621860,Roy G,3
86621860,Campbell EJ,4
86621860,Roy YD,5
86621860,Morin HH,6
99381332,Hill S,1
99381332,Weber C,2
99381332,Weber R,3
99381332,Gerber DH,4
73364449,Huang CA,1
73364449,Zhang P,2
73364449,Li YH,3
73364449,Wu S,4
35181853,Jones A,1
35181853,Edwards GS,2
51993479,Baker CE,1
51993479,Lewis KK,2
51993479,Wu Y,3
51993479,Miller J,4
51993479,Harris DD,5
65096780,Steiner H,1
65096780,Schmid Y,2
65096780,Gerber Y,3
65096780,Steiner V,4
65096780,Gerber V,5
55946577,Smith CG,1
55946577,Taylor SB,2
55946577,Brown YE,3
55946577,Jackson KH,4
55946577,Lewis FM,5
46915055,Rahimi RJ,1
46915055,Karimi MK,2
46915055,Hosseini S,3
46915055,Moradi G,4
46915055,Mohammadi P,5
46915055,Jafari A,6
89386173,Zhao GH,1
89386173,Zhao A,2
89386173,Xu K,3
89386173,Wang L,4
89386173,Liu CA,5
89386173,Ma HS,6
89386173,Ma ET,7
28943669,King JJ,1
28943669,Ryan LB,2
28943669,Celik J,3
28943669,Kelly JB,4
28943669,O'Brien Y,5
82806864,Suzuki AN,1
82806864,Yoshida S,2
82806864,Yamamoto KP,3
82806864,Ito C,4
82806864,Sato P,5
82806864,Nakamura NK,6
82806864,Nakamura FR,7
82806864,Ito FY,8
82806864,Kobayashi V,9
82806864,Ito D,10
82806864,Rodrigues J,11
82806864,Watanabe N,12
16851812,Zhu S,1
16851812,Ricci E,2
16851812,Zhang VY,3
16851812,Zhu YL,4
16851812,Sun J,5
16851812,He MB,6
16851812,Guo NH,7
26797534,White G,1
26797534,Miller H,2
26797534,Walker EG,3
26797534,Johnson H,4
26797534,Thomas D,5
26797534,Goossens H,6
26797534,Baker EK,7
26797534,White D,8
26797534,Lewis BB,9
26797534,Lewis YG,10
24800912,Eriksson T,1
24800912,Olsson TT,2
24800912,Larsson FF,3
24800912,Andersson D,4
24800912,Mohammadi DL,5
24800912,Olsson E,6
24800912,Eriksson K,7
24800912,Johansson P,8
75243022,Lopez F,1
75243022,Oliveira G,2
75243022,Perez M,3
75243022,Diaz DK,4
75243022,Ruiz S,5
70271182,Durand V,1
70271182,Vincent BH,2
70271182,Moreau EM,3
70271182,Weber JA,4
70271182,Bernard G,5
70271182,Laurent J,6
70271182,David YT,7
70271182,Roux EP,8
70271182,Martin MF,9
70271182,Simon NJ,10
95996809,Souza Y,1
95996809,Pereira S,2
95996809,Silva JN,3
95996809,Murphy KP,4
95996809,Almeida CH,5
95996809,Costa L,6
95996809,Silva TY,7
58134141,Meyer G,1
58134141,Hoffmann YD,2
58134141,Koch G,3
58134141,Wagner BS,4
58134141,Schulz T,5
58134141,Mueller MJ,6
20438436,David B,1
20438436,Fournier R,2
60629550,Joshi E,1
60629550,Gupta EY,2
60629550,Gupta RR,3
60629550,Sharma A,4
60629550,Sharma NS,5
60629550,Patel V,6
60629550,Patel B,7
60629550,Joshi H,8
60629550,Rao V,9
60629550,Gupta M,10
65207343,Garcia G,1
65207343,Yamamoto DJ,2
65207343,Fournier F,3
65207343,Fournier JY,4
65207343,Petit D,5
30864608,Gupta P,1
30864608,Gupta M,2
30864608,Joshi J,3
30864608,Rao TK,4
30864608,Patel JY,5
30864608,Gupta EY,6
57660334,Bruno L,1
57660334,Rao TK,2
57660334,Ricci RP,3
60325806,Meyer F,1
60325806,Wolf E,2
60325806,Meyer G,3
60325806,Hoffmann R,4
60325806,Schmidt P,5
60325806,Mueller MJ,6
71327358,Bertrand RR,1
71327358,Leroy P,2
71327358,Simon F,3
38829991,Meijer PP,1
38829991,Pereira S,2
38829991,Walker P,3
38829991,Smith CL,4
38829991,Thomas AA,5
38829991,Smith Y,6
38829991,Walker G,7
38829991,Clark FV,8
38829991,Goossens J,9
38829991,Clark F,10
38829991,Smith JB,11
38829991,Wilson V,12
85022445,Bruno B,1
85022445,Colombo PE,2
85022445,Gallo V,3
85022445,Choi E,4
85022445,Colombo M,5
85022445,Greco S,6
85022445,Russo DN,7
42882515,Moradi E,1
42882515,Rezaei KN,2
77195340,Ozturk V,1
77195340,Sahin P,2
77195340,Kaya G,3
77195340,Ozturk H,4
15719315,Colombo M,1
15719315,Greco M,2
15719315,Bruno SS,3
15719315,Greco ES,4
15719315,Bruno B,5
15719315,Esposito J,6
19521275,Harris M,1
19521275,Wright GF,2
19521275,Davis EK,3
57261012,Richter D,1
57261012,Richter G,2
57261012,Weber Y,3
47247769,Gonzalez PH,1
47247769,Diaz G,2
51730362,Aydin HJ,1
51730362,Sahin B,2
51730362,Ozturk NR,3
51730362,Celik R,4
51730362,Aydin K,5
51730362,Sahin S,6
51730362,Wagner L,7
51730362,Ozturk H,8
13171573,Takahashi M,1
13171573,Ito C,2
13171573,Kato P,3
13171573,Takahashi PV,4
13171573,Yamamoto N,5
13171573,Nakamura S,6
13171573,Watanabe G,7
13171573,Suzuki PP,8
13171573,Kato DL,9
13171573,Ito DV,10
22420668,Bianchi H,1
22420668,Tanaka N,2
22420668,Rossi N,3
22420668,Ferrari R,4
22420668,Romano N,5
22420668,Maes M,6
22420668,Gallo R,7
76583243,Allen KR,1
76583243,Moore L,2
76583243,Allen D,3
58926476,Sahin T,1
58926476,Rossi N,2
58926476,Romano RJ,3
58926476,Gallo HC,4
58926476,Romano H,5
58926476,Colombo AK,6
58926476,Bianchi MM,7
58926476,Colombo S,8
58926476,Ricci H,9
58926476,Marino CK,10
58926476,Marino B,11
58926476,Gallo R,12
31595074,Russo N,1
31595074,Rossi KA,2
31595074,Bruno H,3
31595074,Ferrari A,4
31595074,Lefebvre D,5
31595074,Rossi H,6
31595074,Nilsson SE,7
31595074,Rossi JD,8
31595074,Bruno GC,9
31595074,Ricci RP,10
12885032,Keller LB,1
12885032,Steiner H,2
12885032,Mueller DN,3
12885032,Gerber P,4
12885032,Weber SC,5
12885032,Huber Y,6
12885032,Huber C,7
12885032,Gerber V,8
54217640,Moore D,1
54217640,Brown B,2
54217640,Davis B,3
22634672,Wu Y,1
22634672,Sun JD,2
22634672,Zhao G,3
22634672,Guo NH,4
22634672,Xu HB,5
22634672,Wu EA,6
22634672,Huang YF,7
22634672,Yang PR,8
25249108,Wu VT,1
25249108,Hu GS,2
25249108,Xu VN,3
25249108,Souza TL,4
25249108,Zhou S,5
25249108,Li RR,6
25249108,Hu HM,7
77070550,Wilson E,1
77070550,Wilson HG,2
77070550,Anderson K,3
77070550,Smith S,4
77070550,Baker F,5
77070550,Thomas S,6
17503504,Hu J,1
17503504,Hu Y,2
17503504,Zhao BG,3
17503504,He JV,4
17503504,Guo E,5
17503504,Chen PE,6
76281603,Guo V,1
76281603,Chen VH,2
76281603,Yang J,3
76281603,Zhang P,4
76281603,Chen JG,5
76281603,Wu S,6
71787878,Roberts PN,1
71787878,Williams JP,2
71787878,Roberts M,3
71787878,Hill C,4
65670673,Mueller N,1
65670673,Wagner L,2
65670673,Schmidt R,3
65670673,Klein S,4
65670673,Souza KJ,5
65670673,Fischer H,6
58199684,Ricci R,1
58199684,Bruno SS,2
58199684,Russo MJ,3
58199684,Colombo R,4
58199684,Russo H,5
58199684,Ricci T,6
58199684,Rossi VC,7
58199684,Colombo H,8
58199684,Romano RJ,9
58199684,Bianchi NB,10
50248112,Klein E,1
50248112,Fischer J,2
50248112,Fischer H,3
81692930,Wang DY,1
81692930,Lin R,2
81692930,Wu S,3
38112164,Walsh YD,1
38112164,Murphy K,2
38112164,Ahmadi L,3
38112164,Lee R,4
38112164,Murphy E,5
38112164,Thompson D,6
38112164,Kelly G,7
38112164,King J,8
34895278,Mercier S,1
34895278,Lewandowski T,2
34895278,Laurent LT,3
34895278,Martin V,4
34895278,Girard YD,5
34895278,Blanc B,6
34895278,Bertrand TD,7
34895278,Simon N,8
85118813,Fournier E,1
85118813,Durand Y,2
85118813,Leroy F,3
85118813,Vincent G,4
85118813,Bertrand V,5
85118813,Leroy K,6
85118813,Blanc T,7
61001352,Nowak K,1
61001352,Russo RS,2
61001352,Esposito NL,3
61001352,Russo N,4
61001352,Marino M,5
61001352,Bruno F,6
61001352,Ricci RP,7
63641905,Kim C,1
63641905,Bertrand H,2
63641905,Laurent TF,3
49302343,Schneider A,1
49302343,Becker R,2
49302343,Klein D,3
49302343,Hoffmann C,4
49302343,Klein N,5
49302343,Schneider D,6
49302343,Wagner K,7
49302343,Mueller YJ,8
43435300,Han JD,1
43435300,Han V,2
43435300,Kang Y,3
43435300,Han PD,4
43435300,Jang BD,5
43435300,Cho AT,6
43435300,Kim A,7
43435300,Kang F,8
43435300,Jang B,9
43435300,Han PS,10
96889518,Roux D,1
96889518,Lefebvre N,2
96889518,Fournier FN,3
96889518,Michel P,4
96889518,Vincent N,5
96889518,Girard JV,6
96889518,Petit F,7
96889518,Bernard DL,8
63019137,Ricci S,1
63019137,Bianchi SJ,2
63019137,Romano R,3
63019137,Gallo F,4
63019137,Bianchi NB,5
63019137,Gallo TE,6
63019137,Romano TR,7
63019137,Rossi H,8
18484321,Roberts V,1
18484321,Cooper F,2
18484321,Turner Y,3
24303361,Wu S,1
61001904,Meyer L,1
61001904,Richter AB,2
58275033,Gagne VE,1
58275033,Kowalski LG,2
58275033,Gagne K,3
58275033,Fortin K,4
58275033,Bouchard PC,5
44371923,Blanc M,1
44371923,Simon F,2
43857819,Ozturk V,1
43857819,Yilmaz D,2
43857819,Ozturk H,3
77234185,Watanabe J,1
77234185,Sato T,2
77234185,Kobayashi CK,3
77234185,Tanaka N,4
95010655,Zielinski RV,1
95010655,Kaminski J,2
95010655,Kowalczyk T,3
95010655,Kowalski FR,4
92103573,Nowak J,1
92103573,Wisniewski S,2
92103573,Nowak HR,3
92103573,Kaminski GS,4
92103573,Wojcik T,5
99685654,Morris T,1
99685654,Wood B,2
99685654,Hughes A,3
99685654,Ward GJ,4
50103681,Girard V,1
50103681,Roux TT,2
50103681,Fournier CJ,3
50103681,Laurent T,4
50103681,Jung VS,5
50103681,Martin L,6
50103681,Fournier R,7
78244214,Joshi J,1
78244214,Patel JY,2
78244214,Sharma CS,3
78244214,Gupta EY,4
99512791,Steiner HC,1
99512791,Meier L,2
99512791,Schmid R,3
99512791,Meier M,4
99512791,Souza K,5
99512791,Gerber FL,6
99512791,Steiner N,7
43465735,Allen G,1
43465735,Wilson N,2
43465735,Miller J,3
43465735,White J,4
43465735,Allen H,5
43465735,Clark L,6
43465735,Baker CE,7
43465735,Harris DD,8
55835085,Martinez HR,1
55835085,Gonzalez GS,2
55835085,Ruiz FL,3
85658824,Jang AV,1
85658824,Jung R,2
85658824,Jang D,3
85658824,Kim K,4
85658824,Cho HB,5
85658824,Park S,6
85658824,Yoon R,7
85658824,Kang LT,8
95568790,Joshi SP,1
95568790,Sharma T,2
71308363,Fortin Y,1
71308363,Lavoie V,2
71308363,Fortin G,3
71308363,Lavoie N,4
71308363,Tremblay VJ,5
71308363,Gauthier JN,6
81057055,Peeters H,1
81057055,Peeters M,2
81057055,Maes AF,3
81057055,Peeters BF,4
53552846,Bonnet C,1
53552846,David YT,2
53552846,Bertrand TD,3
53552846,Leroy H,4
53552846,Petit NK,5
53552846,Larsson R,6
53552846,Simon N,7
99662335,Kowalski TV,1
99662335,Wojcik S,2
99662335,Wojcik N,3
99662335,Wojcik T,4
91857064,Nascimento J,1
91857064,Evans CP,2
91857064,Green S,3
91857064,Edwards J,4
91857064,Hughes H,5
91857064,Cooper V,6
91857064,Wood GE,7
91857064,Edwards C,8
91857064,Jones V,9
91857064,Hill T,10
88707394,Patel J,1
88707394,Rao P,2
88707394,Joshi H,3
88707394,Sharma T,4
28634538,Miller PK,1
28634538,Harris D,2
28634538,Davis B,3
28634538,Anderson KB,4
28634538,Davis L,5
28634538,Harris NM,6
75543811,Lewis LR,1
75543811,Johnson DP,2
83900768,Ruiz FL,1
44683583,Mohammadi G,1
44683583,Maes B,2
44683583,Maes PB,3
44683583,Willems MK,4
45384493,Bianchi NB,1
45384493,de Jong B,2
45384493,Ferrari A,3
45384493,Rossi KA,4
45384493,Ricci RP,5
32200025,Colombo PC,1
32200025,Willems P,2
32200025,Colombo MP,3
32200025,Colombo L,4
85697221,Johnson SR,1
85697221,Brown V,2
85697221,Davis EH,3
85697221,White VJ,4
85697221,Allen RM,5
85697221,Thomas V,6
85697221,Harris R,7
38311103,de Jong G,1
38311103,van Dijk G,2
38311103,Mulder AM,3
38311103,Mulder NB,4
38311103,de Boer M,5
38311103,Smit D,6
60675396,Baker YD,1
60675396,Taylor JF,2
60675396,Brown MR,3
39237505,Russo N,1
39237505,Bruno KS,2
39237505,Bruno E,3
39237505,Rossi KA,4
39237505,Romano E,5
39237505,Ferrari H,6
87175281,Koch EF,1
87175281,Lim C,2
87175281,Schmidt JA,3
72703668,Ito V,1
72703668,Michel KD,2
72703668,Ito GB,3
72703668,Yoshida FK,4
72703668,Sato S,5
72703668,Yamada CL,6
72703668,Ito YY,7
72703668,Ito JC,8
72703668,Kato EL,9
72703668,Sato ME,10
48819004,Morin G,1
17631556,Ozturk H,1
17631556,Evans S,2
17631556,Edwards PH,3
17631556,Wood KA,4
17631556,Green B,5
44173662,Nakamura R,1
44173662,Sato ME,2
44173662,Suzuki VJ,3
44173662,Takahashi SH,4
28078846,Hu GS,1
28078846,Xu M,2
28078846,Lin B,3
28078846,Ma AB,4
28078846,Hu HM,5
88758088,Schulz DM,1
88758088,Schmidt R,2
88758088,Fischer PK,3
88758088,Wagner L,4
88758088,Schulz JK,5
88758088,Fischer H,6
13354489,Nowak BP,1
13354489,Kowalczyk LT,2
13354489,Kowalski TV,3
13354489,Kaminski BT,4
13354489,Nowak J,5
81286290,Schmidt SE,1
81286290,Schneider R,2
81286290,Hoffmann Y,3
81286290,Schneider L,4
81286290,Fischer FK,5
81286290,Klein A,6
81286290,Kelly A,7
81286290,Kaya T,8
81286290,Richter GH,9
81286290,Koch N,10
81286290,Schulz TR,11
81286290,Schneider PL,12
10493441,Garcia HV,1
10493441,Petit P,2
10493441,Ferrari N,3
10493441,Simon NJ,4
56958162,Schmidt KA,1
56958162,Schulz TR,2
56958162,Cooper N,3
56958162,Gagne M,4
56958162,Becker S,5
56958162,Koch N,6
56958162,Ito F,7
56958162,Schneider PL,8
43664974,Hughes J,1
43664974,Wood KA,2
43664974,Edwards PH,3
43664974,Andersson SM,4
43664974,Hughes H,5
43664974,Green B,6
64226564,Esposito M,1
64226564,Bruno F,2
64226564,Esposito NL,3
64226564,Ricci RP,4
39562178,Miller V,1
39562178,Harris K,2
39562178,Lewis D,3
47006489,Willems A,1
47006489,Mertens FE,2
47006489,Mertens GM,3
89483574,de Jong C,1
89483574,van Dijk CR,2
89483574,de Boer L,3
89483574,van Dijk AL,4
89483574,Bakker A,5
89483574,Mulder AM,6
89483574,Visser M,7
89483574,Bakker FM,8
89483574,de Boer PN,9
89483574,Smit D,10
43608892,Schneider PL,1
43608892,Becker F,2
43608892,Schulz M,3
43608892,Schneider P,4
43608892,Wolf F,5
20224842,Liu RJ,1
20224842,Hu D,2
20224842,Wang L,3
20224842,Ma ET,4
91703570,Takahashi HP,1
91703570,Yamada J,2
91703570,Wu S,3
91703570,Nakamura VK,4
91703570,Yoshida P,5
88968483,Park C,1
88968483,Jang Y,2
88968483,Han PS,3
88968483,Han B,4
88968483,Jang EC,5
88968483,Jang B,6
23387146,Esposito YK,1
23387146,Rossi H,2
23387146,Weber ND,3
23387146,Ricci RP,4
12521836,Lewandowski KV,1
12521836,Wojcik T,2
12521836,Kaminski HS,3
12521836,Nowak J,4
49262832,Gallo V,1
49262832,Watanabe F,2
49262832,Yamada L,3
49262832,Yoshida SB,4
49262832,Yamamoto KP,5
49262832,Kobayashi F,6
49262832,Watanabe Y,7
49262832,Sato P,8
55251255,Mercier J,1
55251255,Lefebvre DJ,2
55251255,Bernard ME,3
55251255,Leroy A,4
55251255,Lefebvre M,5
55251255,Kang MN,6
55251255,Durand A,7
44493549,Mitchell P,1
44493549,Kelly JB,2
44493549,King TE,3
44493549,Mitchell S,4
44493549,Robinson LC,5
44493549,Lee P,6
96318329,Ward D,1
96318329,Williams B,2
96318329,Kaminski F,3
96318329,Turner Y,4
28405086,Brown T,1
28405086,Lewis D,2
71732894,Ma HS,1
71732894,Xu MG,2
71732894,Zhu G,3
71732894,Hu V,4
71732894,Wang L,5
71732894,Liu T,6
71732894,Lin A,7
71732894,Ma ET,8
57785861,Zhu S,1
57785861,Guo CS,2
57785861,Harris R,3
57785861,Hu HM,4
76065789,Moradi T,1
76065789,Moradi G,2
76065789,Hosseini G,3
76065789,Hosseini V,4
76065789,Jafari A,5
36379819,Gagne BM,1
36379819,Jang F,2
36379819,Morin J,3
36379819,Cote L,4
36379819,Cote B,5
36379819,Tremblay D,6
31066655,Johnson YR,1
31066655,Wright ML,2
31066655,Miller F,3
31066655,Lewis AV,4
31066655,Clark TF,5
31066655,Thomas S,6
64899785,Hughes J,1
64899785,Turner Y,2
64899785,Lim K,3
64899785,Jones R,4
64899785,Evans S,5
64899785,Cooper B,6
64899785,Green B,7
21614454,Nakamura S,1
21614454,Gupta P,2
21614454,Joshi J,3
21614454,Singh D,4
21614454,Gupta RR,5
21614454,Gupta EY,6
47509579,Zhang VY,1
47509579,Russo RS,2
47509579,Ferrari SV,3
47509579,Russo BD,4
47509579,Russo N,5
47509579,Rossi KA,6
47509579,Colombo S,7
47509579,Ferrari N,8
47509579,Greco YY,9
47509579,Ricci RP,10
17374809,Mueller RY,1
17374809,Keller JK,2
17374809,Gerber DH,3
59928843,Meyer P,1
59928843,Johansson A,2
59928843,Nilsson A,3
59928843,Olsson V,4
58796222,Harris LY,1
58796222,Young YA,2
58796222,Moore N,3
58796222,Clark Y,4
58796222,Clark PY,5
58796222,Allen N,6
58796222,Thomas MT,7
42965917,Thomas TS,1
42965917,Brown B,2
42965917,Smith S,3
42965917,Davis B,4
70241599,Janssens L,1
70241599,Goossens FB,2
70241599,Green R,3
70241599,Goossens TA,4
70241599,Jacobs KC,5
70241599,Maes K,6
70241599,Mertens NH,7
67266419,Evans GV,1
67266419,Ward T,2
67266419,Roberts T,3
67266419,Green B,4
67266419,Hughes A,5
67266419,Jones AC,6
67266419,Ward GJ,7
18987274,Cote M,1
52273839,Zhou MC,1
52273839,Wu Y,2
52273839,Han M,3
52273839,Liu G,4
52273839,Hu F,5
52273839,Sun B,6
50845873,Janssens BH,1
50845873,Claes CY,2
50845873,Jacobs T,3
50845873,Peeters G,4
50845873,Peeters M,5
50845873,Peeters BF,6
81183863,Visser D,1
81183863,Meijer D,2
81183863,Bakker A,3
85971139,Fournier DH,1
85971139,Girard PE,2
85971139,Simon F,3
69925378,Brown F,1
69925378,Jackson D,2
69925378,Fernandez PL,3
69925378,Young G,4
69925378,Baker L,5
69925378,Allen MN,6
69925378,Young LV,7
69925378,Wilson L,8
69925378,Wolf F,9
69925378,Walker Y,10
69925378,Thomas CT,11
69925378,Smith N,12
64952083,Kato TT,1
64952083,Yoshida FK,2
64952083,Watanabe G,3
64952083,Kato G,4
64952083,Takahashi PV,5
64952083,Ito DV,6
28227859,Nakamura R,1
28227859,Yamamoto P,2
28227859,Suzuki T,3
28227859,Yamada EC,4
28227859,Takahashi SH,5
62768226,Goossens F,1
62768226,Mertens GM,2
18526055,Kobayashi B,1
18526055,Kobayashi MC,2
18526055,Jansen HV,3
18526055,Yamamoto V,4
18526055,Yoshida P,5
36610410,Yang NT,1
36610410,Hu V,2
36610410,Wang L,3
36610410,Zhu B,4
36610410,Wu YM,5
36610410,Zhao A,6
36610410,Li D,7
36610410,Ma ET,8
20294275,Gallo R,1
20294275,Marino TA,2
20294275,Bruno F,3
20294275,Ricci RP,4
57834654,Bruno B,1
57834654,Romano CB,2
57834654,Bruno BK,3
57834654,Bruno L,4
57834654,Greco ES,5
57834654,Esposito J,6
78219566,Ryan N,1
78219566,Ryan LB,2
78219566,King CA,3
78219566,O'Brien G,4
78219566,King Y,5
78219566,Murphy HH,6
78219566,Robinson F,7
78219566,O'Brien Y,8
98612540,Takahashi D,1
98612540,Kobayashi MC,2
98612540,Sato B,3
98612540,Suzuki T,4
98612540,Yamamoto KP,5
98612540,Nakamura F,6
98612540,Takahashi SH,7
81593019,Bianchi SN,1
81593019,Ricci PN,2
81593019,Greco S,3
81593019,Romano R,4
81593019,Russo DN,5
83484523,Colombo H,1
83484523,Rossi VC,2
83484523,Kobayashi V,3
83484523,Esposito R,4
83484523,Ferrari J,5
83484523,Bianchi NB,6
51052878,Visser TJ,1
51052878,van den Berg G,2
51052878,Mulder BR,3
51052878,Mulder SP,4
51052878,de Vries J,5
51052878,van den Berg H,6
51052878,Jansen E,7
51052878,Meijer Y,8
57695180,Singh N,1
57695180,Gupta RR,2
57695180,Singh K,3
57695180,Cho V,4
57695180,Kato K,5
57695180,Gupta M,6
39284242,Gallo HF,1
39284242,Rossi KA,2
39284242,Ricci RP,3
34194188,Russo DS,1
34194188,van Dijk A,2
34194188,Esposito CM,3
34194188,Bruno E,4
34194188,Rossi H,5
17198628,Guo KP,1
17198628,He MB,2
17198628,Guo NH,3
44586355,Roberts SE,1
44586355,Wood JP,2
44586355,Hill J,3
44586355,Wood DM,4
44586355,Hughes N,5
22734754,Kumar B,1
22734754,Iyer V,2
22734754,Sharma M,3
22734754,Peeters G,4
22734754,Gupta F,5
73931441,Wright M,1
73931441,Walker TB,2
92428953,Karimi B,1
92428953,Gomez E,2
92428953,Karimi T,3
92428953,Hosseini A,4
92428953,Hosseini CN,5
92428953,Rahimi HD,6
92428953,Rezaei KN,7
13302789,Watanabe Y,1
13302789,Yamada L,2
13302789,Nakamura PJ,3
13302789,Yoshida SB,4
13302789,Tanaka N,5
13302789,Sato P,6
27678934,Fischer FK,1
27678934,Fischer K,2
27678934,Klein A,3
27678934,Mueller T,4
27678934,Klein R,5
27678934,Wolf G,6
27678934,Schneider PL,7
68384328,Leroy H,1
68384328,Fournier RJ,2
68384328,Bonnet J,3
68384328,David RJ,4
68384328,Bonnet N,5
68384328,Laurent TF,6
62475760,Romano NY,1
62475760,Esposito R,2
62475760,Gallo R,3
62475760,Bruno H,4
62475760,Colombo L,5
72542242,Olsson DA,1
72542242,Fournier R,2
72542242,Larsson AF,3
72542242,Andersson CD,4
72542242,Persson B,5
72542242,Andersson D,6
72542242,Nilsson D,7
72542242,Karlsson P,8
72542242,Olsson T,9
72542242,Olsson V,10
46682635,Hosseini S,1
46682635,Rezaei K,2
46682635,Jafari N,3
46682635,Karimi P,4
46682635,Jafari A,5
43820295,Lefebvre C,1
43820295,Roux T,2
43820295,Garcia B,3
43820295,Lefebvre DJ,4
43820295,Willems Y,5
43820295,Leroy P,6
43820295,Clark FE,7
43820295,Mercier F,8
43820295,Vincent DG,9
43820295,Lefebvre A,10
43820295,Simon C,11
43820295,Bernard FF,12
75607893,Chen BE,1
75607893,Sun J,2
75607893,Guo CS,3
75607893,Sun S,4
75607893,He MB,5
75607893,Guo NH,6
50562379,Sun J,1
50562379,Li VM,2
50562379,Wu E,3
50562379,Gupta M,4
50562379,Yang J,5
50562379,Ma ET,6
38894399,Goossens K,1
38894399,Jacobs T,2
56525286,Sahin P,1
56525286,Davis R,2
56525286,Ozturk CB,3
56525286,Kaya PB,4
56525286,Ozturk JC,5
56525286,Kaya K,6
56525286,Sahin FB,7
28093779,Laurent J,1
28093779,Lefebvre KV,2
28093779,Leroy SH,3
28093779,Durand DF,4
28093779,Fournier RJ,5
28093779,Bonnet J,6
28093779,David B,7
28093779,Garcia EH,8
28093779,Leroy A,9
28093779,Roux NC,10
28093779,Laurent MA,11
28093779,Laurent TF,12
45735528,Larsson TP,1
45735528,Jacobs S,2
45735528,Goossens FB,3
45735528,Willems G,4
45735528,Mertens E,5
45735528,Mertens NH,6
73465950,Yamamoto K,1
73465950,Sato H,2
73465950,Suzuki S,3
73465950,Ito P,4
45316268,Meijer LP,1
45316268,Bos A,2
45316268,de Boer AF,3
45316268,Bos J,4
45316268,Bakker C,5
45316268,Bakker A,6
82618685,Gonzalez HB,1
82618685,Lopez K,2
82618685,Moreno FK,3
82618685,Lopez B,4
82618685,Martinez SA,5
14665363,Johnson M,1
14665363,Zielinski RV,2
14665363,Mitchell G,3
14665363,Lewandowski PJ,4
14665363,Zielinski M,5
14665363,Kowalski FR,6
28386854,Sahin S,1
28386854,Aydin HJ,2
28386854,Simon F,3
28386854,Aydin K,4
28386854,Aydin AS,5
28386854,Demir R,6
28386854,Kaya K,7
28386854,Ozturk H,8
24757552,Taylor TA,1
24757552,Johnson SR,2
24757552,Harris R,3
60205392,Diaz F,1
60205392,Martinez SA,2
30775679,Karlsson S,1
30775679,Karlsson B,2
30775679,Eriksson NR,3
30775679,Karlsson CL,4
30775679,Olsson S,5
46348601,Oliveira EV,1
46348601,Almeida BD,2
46348601,Pereira Y,3
46348601,Santos A,4
46348601,Lima KK,5
46348601,Pereira LV,6
46348601,Costa L,7
95862823,Greco Y,1
95862823,Bruno E,2
95862823,Gallo E,3
95862823,Ferrari H,4
46450582,Lin F,1
46450582,Ma Y,2
46450582,He P,3
81312987,Lewis M,1
81312987,Smith Y,2
81312987,White L,3
81312987,Jackson KH,4
81312987,Brown K,5
81312987,Clark FV,6
81312987,Lewis H,7
81312987,Walker G,8
81312987,Taylor SB,9
81312987,Clark KY,10
81312987,Allen KS,11
81312987,Wilson V,12
57016026,Pereira LV,1
57016026,Gupta RR,2
57016026,Sharma PK,3
57016026,Gupta M,4
34325944,Takahashi SH,1
34325944,Cooper V,2
34325944,Jones NL,3
34325944,Turner N,4
34325944,Schulz JK,5
34325944,Green SH,6
86764928,Costa AB,1
86764928,Santos S,2
86764928,Nascimento BT,3
90159658,Karimi B,1
90159658,Rahimi HD,2
90159658,Moradi E,3
90159658,Nowak S,4
90159658,Hosseini CN,5
90159658,Rezaei KN,6
34450927,Turner D,1
34450927,Evans R,2
34450927,Hill MG,3
43183357,Almeida CH,1
43183357,Costa L,2
43183357,Oliveira H,3
43183357,Lima D,4
43183357,Silva TY,5
68999098,Silva K,1
68999098,Silva H,2
68999098,Souza P,3
68999098,Pereira S,4
49831837,Becker DE,1
49831837,Harris DD,2
49831837,Wagner VY,3
75057024,Marino BN,1
75057024,Bruno T,2
75057024,Rossi JD,3
75057024,Esposito Y,4
75057024,Greco ES,5
75057024,Bianchi S,6
75057024,Esposito PT,7
75057024,Esposito J,8
33264596,Wu K,1
33264596,Pereira LF,2
33264596,Li LG,3
33264596,Garcia G,4
33264596,Liu VL,5
33264596,He E,6
33264596,Hu D,7
33264596,Zhao E,8
33264596,Wang B,9
33264596,Yang J,10
94425001,Gomez YN,1
94425001,Martinez G,2
52496941,Walsh L,1
52496941,Thompson D,2
52496941,Ryan N,3
52496941,Lee V,4
14396052,Gomez DD,1
14396052,Alvarez B,2
14396052,Ruiz FL,3
59335904,Petit B,1
59335904,Petit Y,2
59335904,Leroy E,3
59335904,Martin LH,4
59335904,Schmid RN,5
59335904,Leroy P,6
59335904,Bernard N,7
59335904,Laurent K,8
21609368,Allen MN,1
21609368,Thomas CT,2
21609368,Smith N,3
98755455,Patel V,1
98755455,Patel JY,2
98755455,Lewis D,3
98755455,Sharma G,4
98755455,Rao DH,5
98755455,Sharma FL,6
98755455,Gupta EY,7
83714364,Simon C,1
83714364,Mercier MK,2
83714364,Bonnet J,3
83714364,Girard V,4
83714364,Garcia E,5
83714364,Martin L,6
83714364,Fournier R,7
32739602,Mueller F,1
32739602,Becker TK,2
32739602,Sharma T,3
32739602,Koch C,4
32739602,Fischer H,5
77677902,Walker N,1
77677902,Taylor GM,2
77677902,Baker CE,3
77677902,Gerber C,4
77677902,Smith R,5
68451065,Schmid AS,1
68451065,Steiner C,2
68451065,Schmid Y,3
68451065,Gerber CP,4
95603250,Miller E,1
95603250,Davis H,2
97509763,Yamamoto A,1
97509763,Watanabe N,2
68174478,Fortin CM,1
68174478,Lavoie YP,2
68174478,Roy JR,3
68174478,Gagnon B,4
68174478,Campbell Y,5
68174478,Roy J,6
68174478,Morin G,7
15093443,Kelly G,1
15093443,Lee J,2
15093443,King J,3
11587363,Janssens F,1
11587363,Maes T,2
11587363,Maes B,3
11587363,Larsson YK,4
11587363,Santos HV,5
11587363,Peeters BF,6
65997824,Silva TY,1
65997824,Lima P,2
65997824,Santos Y,3
65997824,Rodrigues DH,4
65997824,Costa L,5
65997824,Souza P,6
65997824,Oliveira L,7
65997824,Nascimento BT,8
46425233,Jacobs B,1
46425233,Jacobs A,2
46425233,Goossens N,3
46425233,Willems MK,4
11585462,Hu T,1
98359087,Nair Y,1
98359087,Rao Y,2
98359087,Rao V,3
98359087,Nair T,4
98359087,Nair S,5
98359087,Patel B,6
88223143,Rezaei H,1
88223143,Chen YF,2
88223143,Moradi A,3
88223143,Mohammadi G,4
77196761,Wright A,1
77196761,White CG,2
77196761,Scott G,3
77196761,Schulz N,4
77196761,Baker B,5
77196761,Allen RM,6
77196761,Thomas S,7
77196761,Thomas V,8
77196761,Jackson G,9
77196761,Taylor MY,10
27932846,Yang E,1
27932846,Yang V,2
27932846,Ma EV,3
36797468,Wolf J,1
36797468,Mueller G,2
36797468,Hoffmann D,3
36797468,Mueller MJ,4
36797468,Schulz NR,5
36797468,Schulz T,6
36797468,Becker LR,7
36797468,Schmidt JA,8
18840173,Schneider V,1
18840173,Fischer H,2
18840173,Becker H,3
18840173,Koch H,4
18840173,Fischer PK,5
18840173,Fischer J,6
18840173,Mueller EA,7
18840173,Wolf F,8
62979634,Thompson VP,1
62979634,Ryan A,2
62979634,Mitchell P,3
62979634,Murphy DH,4
62979634,Lee P,5
25580264,Hughes V,1
25580264,Hughes HJ,2
25580264,Hill C,3
29120925,Visser S,1
29120925,van den Berg CJ,2
29120925,de Vries AN,3
29120925,Bos VB,4
29120925,Celik N,5
29120925,Bos GK,6
39263152,Johnson SR,1
39263152,Lewis G,2
39263152,Young FG,3
39263152,Scott C,4
39263152,Harris R,5
75069666,Zhao GH,1
75069666,Ma Y,2
75069666,Ma ET,3
73945228,Gonzalez P,1
73945228,Gomez YN,2
73945228,Perez V,3
73945228,Jacobs T,4
73945228,Martinez G,5
73945228,Diaz B,6
73945228,Moreno G,7
73945228,Moreno FK,8
10709874,Ito P,1
26204166,Anderson KB,1
26204166,Jackson TC,2
26204166,Allen T,3
26204166,Gomez RT,4
26204166,Baker Y,5
26204166,Harris NM,6
45209104,Hughes JP,1
45209104,Wood D,2
45209104,Ward GJ,3
45209104,Edwards YB,4
45209104,Edwards GS,5
78826692,Klein S,1
78826692,Wagner L,2
78826692,Wojcik Y,3
78826692,Fischer H,4
97667141,Alvarez S,1
97667141,Meijer D,2
97667141,Jansen AH,3
97667141,van den Berg D,4
97667141,Bakker A,5
73342947,Young CM,1
73342947,Lewis P,2
73342947,Allen RM,3
24672346,Mohammadi P,1
24672346,Ricci TK,2
24672346,Rossi CC,3
24672346,Gallo HC,4
24672346,Bianchi MM,5
24672346,Ferrari N,6
57061383,Kim K,1
57061383,Jang AV,2
57061383,Jang YE,3
57061383,Ryan ND,4
57061383,Park DV,5
57061383,Cho HB,6
57061383,Yoon R,7
57061383,Kang LT,8
72322864,Wojcik A,1
72322864,Wilson S,2
72322864,Clark Y,3
72322864,Clark PY,4
72322864,Thomas MT,5
65472269,Yamada L,1
65472269,Watanabe Y,2
65472269,Yoshida SB,3
65472269,Kobayashi A,4
65472269,Yamamoto KP,5
65472269,Sato P,6
35629875,Ito A,1
35629875,Moore N,2
35629875,Thomas MT,3
10762339,Takahashi F,1
10762339,King J,2
67528941,Thompson C,1
67528941,Ryan K,2
67528941,Ryan A,3
67528941,O'Brien Y,4
69491937,Jones A,1
69491937,Hall Y,2
69491937,Edwards GS,3
44408297,Hall DE,1
44408297,Turner GN,2
44408297,Evans G,3
44408297,Cooper N,4
25121037,MacDonald A,1
25121037,Morin D,2
25121037,Bouchard PC,3
38999378,Singh K,1
38999378,Lee P,2
38999378,Thompson SL,3
38999378,King T,4
38999378,King TE,5
38999378,Ryan A,6
38999378,O'Brien Y,7
71099958,Lopez TK,1
71099958,Bernard ME,2
71099958,David YT,3
71099958,Simon N,4
46320147,Hoffmann YD,1
46320147,Schulz B,2
46320147,Richter V,3
46320147,Koch BT,4
46320147,Schulz T,5
46320147,Wagner VY,6
70700086,Gagnon PA,1
70700086,Fortin DN,2
70700086,Gagnon AL,3
70700086,Larsson K,4
70700086,MacDonald R,5
16157292,Zhu YB,1
16157292,Hu JN,2
16157292,Zhao AV,3
16157292,Zhao GH,4
16157292,Ma Y,5
16157292,Lim C,6
16157292,Ma ET,7
51370274,Diaz C,1
68890501,Park C,1
68890501,Lim S,2
68890501,Park F,3
68890501,Kim V,4
68890501,Jung FV,5
68890501,Han B,6
68890501,Kang HP,7
68890501,Jang B,8
56730214,Jafari S,1
56730214,Moradi G,2
56730214,Karimi D,3
56730214,Hosseini S,4
56730214,Jafari R,5
56730214,Jafari A,6
85071353,Mulder S,1
85071353,van Dijk NF,2
85071353,Mulder F,3
85071353,de Vries L,4
86896028,Willems GJ,1
86896028,Goossens AT,2
86896028,Goossens K,3
86896028,Willems MK,4
86804293,Roberts PM,1
86804293,Bruno SS,2
86804293,Esposito NL,3
86804293,Ricci RP,4
18684768,Patel NL,1
18684768,Weber DD,2
18684768,Richter V,3
18684768,Fischer FK,4
18684768,Wolf D,5
18684768,Kowalski B,6
18684768,Becker DE,7
18684768,Schmidt SP,8
18684768,Richter L,9
18684768,Wagner VY,10
17717791,Nilsson SE,1
17717791,Johansson C,2
17717791,Nilsson KF,3
17717791,Johansson P,4
67274246,Yang E,1
67274246,Xu G,2
67274246,Ma EV,3
71748911,Han B,1
71748911,Park T,2
71748911,Jung FV,3
71748911,Jung VS,4
71748911,Han M,5
71748911,Park C,6
71748911,Jang B,7
60242126,Jacobs NR,1
60242126,Claes KC,2
60242126,Goossens F,3
60242126,Maes SS,4
60242126,Maes M,5
60242126,Mertens E,6
60242126,Jacobs T,7
94808792,Jang AV,1
94808792,Kim K,2
94808792,Cho HB,3
94808792,Jung H,4
94808792,Han HD,5
94808792,Kang LT,6
25159948,Mitchell P,1
25159948,Thompson VP,2
25159948,Kelly J,3
25159948,Lee P,4
81514758,Zhou G,1
81514758,He H,2
81514758,Zhao M,3
81514758,Wu EA,4
81514758,Zhao G,5
81514758,Ma EV,6
60344883,Evans TL,1
60344883,Williams L,2
60344883,Jones GG,3
60344883,Cooper N,4
65857751,Mueller G,1
65857751,Richter S,2
65857751,Hoffmann YD,3
65857751,Klein E,4
65857751,Wolf J,5
65857751,Schmidt JA,6
76665209,Sahin A,1
76665209,Yilmaz A,2
76665209,Demir R,3
76665209,Aydin S,4
76665209,Sahin D,5
76665209,Sahin FE,6
76665209,Kaya K,7
45335730,Fernandez Y,1
45335730,Michel T,2
45335730,Bernard LG,3
45335730,Petit D,4
62708076,Maes AF,1
62708076,Peeters M,2
62708076,Gupta N,3
62708076,Peeters BF,4
63678614,Kim B,1
63678614,Choi A,2
63678614,Lim B,3
63678614,Kim G,4
63678614,Cho M,5
63678614,Choi PE,6
63678614,Jung VS,7
96566749,Koch KB,1
96566749,Schneider D,2
96566749,Mueller YJ,3
60943235,Schmidt JA,1
60943235,Hoffmann B,2
60943235,Wagner L,3
60943235,Fischer H,4
84282711,Li YH,1
84282711,Lin T,2
84282711,Wu EA,3
84282711,Li LG,4
84282711,Hu JN,5
84282711,Li LY,6
84282711,Huang RV,7
84282711,Liu D,8
84282711,Hu NG,9
84282711,Robinson C,10
84282711,Lin R,11
84282711,Zhang VY,12
60407960,Colombo RH,1
60407960,Greco G,2
60407960,Gallo J,3
60407960,Bianchi NB,4
94458381,Ito DV,1
94458381,Fischer T,2
94458381,Koch EF,3
94458381,Richter M,4
94458381,Richter SG,5
94458381,Schmidt JA,6
97512754,Jackson A,1
97512754,Davis H,2
26948951,Moreno P,1
26948951,Gonzalez GS,2
26948951,Gomez YN,3
26948951,Moreno FK,4
26948951,Ruiz FL,5
88399029,Bertrand H,1
88399029,Vincent G,2
88399029,Bonnet J,3
88399029,Laurent TF,4
26449923,Schneider PL,1
26449923,Schneider V,2
26449923,Wolf HE,3
26449923,Wolf F,4
32747432,Huang L,1
32747432,He MB,2
32747432,Sun B,3
38603253,Hall BT,1
38603253,Green EB,2
38603253,Jones K,3
38603253,Hall P,4
38603253,Aydin F,5
38603253,Hall N,6
38603253,Hughes HJ,7
66434151,Gomez J,1
66434151,Gomez RT,2
66434151,Moreno G,3
66434151,Diaz B,4
66434151,Moreno FK,5
29959323,Smit V,1
29959323,Visser E,2
29959323,Mulder AM,3
29959323,Visser TJ,4
29959323,Meijer Y,5
26850693,Smith R,1
26850693,Gerber V,2
97925765,Wood DM,1
97925765,Ward G,2
97925765,Wood JP,3
97925765,Evans YY,4
97925765,Evans GF,5
97925765,Guo BC,6
97925765,Sanchez YN,7
97925765,Hughes N,8
43214090,Santos L,1
43214090,Nascimento S,2
43214090,Pereira G,3
43214090,Oliveira H,4
43214090,Lima B,5
43214090,Pereira J,6
43214090,Lima D,7
43214090,Silva TY,8
96236865,Patel GG,1
96236865,Gupta M,2
70854942,Wood JP,1
70854942,Ward GJ,2
70854942,Hughes N,3
55294909,Tremblay D,1
55294909,Roy T,2
55294909,MacDonald R,3
60875721,de Vries L,1
60875721,de Jong VS,2
60875721,Bakker FM,3
60875721,Bos N,4
60875721,Meijer PP,5
60875721,van Dijk T,6
60875721,de Boer L,7
60875721,de Vries AN,8
90522447,Lefebvre C,1
90522447,Bernard MN,2
90522447,Bernard DL,3
80796269,Gallo F,1
80796269,Rossi H,2
65548516,Roberts C,1
65548516,Hughes JP,2
65548516,Hall JM,3
65548516,Edwards GS,4
36284222,Bertrand H,1
36284222,Lefebvre D,2
36284222,Petit Y,3
36284222,Fournier F,4
36284222,David R,5
36284222,Michel KD,6
36284222,Petit D,7
90120100,Peeters M,1
90120100,Maes R,2
90120100,Claes G,3
90120100,Janssens R,4
90120100,Maes HT,5
90120100,Peeters H,6
90120100,Peeters BF,7
49496912,Gerber M,1
49496912,Weber MN,2
49496912,Steiner N,3
18428971,Kumar GC,1
18428971,Taylor J,2
18428971,Harris NM,3
18428971,Wilson V,4
49843194,Kobayashi G,1
49843194,Nakamura HS,2
49843194,Kobayashi F,3
49843194,Sato A,4
49843194,Suzuki BV,5
49843194,Sato B,6
47696138,Reddy CL,1
47696138,Reddy G,2
47696138,Joshi J,3
47696138,Singh D,4
47696138,Gupta F,5
47696138,Joshi R,6
47696138,Patel B,7
47696138,Rao DH,8
47696138,Joshi V,9
47696138,Gupta EY,10
96060352,Zhang PH,1
96060352,He MB,2
96060352,Ma ET,3
96060352,Liu P,4
96060352,Wu VS,5
96060352,Guo NH,6
28159247,Mitchell S,1
28159247,Thompson VP,2
28159247,Mitchell P,3
28159247,Johansson M,4
28159247,Kelly T,5
28159247,King TE,6
28159247,Lee P,7
18182359,Hall HA,1
18182359,Ward GJ,2
50303552,Nowak K,1
50303552,Wisniewski T,2
50303552,Kowalczyk T,3
50303552,Kowalski FR,4
95316478,Wolf L,1
95316478,Mueller L,2
95316478,Becker C,3
95316478,Schulz K,4
95316478,Mueller YJ,5
95316478,Richter AB,6
45278524,Joshi SP,1
45278524,Kumar E,2
45278524,Kumar C,3
45278524,Willems Y,4
45278524,Gupta M,5
38335466,Simon SF,1
38335466,Roux TT,2
38335466,Garcia VK,3
38335466,Petit EM,4
38335466,Bernard AY,5
25667350,Nilsson K,1
25667350,Karlsson JT,2
25667350,Karlsson KM,3
25667350,Andersson E,4
25667350,Reddy H,5
25667350,Olsson S,6
14715771,Scott RH,1
14715771,Yilmaz S,2
14715771,Jackson K,3
14715771,Scott JY,4
14715771,White CM,5
14715771,Wilson Y,6
14715771,Davis EK,7
93914819,Ricci PV,1
93914819,Colombo MP,2
93914819,Ricci CN,3
93914819,Esposito J,4
29532158,Gauthier V,1
29532158,Claes CY,2
29532158,Roy G,3
29532158,Fortin M,4
29532158,Morin HH,5
29532158,Bouchard P,6
29532158,Fortin K,7
29532158,Roy P,8
29532158,Cote J,9
29532158,Tremblay H,10
29532158,Morin T,11
29532158,Cote V,12
67427632,Wojcik S,1
67427632,Wojcik T,2
67427632,Zielinski B,3
67427632,Kowalczyk T,4
67427632,Kowalski FR,5
48696678,Fortin SV,1
48696678,Roy YD,2
48696678,Gauthier A,3
48696678,Gagnon YK,4
48696678,Lavoie AS,5
48696678,Morin HH,6
88980818,Ricci RP,1
88980818,Bruno T,2
88980818,Meier L,3
88980818,Bianchi GP,4
88980818,Bruno A,5
88980818,Ferrari N,6
20684012,Williams JP,1
20684012,Jones C,2
20684012,Hill C,3
79379312,Wolf L,1
79379312,Schulz K,2
79379312,Meyer H,3
79379312,Weber E,4
79379312,Richter AB,5
23942306,Petit P,1
23942306,Girard H,2
23942306,Moreau BB,3
23942306,Lefebvre K,4
23942306,Mercier P,5
23942306,Sahin T,6
23942306,Simon NJ,7
78230360,Ruiz GT,1
78230360,Ruiz AR,2
78230360,Rodriguez KB,3
78230360,Gonzalez Y,4
78230360,Martinez D,5
78230360,Martinez G,6
92880994,Taylor TA,1
92880994,Wilson TH,2
92880994,Smith KJ,3
92880994,Wright A,4
92880994,Walker AG,5
92880994,Thomas PL,6
31068047,Brown MR,1
14805222,Jansen AH,1
14805222,Visser M,2
14805222,de Boer M,3
14805222,de Boer ED,4
14805222,Greco ES,5
14805222,Smit D,6
56524940,Williams EH,1
56524940,Wood KA,2
56524940,Green B,3
34006606,Reddy H,1
34006606,Patel GG,2
34006606,Karimi R,3
34006606,Gupta M,4
57753714,Roux LH,1
57753714,Durand Y,2
57753714,Petit L,3
57753714,Durand DD,4
57753714,Lefebvre DJ,5
43333883,Ward V,1
43333883,Ward T,2
43333883,Williams PH,3
43333883,Ward C,4
43333883,Hughes V,5
43333883,Ward GJ,6
60199092,Hoffmann ET,1
60199092,Klein KV,2
60199092,Koch NG,3
73002033,Walker J,1
73002033,Zhu YB,2
73002033,Huang VN,3
73002033,Lin T,4
73002033,Li YH,5
73002033,Zhang VY,6
59651224,Almeida EL,1
59651224,Nascimento BT,2
64509728,Tremblay H,1
64509728,MacDonald N,2
64509728,Campbell V,3
64509728,Campbell B,4
64509728,Lavoie S,5
64509728,Morin K,6
64509728,Roy B,7
64509728,Gagne R,8
64509728,Campbell P,9
64509728,Campbell A,10
64509728,Gauthier V,11
64509728,Cote V,12
86869861,Durand YT,1
86869861,Leroy K,2
86869861,Durand V,3
86869861,Mercier DE,4
86869861,Blanc JB,5
86869861,Blanc T,6
22841880,Johnson P,1
22841880,Taylor AJ,2
22841880,Anderson B,3
22841880,Clark KN,4
22841880,Sahin S,5
22841880,Scott KM,6
22841880,Marino GD,7
22841880,Thomas LD,8
22841880,Taylor S,9
22841880,Walker TB,10
10347437,Johnson E,1
10347437,Thomas PL,2
90307951,Maes M,1
90307951,Jacobs S,2
90307951,Mertens GM,3
92359744,Jansen AH,1
92359744,Bakker E,2
92359744,de Vries BT,3
92359744,de Vries L,4
43651299,Wang A,1
43651299,Wu TH,2
43651299,Zhao G,3
43651299,Hu HM,4
43651299,He H,5
43651299,Wang B,6
43651299,Zhao M,7
43651299,Zhang R,8
43651299,Zhang M,9
43651299,Ma EV,10
60985416,Michel G,1
60985416,Fournier R,2
51667891,Zhao B,1
51667891,Yang G,2
51667891,Lin V,3
51667891,Wu LC,4
51667891,Li A,5
51667891,Sun B,6
68620392,King TE,1
68620392,Fortin NS,2
68620392,Mitchell S,3
68620392,Murphy KP,4
68620392,Robinson LC,5
68620392,King BM,6
68620392,Lee P,7
17504476,Schmid AS,1
17504476,Gerber DH,2
17504476,Huber NS,3
17504476,Gerber V,4
53707785,Ricci H,1
53707785,Esposito YK,2
53707785,Colombo R,3
53707785,Gallo R,4
93274640,Claes CV,1
93274640,Jacobs NR,2
93274640,Mertens M,3
93274640,Claes N,4
93274640,Janssens J,5
93274640,Peeters FC,6
93274640,Maes VH,7
93274640,Jacobs T,8
67536477,O'Brien Y,1
67536477,O'Brien SM,2
67536477,Murphy YF,3
67536477,Schneider SF,4
67536477,Lee R,5
67536477,King J,6
77110920,Wu GH,1
77110920,Richter AB,2
77110920,Xu V,3
77110920,Yang G,4
77110920,Hu F,5
77110920,Zhang DY,6
77110920,Sun B,7
85122731,Smith KV,1
85122731,Anderson A,2
85122731,Davis B,3
76316911,Baker CE,1
76316911,White J,2
76316911,Miller J,3
76316911,Clark GG,4
76316911,Taylor JF,5
76316911,Harris DD,6
14660426,Joshi T,1
14660426,Singh L,2
14660426,Gupta F,3
20980798,Richter S,1
20980798,Wolf L,2
20980798,Schmidt SP,3
20980798,Mueller EA,4
20980798,Wolf F,5
88327635,David G,1
88327635,Fournier J,2
88327635,Morin J,3
88327635,Vincent MM,4
88327635,Durand PT,5
88327635,Leroy G,6
88327635,Simon F,7
83398661,Mohammadi CE,1
69852714,Morris V,1
69852714,Ward T,2
69852714,Ward PJ,3
69852714,Ward GJ,4
95532187,Kelly K,1
95532187,Kelly G,2
95532187,King J,3
39218231,Yamada R,1
39218231,Kobayashi MC,2
39218231,Watanabe D,3
39218231,Kato GN,4
39218231,Yoshida P,5
24188430,Hosseini A,1
24188430,Ahmadi AP,2
24188430,Moradi E,3
24188430,Hosseini L,4
24188430,Rahimi AT,5
24188430,Hosseini CN,6
24188430,Rezaei KN,7
75313698,Petit L,1
75313698,Petit TS,2
75313698,Garcia VK,3
75313698,Blanc HV,4
75313698,Simon F,5
75313698,Wolf HE,6
75313698,Bernard GF,7
75313698,Lefebvre DJ,8
95176511,Nakamura P,1
95176511,Yoshida SB,2
95176511,Yamamoto KP,3
95176511,Ito D,4
95176511,Yamada G,5
95176511,Sato P,6
67907955,Hu HP,1
67907955,Mueller MJ,2
67907955,Becker F,3
67907955,Hoffmann YD,4
67907955,Schulz GR,5
67907955,Koch NG,6
22057195,Gagnon EB,1
22057195,Gagnon L,2
22057195,Cote D,3
22057195,Tremblay E,4
22057195,Cote M,5
56035272,Campbell EJ,1
56035272,Tremblay KV,2
56035272,Gagnon YK,3
56035272,Fortin Y,4
56035272,Gagnon K,5
56035272,Campbell P,6
56035272,Tremblay D,7
56035272,Gagne Y,8
56035272,Gagnon D,9
56035272,Bouchard PN,10
56035272,Bouchard PC,11
56035272,Morin HH,12
54371707,Diaz G,1
54371707,Huber C,2
54371707,Gerber CP,3
47952017,Baker P,1
47952017,Allen LC,2
47952017,Anderson R,3
47952017,Taylor MY,4
45599530,Keller H,1
45599530,Steiner NA,2
45599530,Gerber FL,3
45599530,Meier S,4
93399786,Meijer DY,1
93399786,Jansen E,2
93399786,Smit NE,3
93399786,de Vries AN,4
96283869,Lavoie B,1
96283869,Andersson R,2
96283869,Johansson C,3
96283869,Andersson E,4
96283869,Nilsson KF,5
96283869,Olsson TT,6
96283869,He B,7
96283869,Eriksson T,8
96283869,Larsson D,9
96283869,Johansson P,10
68396307,Sharma CS,1
68396307,Joshi T,2
68396307,Patel E,3
68396307,Patel EH,4
68396307,Singh K,5
68396307,Gupta F,6
23976559,Russo H,1
23976559,Greco G,2
23976559,Ferrari H,3
23976559,Colombo H,4
23976559,Romano RJ,5
23976559,Bianchi NB,6
27378062,Karimi FE,1
27378062,Ahmadi L,2
27378062,Mohammadi G,3
73847123,Garcia DB,1
73847123,Bonnet J,2
73847123,Michel K,3
73847123,Garcia G,4
73847123,Petit D,5
76597806,Clark DT,1
76597806,Walker F,2
76597806,Harris CP,3
76597806,Scott P,4
83964974,Fortin TF,1
83964974,Gauthier JN,2
82927673,Gagne V,1
82927673,Gagne ME,2
82927673,Bouchard F,3
82927673,Cote J,4
82927673,Cote V,5
55065692,Claes CY,1
55065692,Maes PB,2
55065692,Maes B,3
55065692,Goossens B,4
55065692,Edwards TE,5
55065692,Peeters BF,6
56170244,Kim A,1
56170244,Jang EB,2
56170244,Jang YE,3
90818638,Wood DM,1
90818638,Ward G,2
90818638,Hughes N,3
54579301,Klein HY,1
54579301,Weber Y,2
72381543,Jackson K,1
72381543,Costa K,2
72381543,Lewis D,3
98290806,Ferrari V,1
98290806,Lewandowski S,2
98290806,Ferrari GV,3
98290806,Marino A,4
98290806,Ferrari N,5
18161540,Souza KJ,1
18161540,Nascimento BT,2
84094299,Kobayashi G,1
84094299,Ito C,2
84094299,Yoshida FK,3
84094299,Suzuki K,4
84094299,Kato EL,5
84094299,Sato ME,6
55046826,Wilson R,1
55046826,Clark AH,2
55046826,Wilson A,3
55046826,Harris N,4
55046826,Walker S,5
55046826,Anderson RY,6
64275248,Jacobs N,1
64275248,Jacobs KC,2
64275248,Goossens FB,3
64275248,Mertens NH,4
12395972,Mercier E,1
12395972,Laurent TF,2
17677749,Klein D,1
17677749,Richter N,2
17677749,Fischer NF,3
10970860,Larsson H,1
10970860,Eriksson T,2
10970860,Johansson P,3
24554293,Nair T,1
24554293,Kumar G,2
24554293,Kumar DP,3
24554293,Rao Y,4
24554293,Patel B,5
75284229,Cote D,1
75284229,Roy P,2
75284229,Gauthier P,3
75284229,Cote M,4
92744650,Johnson V,1
92744650,Baker J,2
92744650,Johnson RS,3
92744650,Smith L,4
92744650,Allen D,5
31197204,Diaz S,1
31197204,Rodriguez M,2
31197204,Diaz YG,3
31197204,Gonzalez PH,4
31197204,Janssens E,5
31197204,Gonzalez R,6
31197204,Martinez ER,7
31197204,Gomez A,8
31197204,Rodriguez J,9
31197204,Wang B,10
31197204,Roberts D,11
31197204,Moreno YM,12
96512127,Joshi T,1
96512127,Sharma N,2
96512127,Rao DH,3
96512127,Bos G,4
96512127,Sharma EH,5
96512127,Sharma M,6
96512127,Gupta F,7
57037751,Young CM,1
57037751,Walker T,2
57037751,Anderson RH,3
57037751,Taylor T,4
57037751,Rahimi P,5
57037751,Chen JG,6
57037751,Scott C,7
57037751,Allen V,8
57037751,Davis H,9
57037751,Clark Y,10
57037751,Allen FM,11
57037751,Allen RM,12
72592252,Wilson K,1
72592252,Rahimi AT,2
72592252,Johnson JS,3
72592252,Baker C,4
72592252,Allen RM,5
31092652,Kaminski F,1
31092652,Wisniewski T,2
31092652,Wojcik T,3
31092652,Kowalski FR,4
94665674,Moreau MK,1
94665674,Blanc T,2
54675158,Lefebvre KV,1
54675158,Lefebvre DJ,2
54675158,Mercier DE,3
54675158,Leroy SH,4
54675158,Bertrand TD,5
54675158,Laurent TF,6
98788060,Zhu C,1
98788060,Fernandez M,2
98788060,Gonzalez A,3
98788060,Lopez TK,4
98788060,Moreno G,5
98788060,Diaz G,6
98788060,Moreno FK,7
18539591,Mitchell P,1
18539591,Robinson LC,2
18539591,Lee P,3
36150196,Simon A,1
36150196,Blanc H,2
36150196,Simon N,3
94350921,Martin V,1
94350921,Girard H,2
94350921,Garcia EH,3
94350921,Mercier B,4
94350921,Blanc JB,5
94350921,Li C,6
94350921,Simon N,7
83218978,Lavoie C,1
83218978,Wolf VC,2
83218978,Esposito J,3
83218978,Schulz K,4
83218978,Schulz JA,5
83218978,Wolf L,6
83218978,Schmidt J,7
83218978,Wolf C,8
83218978,Richter SG,9
83218978,Maes M,10
83218978,Mueller L,11
83218978,Richter AB,12
62998674,Ruiz C,1
62998674,Lopez JE,2
62998674,Moreno FK,3
62998674,Ruiz V,4
62998674,Martinez D,5
62998674,Janssens N,6
62998674,Sanchez S,7
62998674,Diaz T,8
62998674,Ruiz AR,9
62998674,Martinez G,10
26486190,Nakamura D,1
26486190,Suzuki PP,2
26486190,Watanabe J,3
26486190,Nakamura HS,4
26486190,Ito P,5
14518654,Yang V,1
14518654,Zhao R,2
14518654,Durand B,3
14518654,Ma EV,4
73462529,Bernard NV,1
73462529,David F,2
73462529,Bernard FF,3
29523971,Bernard F,1
29523971,Simon T,2
29523971,Laurent LD,3
29523971,Lefebvre DJ,4
27016348,Fournier RJ,1
27016348,Roux LH,2
27016348,Fournier Y,3
27016348,Moreau VB,4
27016348,Lefebvre K,5
27016348,Rahimi A,6
27016348,Michel KD,7
24693193,Sun JD,1
24693193,Fortin Y,2
24693193,Li E,3
24693193,Lin P,4
24693193,Yang J,5
91640212,Walker T,1
91640212,Allen B,2
91640212,Allen RM,3
79577423,Ma JF,1
79577423,He E,2
79577423,Durand FV,3
79577423,Huang DN,4
79577423,Yang J,5
89057769,Harris B,1
89057769,Lewis LR,2
89057769,Davis GE,3
89057769,Johnson L,4
89057769,Taylor P,5
89057769,Lima KK,6
89057769,Yang A,7
89057769,Johnson DP,8
38245025,Park H,1
38245025,Yoon P,2
38245025,Yoon S,3
38245025,Choi A,4
38245025,Kim V,5
38245025,Cho LE,6
38245025,Jung VS,7
89947620,Wright GF,1
89947620,Harris C,2
89947620,Harris M,3
89947620,Davis EK,4
75525234,Jung R,1
75525234,Cho B,2
75525234,Han HD,3
75525234,Jung VS,4
61336992,de Vries R,1
61336992,Bakker A,2
61336992,de Jong B,3
29607200,Nilsson A,1
29607200,Andersson CD,2
29607200,Nilsson Y,3
29607200,Johansson P,4
29607200,Olsson T,5
29607200,Olsson E,6
29607200,Olsson SR,7
29607200,Karlsson B,8
29607200,Eriksson V,9
29607200,Olsson V,10
35202200,Karlsson V,1
35202200,Larsson MG,2
35202200,Olsson T,3
35202200,Olsson S,4
35202200,Olsson V,5
82795106,Wilson NB,1
82795106,Davis B,2
90400392,Taylor FN,1
90400392,Thomas AA,2
90400392,Lewis YG,3
62974831,Hosseini P,1
62974831,Park Y,2
62974831,Ahmadi AP,3
62974831,Karimi B,4
62974831,Karimi T,5
62974831,Karimi FE,6
62974831,Mohammadi G,7
48577378,Wang L,1
48577378,Wang YC,2
48577378,Guo E,3
72506909,Lefebvre Y,1
72506909,Martin R,2
72506909,Fournier DH,3
72506909,Durand PT,4
72506909,Simon F,5
62305733,Blanc N,1
62305733,Mercier E,2
62305733,Bertrand TD,3
62305733,Laurent E,4
62305733,Martin V,5
62305733,Roux LH,6
62305733,Moreau EM,7
62305733,Simon N,8
86755254,Robinson LC,1
86755254,Ryan LB,2
86755254,Ryan N,3
86755254,Walsh M,4
86755254,King TE,5
86755254,O'Brien F,6
86755254,Lee P,7
89631278,Zielinski T,1
89631278,Zielinski R,2
89631278,Kaminski AR,3
89631278,Wojcik T,4
61458200,Li YH,1
61458200,Ma EV,2
61458200,Hu NG,3
61458200,Chen BE,4
61458200,Xu K,5
61458200,Zhao A,6
61458200,Wu YM,7
61458200,Liu SF,8
61458200,Liu CA,9
61458200,Lin T,10
61458200,Huang JJ,11
61458200,Zhang VY,12
76357057,Rahimi NY,1
76357057,Moradi N,2
76357057,Karimi M,3
76357057,Hosseini F,4
76357057,Rezaei KN,5
37523613,Young PA,1
37523613,Lewis H,2
37523613,Moore C,3
37523613,Lewis FR,4
37523613,Brown C,5
37523613,Anderson Y,6
37523613,Lewis DM,7
37523613,Anderson LP,8
37523613,Davis M,9
37523613,Scott AK,10
37523613,Young N,11
37523613,Jackson K,12
82053012,Wilson S,1
82053012,Takahashi HP,2
82053012,Kobayashi A,3
82053012,Kobayashi B,4
82053012,Yoshida P,5
97326273,Schmid AS,1
97326273,Roy CJ,2
97326273,Roy P,3
97326273,Campbell P,4
97326273,Tremblay PR,5
97326273,Gauthier P,6
97326273,Cote M,7
17551731,Colombo FP,1
17551731,Bruno E,2
17551731,Ricci C,3
17551731,Colombo L,4
14541346,Kato GC,1
14541346,Yamada G,2
14541346,Hoffmann C,3
14541346,Takahashi E,4
14541346,Ito DV,5
14541346,Watanabe MG,6
14541346,Colombo CS,7
14541346,Suzuki D,8
14541346,Nakamura D,9
14541346,Suzuki NS,10
14541346,Yoshida S,11
14541346,Sato B,12
81432587,Esposito NL,1
81432587,Ferrari A,2
81432587,Ricci RP,3
35311483,Suzuki BJ,1
35311483,Ito DV,2
51747830,Kato YD,1
51747830,Sato T,2
51747830,Yamamoto T,3
51747830,Kato H,4
51747830,Yamamoto L,5
51747830,Tanaka N,6
55581876,Jackson K,1
61251788,Wood J,1
61251788,Wood JP,2
61251788,Hill J,3
61251788,Wood DM,4
61251788,Hughes N,5
50157331,Bonnet J,1
50157331,Garcia EH,2
50157331,Laurent TF,3
94046947,Bruno SJ,1
94046947,Maes B,2
94046947,Colombo H,3
94046947,Ferrari C,4
94046947,Rossi VC,5
94046947,Bianchi NB,6
11896310,Diaz YY,1
11896310,Rodriguez JY,2
11896310,Gonzalez PH,3
11896310,Diaz G,4
24195816,Marino GD,1
24195816,Mitchell P,2
24195816,Thompson VP,3
24195816,Thompson SL,4
24195816,Kelly J,5
24195816,King TE,6
24195816,Lee P,7
18817736,Yang J,1
18817736,Wu LC,2
18817736,Hu F,3
18817736,Zhao B,4
18817736,Sun B,5
75494403,Sun B,1
75494403,Wolf F,2
75494403,Zhang VY,3
15160250,Schneider V,1
15160250,Schulz DM,2
15160250,Klein S,3
15160250,Richter B,4
15160250,Fischer H,5
81354431,Allen J,1
81354431,Walker N,2
81354431,Brown MM,3
81354431,Lewis YG,4
50750900,Cho HB,1
50750900,Jung VS,2
50750900,Lin G,3
50750900,Jang B,4
13303829,Sato HA,1
13303829,Watanabe B,2
13303829,Sato ME,3
22557904,Williams JP,1
22557904,Hall Y,2
22557904,Richter AB,3
22557904,Edwards GS,4
31674543,Mitchell P,1
31674543,Kelly JB,2
31674543,Mitchell S,3
31674543,Lee P,4
61415325,Pereira S,1
94854455,Weber Y,1
94854455,Karimi J,2
94854455,Richter SV,3
94854455,Fischer NF,4
92872316,Lin A,1
92872316,Yang T,2
92872316,Lin J,3
92872316,Zhu R,4
77812957,Morris A,1
77812957,Meijer A,2
77812957,Cooper F,3
77812957,Williams J,4
77812957,Edwards GS,5
22839564,Ricci LL,1
22839564,Ferrari A,2
22839564,Ricci T,3
22839564,Colombo L,4
58708460,Petit L,1
58708460,Durand DF,2
58708460,Bernard F,3
58708460,Lefebvre DJ,4
37298763,Smith R,1
37298763,Smith BE,2
37298763,Bakker N,3
37298763,Anderson A,4
37298763,Allen HT,5
37298763,Wilson V,6
37298763,Walker F,7
37298763,Scott P,8
85472802,Baker TH,1
85472802,Wilson Y,2
85472802,Young M,3
85472802,Wilson F,4
85472802,Clark C,5
85472802,Scott RH,6
85472802,Allen H,7
85472802,Davis EK,8
97014792,Lewis Y,1
97014792,Perez S,2
97014792,Thomas V,3
97014792,Wright V,4
97014792,Anderson T,5
97014792,Taylor MY,6
43989447,Suzuki PP,1
43989447,Tanaka L,2
43989447,Takahashi H,3
43989447,Ito P,4
64872616,Lopez AF,1
64872616,Diaz B,2
64872616,Alvarez B,3
64872616,Lopez B,4
64872616,Gonzalez GS,5
64872616,Diaz YY,6
64872616,Sanchez VE,7
64872616,Ruiz FL,8
86163024,Fortin DN,1
86163024,Janssens SH,2
86163024,Cote B,3
86163024,MacDonald B,4
86163024,MacDonald R,5
91041999,Morin G,1
91041999,Gagnon PA,2
91041999,Fortin DN,3
91041999,He P,4
91041999,Morin B,5
91041999,MacDonald R,6
30177268,Hu Y,1
30177268,Liu VL,2
30177268,Zhang PH,3
30177268,Yang GD,4
30177268,Yang J,5
84123135,Fournier RJ,1
84123135,Laurent TF,2
35550909,Taylor AJ,1
35550909,Wright GF,2
35550909,Walker J,3
35550909,Harris M,4
35550909,Scott RH,5
35550909,Cooper H,6
35550909,Allen YJ,7
35550909,White NT,8
35550909,Jackson KV,9
35550909,Davis EK,10
32618844,Baker J,1
32618844,Taylor P,2
32618844,Smith V,3
32618844,Sharma N,4
32618844,Anderson SY,5
32618844,Lewis LR,6
32618844,Harris KV,7
32618844,Johnson L,8
32618844,Davis GE,9
32618844,Johnson DP,10
79936349,Harris YB,1
79936349,Walker P,2
79936349,Smith CL,3
79936349,Young PA,4
79936349,Wilson V,5
52505625,Ricci T,1
52505625,Colombo L,2
78515450,Park V,1
78515450,Kang F,2
78515450,Jang B,3
78515450,Kang BV,4
78515450,Jang BD,5
78515450,Park LT,6
78515450,Jung H,7
78515450,Kang LT,8
78515450,Park Y,9
78515450,Han PS,10
46528552,Lim S,1
46528552,Park V,2
46528552,Han V,3
46528552,Jang B,4
65175566,Lima KP,1
65175566,Oliveira L,2
65175566,Costa T,3
65175566,Almeida BT,4
65175566,Oliveira V,5
65175566,Silva EL,6
65175566,Silva D,7
65175566,Costa M,8
65175566,Silva MS,9
65175566,Rodrigues J,10
20756968,Anderson HR,1
20756968,Lewis H,2
20756968,Anderson LP,3
20756968,Jackson K,4
10880121,Rahimi HD,1
10880121,Rahimi ET,2
10880121,Ahmadi S,3
10880121,Rahimi NY,4
10880121,Rezaei KN,5
14314019,Sharma G,1
14314019,Patel JY,2
14314019,Sharma C,3
14314019,Weber A,4
14314019,Sharma DJ,5
14314019,Gupta EY,6
97917521,Jung S,1
97917521,Kang BV,2
97917521,Kim V,3
54953996,Baker MR,1
54953996,Huber Y,2
54953996,Davis H,3
54953996,Gerber V,4
97636046,Yang V,1
97636046,Hu T,2
97636046,Robinson F,3
97636046,Zhao G,4
97636046,Lin JK,5
97636046,Ma EV,6
96100330,Takahashi L,1
96100330,King E,2
96100330,King H,3
96100330,O'Brien AT,4
96100330,Lee V,5
22343080,Jansen C,1
22343080,Smit D,2
22343080,van Dijk E,3
22343080,de Jong B,4
19924206,Suzuki D,1
19924206,Yamamoto P,2
19924206,Sato N,3
19924206,Kato DL,4
19924206,Kato EL,5
19924206,Kobayashi G,6
19924206,Sato B,7
28125141,Lewis NL,1
28125141,Scott Y,2
28125141,Walker V,3
28125141,Davis H,4
28125141,Wilson H,5
28125141,Smith R,6
28125141,Allen D,7
46250836,David F,1
46250836,Mercier F,2
46250836,Leroy G,3
46250836,Leroy A,4
46250836,Roux T,5
46250836,Garcia EH,6
46250836,Garcia S,7
46250836,Bernard FF,8
14044255,Janssens L,1
14044255,Jacobs KC,2
14044255,Mertens NH,3
97767720,Johnson SR,1
97767720,Brown V,2
97767720,Thomas V,3
97767720,Harris R,4
63050028,Mohammadi CE,1
63050028,Meier DK,2
63050028,Schmid RN,3
63050028,Lavoie AS,4
63050028,Schmid KJ,5
63050028,Meier S,6
41027627,Wilson B,1
41027627,Wilson P,2
41027627,Wilson DA,3
41027627,Anderson RY,4
67284524,Durand V,1
67284524,Laurent LD,2
67284524,Lefebvre DJ,3
25517801,Cote Y,1
25517801,Liu VL,2
25517801,Hill S,3
25517801,Zhang VY,4
29145845,Edwards YB,1
29145845,Evans S,2
29145845,Hill CH,3
29145845,Hall BT,4
29145845,Fortin TF,5
29145845,Morris DP,6
29145845,Hughes HJ,7
19548821,Michel T,1
19548821,Bernard EM,2
19548821,Roux TT,3
19548821,Mercier MR,4
19548821,Bernard AY,5
10489563,Harris LY,1
10489563,Ward GJ,2
10489563,Moore N,3
10489563,van den Berg L,4
10489563,Hill MG,5
10489563,Allen N,6
10489563,Smith L,7
10489563,Thomas MT,8
39494741,Gerber P,1
39494741,Keller ER,2
39494741,Keller H,3
39494741,Gerber EH,4
39494741,Gerber T,5
39494741,Schmid S,6
39494741,Steiner F,7
39494741,Meier S,8
37929212,Richter V,1
37929212,Claes K,2
37929212,Schulz B,3
37929212,Wagner VY,4
64775610,Rahimi NY,1
64775610,Hosseini G,2
64775610,Rezaei KN,3
64775610,Rahimi HD,4
64775610,Ahmadi JN,5
64775610,Karimi B,6
64775610,Rezaei D,7
64775610,Ahmadi PM,8
64775610,Moradi N,9
64775610,Rahimi ET,10
64775610,Moradi E,11
64775610,Mohammadi CE,12
88310868,Gagnon Y,1
88310868,Hosseini AF,2
88310868,Morin V,3
88310868,Tremblay D,4
57087954,Janssens L,1
57087954,Goossens FB,2
57087954,Mertens S,3
57087954,Mertens NH,4
40792440,Michel G,1
40792440,Laurent J,2
40792440,Moreau BB,3
40792440,David YT,4
40792440,Simon N,5
13188630,Kaya G,1
13188630,Yildiz GN,2
13188630,Ozturk H,3
55606075,Simon N,1
55606075,Petit H,2
55606075,Fournier FN,3
55606075,Petit F,4
55606075,Bernard A,5
55606075,Vincent N,6
55606075,Roux D,7
55606075,Girard F,8
55606075,Simon VN,9
55606075,Bernard DL,10
86744877,Wilson A,1
86744877,Anderson RY,2
44692999,Lopez F,1
44692999,Ruiz S,2
19893949,Ito M,1
19893949,Watanabe F,2
19893949,Yoshida V,3
19893949,Nakamura R,4
19893949,Kato VT,5
19893949,Tanaka L,6
19893949,Sato N,7
19893949,Sato VN,8
19893949,Tanaka N,9
19893949,Sato B,10
54259810,Sahin B,1
54259810,Aydin AS,2
54259810,Yilmaz K,3
54259810,Demir T,4
54259810,Aydin K,5
54259810,Ozturk H,6
79592282,Young CM,1
79592282,Allen FM,2
79592282,Scott YK,3
79592282,Allen RM,4
43256241,Bouchard TD,1
43256241,Morin P,2
43256241,Tremblay H,3
43256241,Gauthier V,4
43256241,Kumar C,5
43256241,Gagne V,6
43256241,Cote V,7
42556677,Perez V,1
42556677,Colombo N,2
42556677,Lopez F,3
42556677,Moreno FK,4
61396897,Gerber CP,1
61396897,Johnson SR,2
61396897,Taylor G,3
61396897,Harris R,4
31473405,Bonnet V,1
31473405,Fournier DH,2
31473405,Laurent Y,3
31473405,Simon F,4
18422955,Ricci T,1
18422955,Gallo HM,2
18422955,Russo L,3
18422955,Gallo M,4
18422955,Colombo L,5
53531613,Durand H,1
53531613,Bernard DL,2
85783406,Demir TS,1
85783406,Demir C,2
85783406,Sahin N,3
85783406,Kaya K,4
85783406,Aydin F,5
85783406,Yilmaz S,6
85018228,Cote B,1
85018228,Cote V,2
85018228,Campbell Y,3
85018228,Tremblay N,4
85018228,MacDonald Y,5
85018228,Gagnon G,6
85018228,Morin J,7
85018228,Fortin D,8
85018228,Morin G,9
85018228,Tremblay D,10
87893678,Huber Y,1
87893678,Schmid M,2
87893678,Schmid AS,3
87893678,Gerber V,4
57889143,Olsson J,1
57889143,Olsson K,2
57889143,Karlsson C,3
57889143,Nilsson G,4
57889143,Olsson E,5
57889143,Olsson V,6
19924657,Lin R,1
19924657,Xu C,2
19924657,Huang L,3
19924657,Wang F,4
19924657,Ma EV,5
19924657,Bianchi NB,6
19924657,Wu S,7
73326587,de Jong K,1
73326587,van Dijk T,2
73326587,de Jong N,3
73326587,Bakker A,4
73326587,de Vries AN,5
95098393,Moradi K,1
95098393,Moradi G,2
95098393,Karimi P,3
95098393,Jafari A,4
94844201,Ozturk A,1
94844201,Ozturk T,2
94844201,Demir C,3
94844201,Aydin PS,4
94844201,Yilmaz S,5
57901048,Mueller RY,1
57901048,Keller D,2
57901048,Schmid KJ,3
57901048,Gerber DH,4
57901048,Steiner K,5
57901048,Meier S,6
53373539,King J,1
53373539,Lee P,2
51818248,Leroy SH,1
51818248,Bernard ME,2
51818248,Roux G,3
51818248,Bonnet J,4
51818248,Laurent MA,5
51818248,Garcia D,6
51818248,David B,7
51818248,Garcia SS,8
51818248,Fournier A,9
51818248,Janssens J,10
51818248,Garcia EH,11
51818248,Laurent TF,12
24163254,White CG,1
24163254,White MA,2
24163254,Anderson A,3
24163254,Wilson NB,4
24163254,Davis B,5
21949161,Pereira J,1
21949161,Almeida C,2
21949161,Thompson VP,3
21949161,Silva EL,4
21949161,Rodrigues J,5
18572162,Han FT,1
18572162,Jang EC,2
18572162,Kim FR,3
18572162,Choi FP,4
18572162,Park Y,5
18572162,Jang V,6
18572162,Zhao E,7
18572162,Jang YE,8
59969435,Pereira J,1
59969435,Oliveira H,2
59969435,Silva TY,3
67378674,Fernandez PL,1
67378674,Alvarez Y,2
67378674,Moreno FK,3
19281878,Marino B,1
19281878,Ferrari N,2
19842310,Andersson D,1
19842310,Andersson F,2
19842310,Olsson TT,3
19842310,Olsson V,4
33320689,Nilsson KF,1
33320689,Nilsson SE,2
33320689,Johansson C,3
33320689,Olsson L,4
33320689,Johansson P,5
71128638,Nascimento MD,1
71128638,Smit K,2
71128638,de Boer VK,3
71128638,van den Berg H,4
71128638,de Boer R,5
71128638,Gerber AK,6
71128638,van den Berg P,7
34959342,Rahimi RJ,1
34959342,Ahmadi PM,2
34959342,Karimi C,3
34959342,Mohammadi CE,4
67291594,Scott GA,1
67291594,Baker Y,2
67291594,Taylor SB,3
67291594,Lewis FM,4
69329188,Meier DN,1
69329188,Schmid T,2
69329188,Steiner N,3
69329188,Huber Y,4
69329188,Schmid AS,5
69329188,Meier T,6
69329188,Steiner H,7
69329188,Keller E,8
69329188,Turner D,9
69329188,Gerber EH,10
69329188,Meier L,11
69329188,Gerber V,12
92339898,Fernandez V,1
92339898,Gomez E,2
92339898,Rodriguez B,3
92339898,Fernandez LR,4
92339898,Diaz C,5
92339898,Diaz YG,6
92339898,Gomez D,7
92339898,Martinez ER,8
92339898,Moreno A,9
92339898,Gonzalez D,10
92339898,Diaz S,11
92339898,Moreno YM,12
26310073,Schulz C,1
26310073,Schmidt CK,2
26310073,Becker PJ,3
26310073,Fischer NF,4
55310077,Wood G,1
55310077,Hughes HJ,2
77638826,Mercier J,1
77638826,Lefebvre M,2
77638826,Durand A,3
97275053,Simon SF,1
97275053,Bonnet K,2
97275053,Bertrand YN,3
97275053,Bernard AY,4
65095773,Jacobs N,1
65095773,Claes KC,2
65095773,Bernard DL,3
65095773,Mertens E,4
65095773,Maes T,5
65095773,Jacobs KC,6
65095773,Mertens NH,7
31825772,Wolf K,1
31825772,Wagner L,2
31825772,Becker V,3
31825772,Schneider SV,4
31825772,Schmidt F,5
31825772,Becker R,6
31825772,Fischer H,7
25656201,Durand H,1
25656201,Olsson V,2
72694822,Nakamura RD,1
72694822,Tanaka PT,2
72694822,Sato ME,3
72694822,Yoshida J,4
72694822,Ito P,5
94768053,Romano NY,1
94768053,Ricci D,2
94768053,Colombo MP,3
94768053,Gallo M,4
94768053,Colombo L,5
26503703,Rezaei H,1
26503703,Mohammadi CE,2
26503703,Hosseini S,3
26503703,Ahmadi AP,4
26503703,Mohammadi G,5
56471721,Andersson N,1
56471721,Meyer Y,2
56471721,Olsson K,3
56471721,Nilsson KF,4
56471721,Karlsson CL,5
56471721,Olsson V,6
58195512,Lopez K,1
58195512,Diaz S,2
58195512,Martinez G,3
50086957,Colombo RH,1
50086957,Bianchi NB,2
98106444,Anderson A,1
98106444,Brown PF,2
98106444,White NT,3
98106444,Davis R,4
98106444,Thomas H,5
98106444,Davis B,6
76518672,Suzuki T,1
76518672,Nakamura F,2
76518672,Tanaka E,3
76518672,Takahashi SH,4
77982470,Taylor JF,1
77982470,Davis J,2
77982470,Allen N,3
77982470,Miller E,4
77982470,Harris LY,5
77982470,Moore N,6
77982470,Thomas MT,7
33672658,Olsson D,1
33672658,Olsson S,2
33672658,Andersson S,3
33672658,Karlsson V,4
33672658,Olsson T,5
33672658,Nilsson A,6
33672658,Andersson F,7
33672658,Olsson DA,8
33672658,Andersson D,9
33672658,Olsson V,10
61311773,King C,1
61311773,Murphy J,2
61311773,Murphy B,3
61311773,Mitchell G,4
61311773,Murphy KP,5
61311773,Walsh M,6
47295942,David P,1
47295942,Durand Y,2
47295942,Bertrand V,3
47295942,David G,4
47295942,Blanc T,5
64001565,Laurent LT,1
64001565,Blanc KL,2
64001565,Blanc M,3
64001565,Colombo RH,4
64001565,Girard H,5
64001565,Michel T,6
64001565,Martin MF,7
64001565,Mercier P,8
64001565,Bernard G,9
64001565,Simon NJ,10
54746439,Roux G,1
54746439,Simon C,2
54746439,Martin L,3
54746439,Bernard N,4
54746439,Blanc L,5
54746439,David PY,6
54746439,Garcia E,7
54746439,Fournier R,8
46110289,Olsson P,1
46110289,Eriksson C,2
46110289,Andersson E,3
46110289,Olsson V,4
46110289,Olsson S,5
44155462,Johansson M,1
44155462,Olsson P,2
44155462,Eriksson T,3
44155462,Johansson A,4
44155462,Johansson P,5
94470254,Rao V,1
94470254,Patel B,2
28335595,Wojcik FG,1
28335595,Patel B,2
83442849,Xu VN,1
83442849,He JS,2
83442849,Liu RJ,3
83442849,Ma F,4
83442849,Hu T,5
45801413,Ward G,1
45801413,Morris HP,2
45801413,Colombo AK,3
45801413,Hill J,4
45801413,Hughes N,5
34082331,Joshi SP,1
34082331,Nair A,2
34082331,Joshi H,3
34082331,Rao P,4
34082331,Patel J,5
34082331,Sharma T,6
36887205,Jackson R,1
36887205,Anderson FY,2
36887205,Thomas P,3
36887205,Baker G,4
36887205,Smith LB,5
36887205,Baker TS,6
36887205,Clark LB,7
36887205,Scott A,8
36887205,Wright B,9
36887205,Ozturk T,10
36887205,Davis EV,11
36887205,Lewis FR,12
16293615,Visser B,1
16293615,Meijer LP,2
16293615,Bakker N,3
16293615,de Jong B,4
60236201,Yildiz M,1
60236201,Ozturk L,2
60236201,Yilmaz NL,3
60236201,Aydin K,4
60236201,Ozturk H,5
99862335,Davis EK,1
58098259,Hoffmann R,1
58098259,Schmidt R,2
58098259,Meyer G,3
58098259,Richter AH,4
58098259,Wagner N,5
58098259,Mueller MJ,6
58382060,Lee V,1
58382060,Nakamura S,2
58382060,Ito JC,3
58382060,Ito DV,4
89997447,van den Berg G,1
89997447,Meijer Y,2
96471701,Clark E,1
96471701,Brown HH,2
96471701,Smith R,3
97862246,Johnson H,1
97862246,Smith S,2
97862246,Lewis B,3
97862246,Moore CJ,4
97862246,Baker TH,5
97862246,Clark D,6
97862246,Taylor A,7
97862246,Allen K,8
97862246,Thomas S,9
97862246,Lewis YG,10
57338640,Sharma M,1
57338640,Sato VN,2
57338640,Gupta F,3
93721479,Mitchell V,1
93721479,Lee FR,2
93721479,Ryan G,3
93721479,O'Brien Y,4
52828294,Meyer H,1
52828294,Schneider SV,2
52828294,Meyer Y,3
52828294,Klein S,4
52828294,Wagner L,5
52828294,Fischer H,6
70448773,Karimi L,1
70448773,Karimi C,2
70448773,Ahmadi JN,3
70448773,Karimi A,4
70448773,Moradi K,5
70448773,Rahimi AT,6
70448773,Ahmadi PM,7
70448773,Mohammadi CE,8
71402659,van Dijk F,1
71402659,Bos A,2
71402659,Bos N,3
71402659,Bos VB,4
71402659,de Jong VS,5
71402659,de Vries AN,6
43324588,David R,1
43324588,Moreau M,2
43324588,Simon N,3
99946521,Almeida CH,1
99946521,Souza Y,2
99946521,Silva JN,3
99946521,Almeida L,4
99946521,Nascimento BT,5
99946521,Rodrigues E,6
99946521,Costa VK,7
99946521,Nascimento S,8
99946521,Pereira J,9
99946521,Silva TY,10
87693735,Park Y,1
87693735,Park C,2
87693735,Jung FV,3
87693735,Han B,4
87693735,Lim S,5
87693735,Yoon Y,6
87693735,Jang B,7
29933045,Steiner C,1
29933045,Keller T,2
29933045,Steiner M,3
29933045,Huber K,4
29933045,Keller P,5
29933045,Gerber CP,6
60191517,Fernandez J,1
60191517,Diaz S,2
60191517,Perez S,3
60191517,Ruiz S,4
97781728,Harris RA,1
97781728,Anderson KB,2
97781728,Baker Y,3
97781728,Anderson Y,4
97781728,Harris NM,5
20059226,Mueller L,1
20059226,Richter AB,2
83016556,Russo DN,1
77888263,Koch NG,1
35756986,Kobayashi FN,1
35756986,Yoshida M,2
35756986,Takahashi DM,3
35756986,Watanabe D,4
35756986,Mertens P,5
35756986,Kobayashi MC,6
35756986,Takahashi D,7
35756986,Yamada R,8
35756986,Kobayashi B,9
35756986,Yoshida P,10
65480999,Thomas MT,1
38304548,Bernard N,1
38304548,Fournier M,2
38304548,Leroy R,3
38304548,Laurent K,4
76543941,Sato S,1
76543941,Yoshida FK,2
76543941,Kato EL,3
76543941,Nakamura C,4
76543941,Suzuki K,5
76543941,Sato VN,6
76543941,Yamada CL,7
76543941,Yilmaz NL,8
76543941,David B,9
76543941,Sato ME,10
74253305,Maes M,1
74253305,Peeters K,2
74253305,Jacobs KC,3
74253305,Willems P,4
74253305,Peeters P,5
74253305,Peeters S,6
74253305,Mertens GM,7
80979686,MacDonald A,1
80979686,Colombo MP,2
80979686,Russo L,3
80979686,Gallo M,4
80979686,Gallo J,5
80979686,Ricci LL,6
80979686,Schneider E,7
80979686,Colombo L,8
92515613,Marino BN,1
92515613,Esposito J,2
92515613,Ricci PN,3
92515613,Russo DN,4
56829043,Evans TL,1
56829043,Kowalczyk K,2
56829043,Jones R,3
56829043,Cooper N,4
88727478,Durand GE,1
88727478,Bruno BK,2
88727478,Bruno N,3
88727478,Esposito H,4
88727478,Rossi H,5
33711330,Smith CG,1
33711330,Scott A,2
33711330,Diaz T,3
33711330,Baker B,4
33711330,Allen KN,5
33711330,Lewis FR,6
78886714,Girard F,1
78886714,Vincent VN,2
78886714,Moreau CV,3
78886714,Bertrand TD,4
78886714,Simon N,5
27256989,Keller E,1
27256989,Meier DK,2
27256989,Gerber EH,3
27256989,Huber KK,4
27256989,Meier S,5
98203048,Zielinski RV,1
98203048,Kowalski FR,2
17406925,Liu S,1
17406925,Li YH,2
17406925,Ma Y,3
17406925,Huang VN,4
17406925,Zhang VY,5
75553855,Jackson P,1
75553855,Smith N,2
75553855,Brown B,3
75553855,Davis B,4
89613069,Gerber C,1
89613069,Gerber CP,2
89613069,Keller LB,3
89613069,Steiner H,4
89613069,Gerber V,5
28112459,Wilson R,1
28112459,Moore R,2
28112459,Wilson P,3
28112459,Johnson V,4
28112459,Gupta EY,5
28112459,Lewis PA,6
28112459,Yamada AP,7
28112459,Baker VM,8
28112459,Lewis V,9
28112459,Wilson A,10
28112459,Anderson A,11
28112459,Anderson RY,12
69114339,Thompson R,1
69114339,Murphy YA,2
69114339,Murphy B,3
69114339,Walsh M,4
82751292,Allen J,1
82751292,Smith S,2
82751292,Wilson M,3
82751292,Davis S,4
82751292,Davis M,5
47730549,Thompson E,1
47730549,Kelly R,2
47730549,Lee FR,3
47730549,Lin P,4
47730549,O'Brien Y,5
78621520,Scott PS,1
78621520,Scott Y,2
78621520,Smith CG,3
78621520,Harris R,4
78621520,Baker J,5
78621520,Smith L,6
78621520,Davis J,7
78621520,Thomas A,8
78621520,Rodrigues C,9
78621520,Allen D,10
89581080,Perez G,1
89581080,Diaz F,2
89581080,Schmidt JA,3
89581080,Gomez D,4
89581080,Sanchez P,5
89581080,Lopez E,6
89581080,Martinez K,7
89581080,Diaz C,8
97299425,Wagner L,1
97299425,Fischer H,2
30435237,Bakker NF,1
30435237,Meijer T,2
30435237,de Vries CP,3
30435237,Mulder AM,4
30435237,Smit VR,5
30435237,Visser B,6
30435237,van den Berg FD,7
30435237,van den Berg B,8
30435237,Bakker L,9
30435237,van den Berg P,10
23709613,Schmid J,1
23709613,Meier S,2
70163941,Mertens K,1
70163941,Willems GJ,2
70163941,Eriksson JN,3
70163941,Willems MK,4
94690558,White VJ,1
94690558,Baker EK,2
94690558,Baker TJ,3
94690558,Harris R,4
71175814,Davis EH,1
71175814,Miller FC,2
71175814,Anderson RY,3
67609971,Janssens R,1
67609971,Maes T,2
67609971,Peeters BF,3
30358121,White N,1
30358121,Young CM,2
30358121,Joshi H,3
30358121,White D,4
30358121,Allen RM,5
87439873,Bos A,1
87439873,Bakker A,2
42362204,Roux LH,1
42362204,Laurent K,2
42362204,Lefebvre K,3
42362204,Thomas MT,4
42362204,Michel KD,5
26442895,Aydin PS,1
26442895,Fournier F,2
26442895,Bernard A,3
26442895,Bonnet A,4
26442895,Lefebvre NN,5
26442895,Petit D,6
38677880,Kato DL,1
38677880,Ito M,2
38677880,Suzuki P,3
38677880,Demir KT,4
38677880,Sato B,5
58840784,Schneider D,1
58840784,Hoffmann YD,2
58840784,Klein N,3
58840784,Becker H,4
58840784,Mueller YJ,5
63258329,Silva EL,1
63258329,Oliveira H,2
63258329,Santos D,3
63258329,Rodrigues J,4
46254276,Zhao MY,1
46254276,Sun H,2
46254276,Yang AS,3
46254276,He P,4
96673965,Kang Y,1
96673965,Jang YE,2
96673965,Lim N,3
96673965,Jang BD,4
96673965,Reddy B,5
96673965,Han PD,6
96673965,Kim GR,7
96673965,Han PS,8
37514224,Pereira J,1
37514224,Souza J,2
37514224,Lima D,3
37514224,Lima PC,4
37514224,Costa AB,5
37514224,Souza Y,6
37514224,Silva TY,7
35544684,Fernandez M,1
35544684,Perez YF,2
35544684,Diaz B,3
35544684,Alvarez N,4
35544684,Fernandez V,5
35544684,Moreno FK,6
71421976,Mitchell GG,1
71421976,O'Brien AT,2
71421976,Ryan G,3
71421976,Lee K,4
71421976,Murphy K,5
71421976,Thompson T,6
71421976,King F,7
12707724,Mercier MR,1
12707724,Vincent N,2
12707724,Michel TK,3
12707724,Vincent ES,4
12707724,MacDonald N,5
12707724,Klein B,6
12707724,Bertrand AK,7
12707724,Bernard AY,8
10660649,Miller R,1
10660649,Walker RR,2
10660649,Taylor SB,3
10660649,Johnson M,4
10660649,Brown BF,5
10660649,Lewis FM,6
20488005,Jones NL,1
20488005,Morris M,2
20488005,Evans GF,3
20488005,Wood RD,4
20488005,Green SH,5
70975647,Zhao A,1
70975647,Ma Y,2
70975647,Xu MG,3
70975647,Huang FA,4
70975647,Zhao MY,5
70975647,Yang AS,6
70975647,Mitchell V,7
70975647,Zhu TS,8
70975647,He GY,9
70975647,He P,10
75280819,Yoshida F,1
75280819,Smith R,2
75280819,Nakamura M,3
75280819,Kobayashi B,4
75280819,Takahashi D,5
75280819,Nakamura RD,6
75280819,Watanabe R,7
75280819,Fortin TF,8
75280819,Tanaka V,9
75280819,Takahashi SH,10
32043949,Patel B,1
26725615,Davis NR,1
26725615,Jackson TC,2
26725615,Harris NM,3
24308242,Olsson TR,1
24308242,Karlsson V,2
24308242,Olsson T,3
24308242,Eriksson NR,4
24308242,Olsson V,5
14652270,Russo N,1
14652270,Rossi VC,2
14652270,Esposito M,3
14652270,Ricci RP,4
36095199,David G,1
36095199,Simon C,2
36095199,Durand V,3
36095199,Russo H,4
36095199,Durand C,5
36095199,Bonnet C,6
36095199,Simon F,7
55849192,Evans TL,1
55849192,Evans D,2
55849192,Janssens SH,3
55849192,Jones A,4
55849192,Hall Y,5
55849192,Edwards GS,6
13008131,Hosseini F,1
13008131,Moradi HA,2
13008131,Rezaei KN,3
31848485,Ahmadi AP,1
31848485,Hosseini S,2
31848485,Hosseini CN,3
31848485,Ahmadi D,4
31848485,Moradi G,5
31848485,Moradi T,6
31848485,Mohammadi CE,7
31848485,Moradi YH,8
31848485,Moradi BH,9
31848485,Jafari A,10
50940271,Hoffmann C,1
50940271,Schulz NR,2
50940271,Schneider D,3
50940271,MacDonald PT,4
50940271,Mueller YJ,5
76496398,White J,1
76496398,Brown F,2
76496398,Brown CA,3
76496398,Taylor HG,4
76496398,Lewis KK,5
76496398,Harris DD,6
84126823,Williams M,1
84126823,Wood GE,2
84126823,Romano G,3
84126823,Cooper F,4
84126823,Edwards GS,5
40090652,Karimi A,1
40090652,Lewis J,2
40090652,Allen P,3
40090652,Smith H,4
40090652,Miller V,5
40090652,Lewis D,6
72717368,Rezaei KN,1
72717368,Karimi D,2
72717368,Hosseini S,3
72717368,Mohammadi P,4
72717368,Jafari V,5
72717368,Jafari A,6
21579799,Singh M,1
21579799,Patel B,2
53159745,Cote D,1
53159745,Gauthier P,2
53159745,Campbell P,3
53159745,Roy P,4
53159745,Cote M,5
64865099,Roberts DF,1
64865099,Hughes V,2
64865099,Williams D,3
64865099,Ward C,4
64865099,Souza J,5
64865099,Edwards YT,6
64865099,Evans R,7
64865099,Wood TD,8
64865099,Roberts Y,9
64865099,Hill MG,10
71959601,Laurent TY,1
71959601,Bertrand H,2
71959601,Garcia G,3
71959601,Bonnet J,4
71959601,David RJ,5
71959601,Laurent TF,6
19878438,Garcia EH,1
19878438,Blanc J,2
19878438,Mercier B,3
19878438,Fournier RJ,4
19878438,Leroy SH,5
19878438,Simon F,6
19878438,Laurent TF,7
65067301,Johnson JS,1
65067301,Harris Y,2
65067301,Anderson DV,3
65067301,Davis M,4
19661053,Michel S,1
19661053,Moreau MK,2
19661053,Simon N,3
56877475,Young G,1
56877475,Walker K,2
56877475,Taylor DV,3
56877475,Lewis V,4
56877475,White CG,5
42773440,Ricci R,1
42773440,Russo DN,2
42773440,Ferrari SV,3
42773440,Diaz C,4
42773440,Bruno F,5
42773440,Ricci RP,6
25590167,Murphy B,1
25590167,King BM,2
25590167,King RB,3
25590167,Murphy E,4
25590167,King C,5
25590167,Walsh M,6
64393674,Huang SN,1
64393674,Li LY,2
64393674,He VG,3
64393674,Lin T,4
64393674,Hill MG,5
64393674,Zhang VY,6
95869830,Blanc N,1
95869830,Hoffmann YD,2
95869830,Richter V,3
95869830,Schneider PL,4
45160941,Kumar GC,1
45160941,Wood E,2
45160941,Kang S,3
45160941,Kim V,4
45160941,Jung JV,5
45160941,Jang YE,6
45657795,Rossi CC,1
45657795,Ricci C,2
45657795,Greco Y,3
45657795,Russo N,4
45657795,Colombo H,5
45657795,Ferrari SV,6
45657795,Ricci RP,7
78428161,Mueller L,1
78428161,Richter AB,2
95782217,Walker A,1
95782217,Miller C,2
95782217,Young A,3
95782217,White CG,4
57063483,Allen LC,1
57063483,Thomas S,2
57063483,Smith K,3
57063483,Harris DD,4
70818899,Kumar DP,1
70818899,Sharma M,2
70818899,Reddy M,3
70818899,Nair LK,4
70818899,Kumar J,5
70818899,Sharma EH,6
70818899,Gupta F,7
93914259,Hosseini CN,1
93914259,Moradi E,2
93914259,Rezaei KN,3
11888799,Kang BV,1
11888799,Park G,2
11888799,Jung P,3
11888799,Han PS,4
14774314,King SN,1
14774314,King TE,2
14774314,Mitchell S,3
14774314,O'Brien AT,4
14774314,Lee P,5
39495760,Hosseini CN,1
39495760,Hosseini L,2
39495760,Rahimi HD,3
39495760,Hosseini F,4
39495760,Rezaei HV,5
39495760,Rezaei KN,6
92861918,Gagnon G,1
92861918,Tremblay N,2
92861918,Gauthier JN,3
92861918,Tremblay D,4
60788730,Martin V,1
60788730,Simon N,2
33875749,Kang F,1
33875749,Han PS,2
48396892,Nakamura FR,1
48396892,Yamamoto K,2
48396892,Ito P,3
61433075,Ozturk H,1
61433075,Lewis FM,2
11944298,Koch NG,1
11944298,Klein E,2
11944298,Meyer G,3
11944298,Rodriguez Y,4
11944298,Richter GH,5
11944298,Fischer D,6
11944298,Mueller MJ,7
78328385,Patel C,1
78328385,Fischer H,2
48957979,Lewis T,1
48957979,Anderson G,2
48957979,Taylor HG,3
48957979,Lewis H,4
48957979,Thomas HR,5
48957979,Walker J,6
48957979,Young YA,7
48957979,Lewis DM,8
48957979,Anderson Y,9
48957979,Jackson K,10
46445641,Aydin MD,1
46445641,Yilmaz B,2
46445641,Aydin V,3
46445641,Sahin FB,4
31721130,Wang T,1
31721130,Yang T,2
31721130,Lin J,3
31721130,Zhu R,4
38173661,Souza P,1
38173661,Santos M,2
38173661,Mercier T,3
38173661,Silva DA,4
38173661,Nascimento BT,5
42921784,Wu LC,1
42921784,Li N,2
42921784,Wang MR,3
42921784,Hu T,4
59930699,David B,1
59930699,Blanc L,2
59930699,Simon C,3
59930699,Durand MV,4
59930699,Garcia E,5
59930699,Fournier R,6
18404843,David YT,1
18404843,Bertrand TD,2
18404843,Russo H,3
18404843,Simon N,4
55224001,Mohammadi CE,1
55224001,Simon NJ,2
55224001,Moreau NV,3
55224001,David YT,4
55224001,Bernard DL,5
27042716,Esposito NL,1
27042716,Russo N,2
27042716,Russo RS,3
27042716,Russo BD,4
27042716,Ferrari SV,5
27042716,Bruno F,6
27042716,Ricci RP,7
63137033,Wagner F,1
63137033,Schulz DM,2
63137033,Wagner L,3
63137033,Koch NG,4
63137033,Schulz KT,5
63137033,Weber JT,6
63137033,Schneider RY,7
63137033,Gupta M,8
63137033,Koch L,9
63137033,Klein S,10
63137033,Schneider SV,11
63137033,Fischer H,12
45186792,Martin LH,1
45186792,Michel K,2
45186792,Bertrand C,3
45186792,Petit D,4
89491078,Park KJ,1
89491078,Jung FV,2
89491078,Kang LT,3
99597719,Roy YD,1
99597719,MacDonald P,2
99597719,Fortin B,3
99597719,Campbell EJ,4
99597719,Cote KY,5
99597719,Celik M,6
99597719,Gagnon K,7
99597719,Lavoie M,8
99597719,Bouchard S,9
99597719,Morin HH,10
69120209,Esposito M,1
69120209,Russo N,2
69120209,Ricci RP,3
42653862,Yang V,1
42653862,Zhao M,2
42653862,Hu N,3
42653862,Zhang M,4
42653862,Wang A,5
42653862,Ma EV,6
81383317,Sharma FL,1
81383317,Rao C,2
81383317,Gupta JA,3
81383317,Nair RF,4
81383317,Patel B,5
59886137,Smith KJ,1
59886137,Taylor S,2
59886137,Wright M,3
59886137,Lewis C,4
59886137,Taylor EB,5
59886137,Anderson P,6
59886137,Smith N,7
59886137,Wilson TH,8
59886137,Scott KM,9
59886137,Clark KN,10
59886137,Wilson LB,11
59886137,Walker TB,12
71062441,Yamamoto V,1
71062441,Hill C,2
93300637,Fortin TF,1
93300637,Cote KY,2
93300637,Morin D,3
93300637,Roy T,4
93300637,Fortin Y,5
93300637,Gauthier JN,6
69697408,Lim T,1
69697408,Kang N,2
69697408,Kim G,3
69697408,Lim A,4
69697408,Cho H,5
69697408,Jung FV,6
69697408,Jang B,7
38904831,de Jong VS,1
38904831,Bakker A,2
85255378,Suzuki L,1
85255378,Leroy SH,2
85255378,Laurent TF,3
46568077,Greco D,1
46568077,Gallo F,2
46568077,Romano P,3
46568077,Esposito H,4
46568077,Romano R,5
46568077,Ricci RP,6
46568077,Romano AS,7
46568077,Colombo PC,8
46568077,Gallo TE,9
46568077,Rossi H,10
54420878,Richter L,1
54420878,Schneider SV,2
54420878,Schneider P,3
54420878,MacDonald A,4
54420878,Mueller F,5
54420878,Wagner L,6
54420878,Fischer H,7
20077063,Li VM,1
20077063,Zhao GH,2
20077063,Ma ET,3
95899772,Esposito R,1
95899772,Schmid AS,2
95899772,Keller H,3
95899772,Schmid RN,4
95899772,Meier S,5
14096440,Zhao G,1
14096440,Wu TH,2
14096440,Ma EV,3
31428909,Taylor E,1
31428909,Clark HC,2
31428909,Young H,3
31428909,Moore L,4
31428909,Jackson K,5
31428909,Scott Y,6
31428909,Wilson RF,7
31428909,Allen D,8
28179547,Li D,1
28179547,Huang JJ,2
28179547,Zhao LY,3
28179547,Lin T,4
28179547,Lin BN,5
28179547,Li YH,6
28179547,Hu JN,7
28179547,Zhang VY,8
69896611,Baker A,1
69896611,Harris R,2
73014994,Ahmadi T,1
73014994,Hosseini F,2
73014994,Rahimi AT,3
73014994,Mohammadi G,4
26318455,Vincent D,1
26318455,Laurent MA,2
26318455,Fournier RJ,3
26318455,Michel E,4
26318455,Durand A,5
26318455,Lefebvre KV,6
26318455,Martin LH,7
26318455,Leroy R,8
26318455,Simon VN,9
26318455,Laurent TF,10
46643797,Moore N,1
46643797,Allen N,2
46643797,Davis EH,3
46643797,Anderson KB,4
46643797,Thomas MT,5
40851724,Peeters C,1
40851724,Mertens GM,2
86218950,Lin D,1
86218950,Zhao M,2
86218950,Wang MR,3
86218950,Wu JG,4
86218950,Wang A,5
86218950,Liu LA,6
86218950,Karlsson E,7
86218950,Zhang M,8
86218950,Zhao G,9
86218950,Ma EV,10
52304384,Celik HJ,1
52304384,Park C,2
52304384,Kang N,3
52304384,Jang B,4
96390106,Kang B,1
96390106,Park Y,2
96390106,Jung VS,3
77481860,Aydin HJ,1
77481860,Gagne V,2
77481860,Tremblay H,3
77481860,Bouchard T,4
77481860,Gauthier KH,5
77481860,Fortin TF,6
77481860,Gauthier V,7
77481860,Roy B,8
77481860,Kowalczyk LT,9
77481860,Gagne R,10
77481860,Bouchard F,11
77481860,Cote V,12
34571722,Sun Y,1
34571722,Sun R,2
34571722,Huang CA,3
34571722,Lin R,4
34571722,Wu S,5
96031249,Han R,1
96031249,Yang G,2
96031249,Kang K,3
96031249,Cho HB,4
96031249,Kim V,5
57809672,Janssens SH,1
57809672,Becker T,2
57809672,Janssens R,3
57809672,Peeters BF,4
48897254,Harris JF,1
48897254,Taylor P,2
48897254,Johnson L,3
48897254,Johnson DP,4
33886138,Clark HC,1
33886138,Scott Y,2
33886138,Scott PS,3
33886138,Clark MG,4
33886138,Allen D,5
87307564,Sharma DJ,1
87307564,Sharma EH,2
87307564,Gupta N,3
87307564,Patel E,4
87307564,Reddy M,5
87307564,Green B,6
87307564,Nair T,7
87307564,Patel B,8
60013268,Fernandez T,1
60013268,Lee E,2
60013268,Ryan J,3
60013268,Murphy H,4
60013268,King E,5
60013268,Kelly A,6
60013268,Walsh L,7
60013268,Lee V,8
20123176,Kowalski B,1
20123176,Wisniewski N,2
20123176,Lewandowski S,3
20123176,Kowalczyk T,4
20123176,Kowalski FR,5
48954337,Sharma CS,1
48954337,Patel J,2
48954337,Sharma FL,3
48954337,Patel D,4
48954337,Nair A,5
48954337,Reddy PF,6
48954337,Sharma T,7
96340008,Karimi D,1
96340008,Jafari A,2
97494935,Lee R,1
97494935,Lee V,2
97494935,Murphy YF,3
97494935,King J,4
46014807,de Boer J,1
46014807,van Dijk V,2
46014807,Visser YV,3
46014807,Johansson P,4
46014807,de Jong B,5
46014807,de Boer B,6
46014807,Smit D,7
62835881,Murphy K,1
62835881,King CA,2
62835881,Ryan E,3
62835881,King J,4
62835881,Lee K,5
62835881,King F,6
33476234,Klein S,1
33476234,Fischer H,2
56445170,Jackson TC,1
56445170,Zielinski GN,2
56445170,Johnson N,3
56445170,Young TP,4
56445170,Anderson KB,5
56445170,Brown GJ,6
56445170,Moore R,7
56445170,Brown Y,8
56445170,Li D,9
56445170,Harris NM,10
25534002,Rao AR,1
25534002,Martinez JH,2
25534002,Martinez E,3
25534002,Alvarez J,4
25534002,Rodriguez H,5
25534002,Gonzalez F,6
25534002,Ruiz S,7
87318048,Jacobs T,1
87318048,Souza Y,2
87318048,Lima PC,3
87318048,Costa Y,4
87318048,Silva TY,5
77123063,Fernandez T,1
77123063,Hill S,2
77123063,Turner G,3
77123063,Hill CH,4
77123063,Green SH,5
29976279,Zhao BG,1
29976279,Xu M,2
29976279,Lin B,3
29976279,Chen PE,4
65772038,Scott AK,1
65772038,Oliveira HR,2
65772038,Harris YB,3
65772038,Johnson DV,4
65772038,Jackson B,5
65772038,Jackson K,6
70530265,Xu H,1
70530265,Wu LC,2
70530265,Chen RP,3
70530265,Hu HP,4
70530265,Sun B,5
88836287,Baker G,1
88836287,Anderson RH,2
88836287,Baker C,3
88836287,Clark DT,4
88836287,Anderson K,5
88836287,White E,6
88836287,Davis B,7
88836287,Schmid J,8
88836287,Baker AB,9
88836287,Scott P,10
11726965,Allen J,1
11726965,Miller H,2
11726965,White G,3
11726965,Lewis YG,4
15055631,Klein N,1
15055631,Mueller YJ,2
18852075,Becker BT,1
18852075,Koch R,2
18852075,Mueller YJ,3
50921459,Schulz TR,1
50921459,Richter H,2
50921459,Koch N,3
50921459,Hoffmann Y,4
50921459,Koch G,5
50921459,Schneider PL,6
28251493,Johnson NH,1
28251493,Moore T,2
28251493,Baker P,3
28251493,Taylor MY,4
51440527,Bertrand RR,1
51440527,Roux P,2
51440527,Laurent CK,3
51440527,Laurent LD,4
51440527,Lefebvre DJ,5
65166101,Meyer YF,1
65166101,Schulz T,2
65166101,Klein B,3
65166101,Mueller MJ,4
26138389,Harris R,1
26138389,Harris M,2
26138389,Scott JY,3
26138389,Johnson KT,4
26138389,Huber C,5
26138389,Johnson DP,6
26138389,Allen H,7
26138389,Thomas S,8
26138389,Scott RH,9
26138389,Davis EK,10
55040651,Brown L,1
55040651,Smith F,2
55040651,Young V,3
55040651,Young G,4
55040651,Allen MN,5
55040651,Wilson L,6
55040651,Rodrigues KY,7
55040651,Smith N,8
61488652,Ricci V,1
61488652,Rossi A,2
61488652,Esposito J,3
18678617,Huang T,1
18678617,He P,2
86904360,Harris R,1
86904360,Lopez TK,2
86904360,Martinez SA,3
98799717,Huber KK,1
98799717,Meier L,2
98799717,Ruiz FL,3
98799717,Kato J,4
98799717,Steiner N,5
61560734,Johnson DP,1
66149373,Rodrigues E,1
66149373,Lima PC,2
66149373,Lima KK,3
66149373,Rodrigues KY,4
66149373,Almeida BD,5
66149373,Rodrigues MH,6
66149373,Souza T,7
66149373,Souza TL,8
66149373,Souza R,9
66149373,Costa DH,10
66149373,Silva TY,11
66149373,Costa L,12
36205622,Hu T,1
36205622,Mueller G,2
36205622,Schneider M,3
36205622,Schmidt JA,4
20474046,Richter G,1
20474046,Fischer C,2
20474046,Fischer R,3
20474046,Richter D,4
20474046,Weber Y,5
21211797,Bruno SN,1
21211797,Ricci PN,2
21211797,Romano AS,3
21211797,Greco D,4
21211797,Russo N,5
21211797,Baker H,6
21211797,Bruno N,7
21211797,Rossi H,8
99479545,Pereira S,1
83350442,Garcia VK,1
83350442,Campbell EJ,2
83350442,Fortin B,3
83350442,Gagnon YK,4
83350442,Lavoie YP,5
83350442,Roy S,6
83350442,Gagne P,7
83350442,Morin HH,8
32936227,Bakker L,1
32936227,Bakker C,2
32936227,Jansen C,3
32936227,Meijer T,4
32936227,van Dijk N,5
32936227,de Jong B,6
32936227,Jansen HV,7
32936227,de Vries AN,8
32936227,van den Berg V,9
32936227,van den Berg P,10
42754939,Bernard G,1
42754939,Lefebvre D,2
42754939,Laurent J,3
42754939,Park NS,4
42754939,Bonnet R,5
42754939,Bernard EM,6
42754939,Simon NJ,7
87255405,Ruiz FL,1
87255405,Bouchard PC,2
46882078,Wang L,1
46882078,Guo P,2
46882078,Wu JG,3
46882078,Hu T,4
83194531,Roy T,1
83194531,Tremblay N,2
83194531,Cote B,3
83194531,Cote G,4
83194531,Roy CJ,5
83194531,Tremblay D,6
31978926,Hu HM,1
31978926,Gupta N,2
31978926,Iyer V,3
31978926,Rao Y,4
31978926,Nair T,5
31978926,Patel B,6
35467740,Guo NH,1
35467740,Hu GS,2
35467740,Sun B,3
35467740,Wu LC,4
35467740,Hu HM,5
35772665,Xu M,1
35772665,Ma AB,2
35772665,Hu HM,3
28871424,Miller J,1
28871424,Baker CE,2
28871424,Taylor HG,3
28871424,Young P,4
28871424,Harris DD,5
41043730,Steiner H,1
41043730,Huber Y,2
41043730,Gerber V,3
52196871,Pereira HE,1
52196871,Janssens R,2
52196871,Claes N,3
52196871,Mertens Y,4
52196871,Claes M,5
52196871,Jansen HV,6
52196871,Willems B,7
52196871,Maes M,8
52196871,Peeters S,9
52196871,Jacobs S,10
52196871,Peeters AF,11
52196871,Mertens GM,12
60388188,Walsh AC,1
60388188,Petit NK,2
60388188,Michel G,3
60388188,David YT,4
60388188,Simon D,5
60388188,Simon N,6
74295730,Murphy G,1
74295730,Walsh C,2
74295730,Ryan N,3
74295730,Mitchell V,4
74295730,Walsh M,5
43731398,Maes HT,1
43731398,Peeters BF,2
21909380,Ito D,1
21909380,Takahashi M,2
21909380,Sato B,3
27825863,Hughes C,1
27825863,Evans S,2
27825863,Wood KA,3
27825863,Green B,4
46361232,Lewis FM,1
24630573,Laurent TY,1
24630573,Martin TB,2
24630573,Rodrigues J,3
24630573,Vincent VF,4
24630573,Michel TK,5
24630573,Bertrand V,6
24630573,Simon SF,7
24630573,Bernard AY,8
23403073,Murphy K,1
23403073,Murphy YF,2
23403073,King F,3
23354360,Mitchell C,1
23354360,Yamamoto VD,2
23354360,King T,3
23354360,Walsh C,4
23354360,Walsh M,5
49470618,Gauthier JN,1
49470618,Tremblay Y,2
49470618,Campbell CV,3
49470618,Cote B,4
49470618,Tremblay D,5
40000699,Durand B,1
40000699,Mercier P,2
40000699,David G,3
40000699,Bertrand RR,4
40000699,Bernard B,5
40000699,Petit Y,6
40000699,Simon F,7
51829898,Hosseini CN,1
51829898,Jang B,2
51829898,Jafari P,3
51829898,Mohammadi P,4
51829898,Ahmadi D,5
51829898,Mohammadi GY,6
51829898,Nascimento LJ,7
51829898,Jafari S,8
51829898,Mohammadi SN,9
51829898,Rezaei KN,10
57253270,Simon D,1
57253270,Michel KD,2
70366530,Wood JP,1
70366530,Jones AC,2
70366530,Hill J,3
70366530,Wood DM,4
70366530,Williams D,5
70366530,Hughes N,6
28846919,Gerber M,1
28846919,Steiner C,2
28846919,Schmid M,3
28846919,Sahin FB,4
28846919,Gerber CP,5
39301951,Bos VB,1
39301951,van den Berg D,2
39301951,Bos P,3
39301951,Bakker A,4
91933497,Cho AT,1
91933497,Park LT,2
91933497,Jang B,3
91933497,Kim V,4
25258889,Roy P,1
25258889,Cote M,2
73838626,Evans BL,1
73838626,Williams NT,2
73838626,Hall BT,3
73838626,Green S,4
73838626,Hughes HJ,5
39567069,Roberts PN,1
39567069,Cooper N,2
39567069,Hall MJ,3
39567069,Williams JP,4
39567069,Hughes L,5
39567069,Hughes V,6
39567069,Morris RL,7
39567069,Hill MG,8
39567069,He JS,9
39567069,Hill C,10
26702611,Cote M,1
26702611,Tremblay PR,2
26702611,Campbell V,3
26702611,Gagnon B,4
26702611,Lavoie YG,5
26702611,Cote D,6
26702611,Morin G,7
70085179,Goossens K,1
70085179,Janssens S,2
70085179,Jacobs V,3
70085179,Maes B,4
70085179,Goossens PR,5
70085179,Goossens N,6
70085179,Janssens LD,7
70085179,Jacobs KC,8
70085179,Janssens JM,9
70085179,Willems MK,10
68144619,Hoffmann F,1
68144619,Schneider T,2
68144619,Mueller M,3
68144619,Mueller G,4
68144619,Wolf YG,5
68144619,Schmidt JA,6
15735548,Andersson F,1
15735548,Persson E,2
15735548,Nilsson G,3
15735548,Olsson V,4
85480511,Jansen K,1
85480511,de Vries CE,2
85480511,Chen PE,3
85480511,de Vries L,4
75481839,Sahin FB,1
75481839,Demir C,2
75481839,Ozturk T,3
75481839,Sahin N,4
75481839,Yilmaz RD,5
75481839,Yildiz S,6
75481839,Yildiz GN,7
75481839,Yilmaz S,8
30470539,Ricci C,1
30470539,Esposito NL,2
30470539,Bruno H,3
30470539,Ferrari A,4
30470539,Romano P,5
30470539,Russo RS,6
30470539,Ricci RP,7
41428232,Bernard B,1
41428232,Leroy F,2
41428232,David B,3
41428232,Simon F,4
74642648,Yilmaz S,1
74642648,Martin L,2
74642648,Blanc L,3
74642648,Girard GT,4
74642648,Durand MV,5
74642648,Durand Y,6
74642648,Fournier R,7
75365245,Jackson S,1
75365245,Ito DV,2
75365245,Johnson S,3
75365245,Smith R,4
10673483,de Boer PN,1
10673483,Meijer PP,2
10673483,de Vries L,3
27399219,Watanabe R,1
27399219,Nakamura NK,2
27399219,Tanaka K,3
27399219,Ito C,4
27399219,Kobayashi V,5
27399219,Watanabe B,6
27399219,Watanabe N,7
98976117,Zhang M,1
98976117,Wang F,2
98976117,Guo NH,3
98976117,Wang DY,4
98976117,Huang CA,5
98976117,Zhang G,6
98976117,Lin R,7
98976117,Lin T,8
98976117,Zhang P,9
98976117,Wu S,10
62082999,Costa T,1
62082999,Rodrigues J,2
52004080,Xu HN,1
52004080,Sharma G,2
52004080,Sun B,3
96095448,Hughes L,1
96095448,Hill C,2
77088973,Moore R,1
77088973,Davis EH,2
77088973,Wilson P,3
77088973,Anderson RY,4
25372022,Huber Y,1
25372022,Gerber S,2
25372022,Keller E,3
25372022,Gerber V,4
62667693,Miller E,1
62667693,Thomas MT,2
42268698,Roy PN,1
42268698,Durand A,2
42268698,Cote D,3
42268698,Bouchard F,4
42268698,Cote V,5
83173179,Petit D,1
83173179,Durand H,2
83173179,David H,3
83173179,Bernard GF,4
83173179,Bernard F,5
83173179,Durand DD,6
83173179,Petit K,7
83173179,Bernard AY,8
83173179,Bonnet C,9
83173179,Fournier CJ,10
83173179,Durand Y,11
83173179,Lefebvre DJ,12
26644248,Campbell V,1
26644248,Willems B,2
26644248,Morin G,3
39106043,Ito JC,1
39106043,Nakamura S,2
39106043,Suzuki BJ,3
39106043,Kato TT,4
39106043,Ito DV,5
54410942,Guo NH,1
54410942,He P,2
74908225,Visser YS,1
74908225,Meijer TV,2
74908225,Mulder G,3
74908225,Visser S,4
74908225,de Jong FH,5
74908225,Jansen A,6
74908225,de Boer PN,7
74908225,Rossi CC,8
74908225,van Dijk C,9
74908225,Bos GK,10
36694164,Cote J,1
36694164,Bouchard TD,2
36694164,Bouchard N,3
36694164,Gagne R,4
36694164,Gagne V,5
36694164,MacDonald S,6
36694164,MacDonald R,7
36694164,Cote V,8
90192517,Laurent G,1
90192517,Vincent VF,2
90192517,Lefebvre E,3
90192517,Bernard AY,4
11858867,Jang MD,1
11858867,Kang F,2
11858867,Ricci Y,3
11858867,Han PS,4
42468678,Taylor JV,1
42468678,Brown MR,2
63566021,Richter VE,1
63566021,Wolf YG,2
63566021,Schmidt JA,3
52157460,Park KJ,1
52157460,Jang YE,2
52157460,Kim K,3
52157460,Jang L,4
52157460,Jang AV,5
52157460,Kang LT,6
98423317,Colombo N,1
98423317,Ferrari A,2
98423317,Bruno T,3
98423317,Russo L,4
98423317,Rossi H,5
98423317,Ricci RP,6
21344627,Bakker Y,1
21344627,Bos A,2
21344627,Jansen K,3
21344627,de Vries L,4
99530644,van den Berg D,1
99530644,Smit VR,2
99530644,Smit JK,3
99530644,Bos A,4
99530644,Bakker A,5
32558740,Ruiz Y,1
32558740,Martinez E,2
32558740,Diaz S,3
32558740,Souza TL,4
32558740,Ruiz AR,5
32558740,Moreno YM,6
73550845,He J,1
73550845,Hu V,2
73550845,Ma HS,3
73550845,Ma ET,4
32140025,Bouchard P,1
32140025,Harris NM,2
83072441,Claes N,1
83072441,Willems MK,2
83072441,Peeters M,3
83072441,Claes CV,4
83072441,Jacobs T,5
49928335,Patel J,1
49928335,Sharma M,2
49928335,Joshi T,3
49928335,Singh L,4
49928335,Gupta F,5
16276996,Mohammadi C,1
16276996,Mohammadi CE,2
16276996,Karimi M,3
16276996,Ahmadi AP,4
16276996,Rahimi AT,5
16276996,Rezaei C,6
16276996,Rezaei DE,7
16276996,Ahmadi T,8
16276996,Karimi FE,9
16276996,Jafari L,10
16276996,Ahmadi L,11
16276996,Mohammadi G,12
11754225,Fortin Y,1
11754225,Cote KY,2
11754225,Lavoie V,3
11754225,Fortin S,4
11754225,Gauthier JN,5
95918221,Chen N,1
95918221,Hu GS,2
95918221,Hu HM,3
53813890,Costa Y,1
53813890,Nascimento YK,2
53813890,Jacobs R,3
53813890,Santos E,4
53813890,Pereira S,5
19571115,Mertens E,1
19571115,Jacobs N,2
19571115,Goossens FB,3
19571115,Janssens L,4
19571115,Peeters B,5
19571115,Mertens NH,6
77057214,Rossi KA,1
77057214,Bruno T,2
77057214,Bruno F,3
77057214,Bruno H,4
77057214,Romano H,5
77057214,Ricci RP,6
68536550,Zhu C,1
68536550,Li LG,2
68536550,He P,3
68536550,Yang J,4
90415648,Kim V,1
90415648,Evans YY,2
90415648,Edwards C,3
90415648,Hill T,4
46534433,de Jong JN,1
46534433,Ricci PV,2
46534433,Bianchi F,3
46534433,Ferrari N,4
53749939,Yamada L,1
53749939,Kobayashi G,2
53749939,Colombo S,3
53749939,Sato P,4
68432984,Ma EV,1
68432984,Guo V,2
68432984,Xu Y,3
68432984,Li RR,4
68432984,King J,5
68432984,Hu HM,6
85012575,Bruno N,1
85012575,Ferrari A,2
85012575,Russo DN,3
85012575,Ricci RP,4
21410572,Kim P,1
21410572,Tremblay YP,2
21410572,Fortin DN,3
21410572,MacDonald B,4
21410572,Gauthier JN,5
21410572,MacDonald N,6
21410572,MacDonald R,7
68424728,Han PD,1
68424728,Han JD,2
68424728,Bouchard L,3
68424728,Kim A,4
68424728,Yoon P,5
68424728,Jang B,6
68424728,Han PS,7
31462453,Russo JE,1
31462453,Esposito H,2
31462453,Marino E,3
31462453,Russo DN,4
32190715,Wood JP,1
32190715,Green K,2
32190715,Ward G,3
32190715,Wood DM,4
32190715,Hill J,5
32190715,Hughes N,6
70545332,Costa M,1
70545332,Rodrigues E,2
70545332,Pereira Y,3
70545332,Silva PS,4
70545332,Nascimento MD,5
70545332,Rodrigues J,6
48760490,Rodriguez HF,1
48760490,Moreno YM,2
48760490,Ruiz FL,3
92865363,Goossens FB,1
92865363,Mertens GM,2
92865363,Claes D,3
92865363,Jacobs N,4
92865363,Janssens L,5
92865363,Mertens NH,6
17023519,Martin LH,1
17023519,Petit TS,2
17023519,Petit L,3
17023519,Laurent K,4
83311914,Hoffmann R,1
83311914,Fortin S,2
83311914,Fortin J,3
83311914,Gauthier T,4
83311914,Gauthier JN,5
84848309,Wagner K,1
84848309,Yoon H,2
84848309,Kang F,3
84848309,Jang BD,4
84848309,Jang L,5
84848309,Han PS,6
74853861,Wagner VY,1
74853861,Meier M,2
74853861,Huber KK,3
74853861,Mueller C,4
74853861,Gerber CP,5
85354188,Weber SC,1
85354188,Schmid AS,2
85354188,Huber Y,3
85354188,Gerber V,4
93025480,Jansen V,1
93025480,van den Berg H,2
93025480,Smit V,3
93025480,Mulder SP,4
93025480,Bakker BF,5
93025480,Meijer Y,6
10771617,Huang FA,1
10771617,Simon VN,2
10771617,Roux D,3
10771617,Bernard DL,4
26450467,Larsson P,1
26450467,Yilmaz RD,2
26450467,Yilmaz L,3
26450467,Ozturk CB,4
26450467,Aydin V,5
26450467,Sahin FB,6
53430628,Young PH,1
53430628,Smith F,2
53430628,Allen LL,3
53430628,Allen N,4
53430628,Johnson M,5
53430628,Thomas MT,6
33806802,David YT,1
33806802,Fournier FN,2
33806802,Bertrand TD,3
33806802,Rossi N,4
33806802,Bertrand A,5
33806802,Simon N,6
89513910,Zhu YB,1
89513910,Hu J,2
89513910,Wang L,3
89513910,Hu V,4
89513910,Zhao GH,5
89513910,Ma ET,6
96930366,Walsh M,1
96930366,Kelly G,2
96930366,Lee FR,3
96930366,King C,4
96930366,Mitchell S,5
96930366,Murphy J,6
96930366,King J,7
42690458,Kowalski FR,1
61382212,Thomas V,1
61382212,White HE,2
61382212,Scott A,3
61382212,Clark LB,4
61382212,Clark MB,5
61382212,Lewis FR,6
12589053,Schmid YV,1
12589053,Weber LK,2
12589053,Gerber CP,3
57322593,Mueller B,1
57322593,Steiner A,2
57322593,Weber R,3
57322593,Sun JD,4
57322593,Meier DN,5
57322593,Keller B,6
57322593,Schmid T,7
57322593,Gerber DH,8
26246134,Rao Y,1
26246134,Gupta JA,2
26246134,Reddy M,3
26246134,Iyer GF,4
26246134,Patel D,5
26246134,Nair Y,6
26246134,Nair T,7
26246134,Kumar J,8
26246134,Meijer DP,9
26246134,Patel Y,10
26246134,Moore TV,11
26246134,Patel B,12
41829108,Garcia EH,1
41829108,Mercier DE,2
41829108,Bonnet J,3
41829108,Simon N,4
41829108,Fournier RJ,5
41829108,Laurent TF,6
33817708,Esposito H,1
33817708,Ricci M,2
33817708,Russo K,3
33817708,Rossi H,4
72045834,Scott M,1
72045834,Miller A,2
72045834,Thomas S,3
30249614,Davis R,1
30249614,Walker R,2
30249614,Thomas E,3
30249614,Wilson NB,4
30249614,Davis B,5
15088153,van Dijk C,1
15088153,Bos G,2
15088153,Jansen A,3
15088153,Bakker FM,4
15088153,Bakker C,5
15088153,Visser D,6
15088153,Bos GK,7
96071301,Pereira Y,1
96071301,Pereira LV,2
96071301,Rodrigues J,3
90431008,Johnson DG,1
90431008,Baker TH,2
90431008,Baker CE,3
90431008,Harris DD,4
46087846,Miller ER,1
46087846,Jackson KB,2
46087846,White VJ,3
46087846,Brown V,4
46087846,Johnson SR,5
46087846,Young FG,6
46087846,Anderson T,7
46087846,Harris R,8
36406623,Colombo L,1
49067008,Harris ND,1
49067008,Scott A,2
49067008,Wright B,3
49067008,Brown M,4
49067008,Clark LB,5
49067008,Lewis FR,6
40439876,Gupta M,1
40439876,Hoffmann C,2
40439876,Mueller YJ,3
75484404,Lim K,1
75484404,de Vries B,2
75484404,de Boer M,3
75484404,Bianchi NB,4
75484404,Smit D,5
36032804,Huber Y,1
36032804,Gagne VE,2
36032804,Gerber V,3
90492628,Anderson LP,1
90492628,Anderson Y,2
90492628,Scott AK,3
90492628,Lewis DM,4
90492628,Jackson K,5
77976645,Baker CE,1
77976645,Miller J,2
77976645,White J,3
77976645,Brown CA,4
77976645,Taylor HM,5
77976645,Kato NS,6
77976645,Harris DD,7
70497392,Lewandowski JC,1
70497392,Zielinski S,2
70497392,Choi L,3
70497392,Kowalczyk LT,4
70497392,Zielinski B,5
70497392,Kowalski TV,6
70497392,Wojcik T,7
70497392,Kowalski B,8
70497392,Zielinski R,9
70497392,Wojcik C,10
70497392,Kaminski BT,11
70497392,Nowak J,12
74659199,Romano AS,1
74659199,Rossi H,2
79704892,Joshi SP,1
79704892,Patel J,2
79704892,Sharma T,3
52842344,Watanabe M,1
52842344,Kowalski FR,2
52842344,Suzuki K,3
52842344,Sato P,4
52842344,Yamada CL,5
52842344,Yoshida FK,6
52842344,Sato ME,7
53512753,Wu LC,1
53512753,Leroy G,2
53512753,Sun B,3
61665672,Johnson L,1
61665672,Taylor P,2
61665672,Wilson DA,3
61665672,Yoon H,4
61665672,Lewis LR,5
61665672,Thomas PL,6
61665672,Diaz C,7
61665672,Johnson DP,8
58785129,Rao P,1
58785129,Patel J,2
58785129,Rao V,3
58785129,Joshi H,4
58785129,Sharma T,5
40902209,Maes A,1
40902209,Leroy T,2
40902209,Blanc L,3
40902209,Moreau NP,4
40902209,Garcia L,5
40902209,Bernard AY,6
40902209,Fournier R,7
25139268,Moreau NP,1
25139268,Laurent R,2
25139268,Laurent K,3
81804460,Gonzalez HB,1
81804460,Sanchez M,2
81804460,Fernandez H,3
81804460,Martinez SA,4
63433198,Ahmadi AP,1
63433198,Colombo L,2
63433198,Mohammadi G,3
25167881,Jackson FC,1
25167881,Young M,2
25167881,Moore TV,3
25167881,Wilson NB,4
25167881,Anderson A,5
25167881,Thomas E,6
25167881,Davis B,7
47654360,Hu T,1
47654360,Guo NH,2
47654360,Hu D,3
47654360,Zhu S,4
47654360,Xu HB,5
47654360,Smith N,6
47654360,Guo B,7
47654360,Yang PR,8
95952079,Lewis FR,1
95952079,Harris LY,2
95952079,Fischer T,3
95952079,Moore N,4
95952079,Thomas P,5
95952079,Thomas MT,6
35198280,Wood JP,1
35198280,Wood DM,2
35198280,Ward G,3
35198280,Hughes N,4
70201499,Rossi H,1
70201499,Ricci TK,2
70201499,Ferrari N,3
53339039,Romano NY,1
53339039,Meijer H,2
53339039,Colombo L,3
34592614,Morin J,1
34592614,Gagnon G,2
34592614,Cote B,3
34592614,Tremblay D,4
77062389,Walsh C,1
77062389,Ryan LB,2
77062389,Mitchell S,3
77062389,Walsh M,4
77062389,Lee FR,5
77062389,Ryan G,6
77062389,King JJ,7
77062389,O'Brien Y,8
87656901,Diaz YY,1
87656901,Gonzalez GS,2
87656901,Lopez E,3
87656901,Rodriguez HF,4
87656901,Ruiz S,5
87656901,Rodriguez C,6
87656901,Ruiz FL,7
56136562,Goossens N,1
56136562,Willems L,2
56136562,Willems GJ,3
56136562,Jacobs V,4
56136562,Willems MK,5
84431694,Baker TS,1
84431694,Johnson RS,2
84431694,Wang Y,3
84431694,Lewis FM,4
48551394,Yilmaz L,1
48551394,Yilmaz P,2
48551394,Yilmaz LG,3
48551394,Kaya P,4
48551394,Sahin FB,5
98932902,Zhu R,1
14603999,Cote J,1
14603999,Gagne R,2
14603999,Tremblay H,3
14603999,Cote V,4
35335087,Silva T,1
35335087,Rodrigues DH,2
35335087,Almeida YC,3
35335087,Silva TY,4
35335087,Costa J,5
35335087,Souza R,6
35335087,Costa PS,7
35335087,Nascimento BT,8
37787152,Moreno FK,1
37787152,Martinez G,2
78737905,Leroy A,1
78737905,Mercier DE,2
78737905,Bernard ME,3
78737905,Steiner M,4
78737905,David G,5
78737905,Simon F,6
85817137,Campbell CV,1
85817137,Martinez G,2
96056731,Yilmaz RD,1
96056731,Yilmaz A,2
96056731,Walker TB,3
96056731,Sahin FB,4
96056731,Celik H,5
96056731,Kaya K,6
48818353,Liu E,1
48818353,He J,2
48818353,Chen BE,3
48818353,Zhang VY,4
21036657,Park C,1
21036657,Kang D,2
21036657,Russo P,3
21036657,Kang HP,4
21036657,Jung FV,5
21036657,Jung NE,6
21036657,Han B,7
21036657,Jang L,8
21036657,Kang LT,9
21036657,Jang B,10
33338852,Colombo T,1
33338852,Lee P,2
33338852,Rossi E,3
33338852,Bruno L,4
33338852,Ricci RP,5
33338852,Esposito J,6
23549739,Scott A,1
23549739,Lewis D,2
89569220,Roy FY,1
89569220,Bouchard PC,2
20845659,Silva N,1
20845659,Silva H,2
20845659,Nascimento YK,3
20845659,Lima A,4
20845659,Pereira LV,5
20845659,Costa GL,6
20845659,Oliveira L,7
20845659,Silva MS,8
20845659,Silva D,9
20845659,Pereira S,10
84683175,He E,1
84683175,Xu HB,2
84683175,Li LG,3
84683175,Patel C,4
84683175,Xu VN,5
84683175,Yang J,6
22200542,Tremblay D,1
22200542,Cote M,2
94443387,Watanabe EC,1
94443387,Yoshida FK,2
94443387,Sato ME,3
81623185,Hill T,1
45927050,Karimi FE,1
45927050,Ahmadi L,2
45927050,Rezaei DE,3
45927050,Mohammadi G,4
11469289,Michel KD,1
11469289,Liu AB,2
11469289,Simon F,3
63660667,Romano AS,1
63660667,Ferrari Y,2
63660667,Greco MT,3
63660667,Greco D,4
63660667,Russo K,5
63660667,Martinez JH,6
63660667,Rossi H,7
65040889,Mueller J,1
65040889,Richter C,2
65040889,Klein A,3
65040889,Fischer NF,4
65040889,Meyer G,5
65040889,Schulz N,6
65040889,Mueller MJ,7
44195462,Hu HM,1
44195462,Li LG,2
44195462,Zhang B,3
44195462,Zhang PH,4
44195462,Chen PE,5
21580264,Bruno N,1
21580264,Gallo F,2
21580264,Moradi E,3
21580264,Gallo R,4
21580264,Gallo S,5
21580264,Greco D,6
21580264,Rossi H,7
17825320,Pereira LV,1
17825320,Hu D,2
17825320,Yang J,3
56275759,Zhu VK,1
56275759,Zhou PT,2
56275759,He MB,3
56275759,Guo NH,4
35243806,Bakker E,1
35243806,de Boer DG,2
35243806,van den Berg P,3
35243806,Jansen V,4
35243806,Visser TJ,5
35243806,Oliveira V,6
35243806,Meijer Y,7
18131461,Han PD,1
18131461,Jung H,2
18131461,Yoon F,3
18131461,Jang BD,4
18131461,Han PS,5
31288788,Lin R,1
31288788,Wu S,2
20741111,Kang F,1
20741111,Jang F,2
20741111,Han V,3
20741111,Han PD,4
20741111,Han PS,5
52381566,Yang T,1
52381566,Guo AY,2
52381566,Ferrari E,3
52381566,Lin A,4
52381566,Zhu R,5
57191275,David YT,1
57191275,Simon N,2
46904935,Koch H,1
46904935,Fischer J,2
46904935,Schmidt SP,3
46904935,Fischer NF,4
46904935,Wolf F,5
35238454,Yoshida SB,1
35238454,Yoshida E,2
35238454,Tanaka N,3
35238454,Yamada L,4
35238454,Watanabe Y,5
35238454,Sato ME,6
35238454,Yamamoto KP,7
35238454,Hu AD,8
35238454,Yoshida H,9
35238454,Kato JK,10
35238454,Nakamura M,11
35238454,Sato P,12
62381685,Peeters K,1
62381685,Willems MK,2
35266669,Peeters M,1
35266669,Walsh PP,2
35266669,Maes AF,3
35266669,Peeters BF,4
48424847,Murphy S,1
48424847,O'Brien AT,2
48424847,Mitchell V,3
48424847,Mitchell YN,4
48424847,Thompson T,5
48424847,Robinson N,6
48424847,Murphy E,7
48424847,Mitchell GG,8
48424847,Murphy Y,9
48424847,Murphy K,10
48424847,Walsh M,11
48424847,King F,12
77891002,Olsson T,1
77891002,Johansson C,2
77891002,Yilmaz B,3
77891002,Olsson V,4
33040266,Han CP,1
33040266,Jang F,2
33040266,Lim A,3
33040266,Jang L,4
33040266,Kang LT,5
24533534,White G,1
24533534,Walker EG,2
24533534,Baker EK,3
24533534,Taylor J,4
24533534,Miller H,5
24533534,Moore D,6
24533534,Young RH,7
24533534,Pereira HE,8
24533534,Taylor A,9
24533534,Smith S,10
24533534,Allen J,11
24533534,Lewis YG,12
13589986,Esposito PT,1
13589986,Rossi C,2
13589986,Gallo V,3
13589986,Esposito J,4
28318222,Brown A,1
28318222,Thomas S,2
43285649,Zhao LY,1
43285649,Sun V,2
43285649,Wu LC,3
43285649,Yang G,4
43285649,Sun B,5
23235009,Weber R,1
23235009,Mueller B,2
23235009,Huber KA,3
23235009,Gerber DH,4
76051695,Wilson DA,1
76051695,Lewis YG,2
30025890,Ozturk A,1
30025890,Sahin A,2
30025890,Yilmaz S,3
30025890,Aydin A,4
30025890,Demir M,5
30025890,Sahin D,6
30025890,Yilmaz A,7
30025890,Yilmaz LG,8
30025890,Yildiz TG,9
30025890,Kaya K,10
75141017,Gonzalez GS,1
75141017,Lopez D,2
75141017,Fernandez JB,3
75141017,Gonzalez B,4
75141017,Alvarez B,5
75141017,Gomez DD,6
75141017,Rodriguez HF,7
75141017,Ruiz FL,8
20558502,de Vries CP,1
20558502,de Boer VK,2
20558502,Meijer Y,3
20558502,van Dijk CR,4
20558502,van Dijk G,5
20558502,de Boer M,6
20558502,Smit D,7
69839932,Green SH,1
69839932,Durand MV,2
69839932,Wojcik Y,3
69839932,Fournier R,4
35139427,Tanaka N,1
28153355,Baker TE,1
28153355,Young FG,2
28153355,Harris R,3
23061966,Clark LB,1
23061966,Scott A,2
23061966,Tanaka N,3
23061966,Harris ND,4
23061966,Baker TS,5
23061966,Jackson K,6
23061966,Lewis FR,7
33334435,Sato T,1
33334435,Watanabe J,2
33334435,Yamada B,3
33334435,Yamamoto DJ,4
33334435,Tanaka N,5
34319846,Jacobs N,1
34319846,Goossens FB,2
34319846,Maes SS,3
34319846,Mertens NH,4
65515801,Bernard GF,1
65515801,Bertrand L,2
65515801,Lefebvre DJ,3
18354089,Oliveira H,1
18354089,Nascimento JJ,2
18354089,Silva TY,3
93951208,Wood GE,1
93951208,Jones A,2
93951208,Hughes JP,3
93951208,Edwards GS,4
95487453,Davis GE,1
95487453,Wisniewski S,2
95487453,Harris D,3
95487453,Johnson L,4
95487453,Johnson DP,5
78532023,Pereira G,1
78532023,Silva TY,2
72128901,Edwards GS,1
72128901,Hughes HJ,2
66032694,Gerber DH,1
66032694,Gerber CP,2
65757295,Harris LY,1
65757295,Jackson N,2
65757295,Moore N,3
65757295,Thomas MT,4
13371716,Lee R,1
13371716,O'Brien D,2
13371716,O'Brien SM,3
13371716,King BM,4
13371716,Mitchell H,5
13371716,Walsh YD,6
13371716,Lee J,7
13371716,Kelly G,8
13371716,Lee V,9
13371716,King J,10
17944810,Ito GB,1
17944810,Ito C,2
17944810,Ito Y,3
17944810,Watanabe EC,4
17944810,Takahashi DM,5
17944810,Suzuki K,6
17944810,Sato ME,7
50100620,Moore L,1
50100620,Walker T,2
50100620,Peeters S,3
50100620,Allen V,4
50100620,Lewis P,5
50100620,Young CM,6
50100620,Brown M,7
50100620,Cooper YD,8
50100620,Richter D,9
50100620,White D,10
50100620,Schmid T,11
50100620,Allen RM,12
37207732,King M,1
37207732,Ryan G,2
37207732,Ryan A,3
37207732,O'Brien Y,4
39381511,King J,1
39381511,Petit D,2
39381511,King BM,3
39381511,Mitchell M,4
39381511,Murphy G,5
39381511,Robinson C,6
39381511,King C,7
39381511,Robinson D,8
39381511,Ryan ND,9
39381511,Walsh M,10
24917224,Evans R,1
24917224,Ward G,2
24917224,Hill MG,3
32489372,King E,1
32489372,Lee V,2
20469241,Wang C,1
20469241,Chen D,2
20469241,Yang T,3
20469241,Zhu R,4
47800920,Ricci P,1
47800920,Ferrari Y,2
47800920,Colombo PC,3
47800920,Rossi H,4
10826112,Yilmaz LG,1
10826112,Sahin N,2
10826112,Celik G,3
10826112,Celik K,4
10826112,Yildiz S,5
10826112,Yildiz BJ,6
10826112,Yilmaz S,7
89247797,Wagner VY,1
65227187,Ward C,1
65227187,Evans R,2
65227187,Williams D,3
65227187,Hill MG,4
72593169,Rahimi HD,1
72593169,Rezaei KN,2
72553323,Kang LT,1
72553323,Jang BD,2
72553323,Jung H,3
72553323,Han PS,4
93948858,Diaz F,1
93948858,Fernandez B,2
93948858,Gomez J,3
93948858,Lopez K,4
93948858,Ruiz KG,5
93948858,Gonzalez R,6
93948858,Martinez SA,7
91222859,Meier Y,1
91222859,Schmid R,2
91222859,Meier M,3
91222859,Steiner N,4
26575197,Visser E,1
26575197,Mulder G,2
26575197,Jansen B,3
26575197,de Jong B,4
46286500,Bernard B,1
46286500,Fournier DH,2
46286500,David G,3
46286500,Simon F,4
29499327,Laurent LD,1
29499327,Moreau YL,2
29499327,David P,3
29499327,Lefebvre DJ,4
48353337,Smith YK,1
48353337,Davis M,2
84835980,Campbell V,1
84835980,Simon FS,2
84835980,Fournier R,3
42484731,Sahin N,1
42484731,Celik M,2
42484731,Sahin BP,3
42484731,Ozturk H,4
61115594,Lewis B,1
61115594,Johnson SR,2
61115594,Brown PF,3
61115594,Anderson B,4
61115594,Harris R,5
22236263,Jacobs T,1
22236263,Janssens LD,2
22236263,Claes G,3
22236263,Peeters S,4
22236263,Maes SS,5
22236263,Willems A,6
22236263,Peeters P,7
22236263,Mertens GM,8
61660265,Ruiz S,1
37678506,Lin T,1
37678506,Liu S,2
37678506,Hu JN,3
37678506,Zhang VY,4
83989636,Schulz D,1
83989636,Richter C,2
83989636,Becker F,3
83989636,Schmidt G,4
83989636,Klein BV,5
83989636,Schmidt P,6
83989636,Wolf C,7
83989636,Hoffmann R,8
83989636,Mueller K,9
83989636,Weber F,10
83989636,Richter SG,11
83989636,Mueller MJ,12
55191688,Gonzalez PH,1
55191688,Alvarez L,2
55191688,Perez YF,3
55191688,Gomez YN,4
55191688,Santos J,5
55191688,Rodriguez TB,6
55191688,Moreno YM,7
55191688,Diaz G,8
84795094,Kim V,1
84795094,Lim BG,2
84795094,Kang F,3
84795094,Jang BD,4
84795094,Kang G,5
84795094,Han PS,6
38063194,Esposito NL,1
38063194,Russo MJ,2
38063194,Bianchi NB,3
38617582,Celik K,1
38617582,Aydin H,2
38617582,Aydin PS,3
38617582,Sahin N,4
38617582,Ozturk L,5
38617582,Celik G,6
38617582,Yilmaz RD,7
38617582,Yildiz S,8
38617582,Aydin MD,9
38617582,Yilmaz S,10
48886550,Karimi A,1
48886550,Ahmadi PM,2
48886550,Ahmadi AP,3
48886550,Mohammadi GY,4
48886550,Tanaka PB,5
48886550,Mohammadi CE,6
17202078,Martin V,1
17202078,Mercier DE,2
17202078,Fournier FN,3
17202078,Simon N,4
67780703,Schneider P,1
67780703,Schmidt JA,2
61729285,Guo A,1
61729285,Huang CA,2
61729285,Ma ET,3
61729285,Lin R,4
61729285,Zhang P,5
61729285,Huang L,6
61729285,Wu S,7
98745137,Turner N,1
98745137,Evans GM,2
98745137,Williams D,3
98745137,Hall Y,4
98745137,Edwards GS,5
80461105,Maes T,1
80461105,Janssens BC,2
80461105,Willems Y,3
80461105,Claes N,4
80461105,Janssens R,5
80461105,Peeters BF,6
18924833,Young P,1
18924833,Jackson TC,2
18924833,Anderson KB,3
18924833,Harris NM,4
25278891,Koch H,1
25278891,Wolf F,2
48721254,Sharma G,1
48721254,Joshi V,2
48721254,Sharma EH,3
48721254,Patel GG,4
48721254,Reddy G,5
48721254,Singh L,6
48721254,Joshi SP,7
48721254,Gupta F,8
32197376,Murphy VG,1
32197376,King E,2
32197376,Thompson VP,3
32197376,Lee V,4
90512568,Park Y,1
90512568,Jang YE,2
54397653,Miller N,1
54397653,Smith K,2
54397653,Thomas S,3
54397653,Davis H,4
54397653,Lewis Y,5
54397653,Johnson DP,6
54397653,Allen S,7
54397653,Taylor MY,8
27742735,Hosseini CN,1
27742735,Mohammadi NJ,2
27742735,Jafari YP,3
27742735,Rahimi ET,4
27742735,Rahimi HD,5
27742735,Moradi E,6
27742735,Nair N,7
27742735,Ahmadi EA,8
27742735,Hosseini F,9
27742735,Rezaei KN,10
26846803,Campbell P,1
26846803,Girard GT,2
26846803,Cote M,3
52056849,Wu EA,1
52056849,Yang S,2
52056849,Zhu LG,3
52056849,Wang MR,4
52056849,Hu T,5
85793480,Celik FV,1
85793480,Sahin N,2
85793480,Yilmaz S,3
41742302,Mercier T,1
41742302,Girard GT,2
41742302,Laurent TF,3
41742302,Fournier DH,4
41742302,Simon F,5
64109572,Mitchell V,1
64109572,Murphy K,2
64109572,King F,3
19745267,Clark PY,1
19745267,Moore Y,2
19745267,Clark R,3
19745267,Scott KM,4
19745267,Wright M,5
19745267,Taylor S,6
19745267,Anderson P,7
19745267,Walker TB,8
30979220,Scott KM,1
30979220,Baker PB,2
30979220,White VJ,3
30979220,Johnson SR,4
30979220,Allen RM,5
30979220,Smith D,6
30979220,Miller ER,7
30979220,Harris R,8
41681906,Wright BD,1
41681906,Baker CE,2
41681906,White J,3
41681906,Hill C,4
41681906,Walker BN,5
41681906,Clark L,6
41681906,Harris DD,7
12429862,King N,1
12429862,King Y,2
12429862,King PJ,3
12429862,Ryan LB,4
12429862,Ryan G,5
12429862,Willems V,6
12429862,O'Brien Y,7
75264741,Romano NY,1
75264741,Gallo HF,2
75264741,Colombo N,3
75264741,Ricci T,4
75264741,Colombo L,5
39020171,Kelly R,1
39020171,Ryan J,2
39020171,Walsh M,3
20761600,Kato P,1
20761600,Taylor H,2
20761600,Anderson A,3
20761600,Davis R,4
20761600,Thomas TS,5
20761600,Thomas PL,6
20761600,Brown R,7
20761600,Thomas M,8
20761600,Davis EK,9
20761600,Davis B,10
67981551,Bos A,1
67981551,Bakker A,2
74705636,Mohammadi NJ,1
74705636,Mohammadi C,2
74705636,Rezaei KN,3
82336951,Lewis F,1
82336951,Johnson H,2
82336951,White G,3
82336951,Lewis YG,4
14863266,Bernard ME,1
14863266,Bertrand M,2
14863266,Mercier F,3
14863266,Roux LH,4
14863266,Lefebvre K,5
14863266,Michel KD,6
46671074,Ahmadi AP,1
46671074,Mohammadi G,2
94154651,Yoshida FK,1
94154651,Sato VN,2
94154651,Yamada CL,3
94154651,Nakamura PJ,4
94154651,Yoshida P,5
94154651,Sato ME,6
32128034,Kato DL,1
32128034,Takahashi F,2
32128034,Ito T,3
32128034,Tanaka K,4
32128034,Yoshida K,5
32128034,Watanabe N,6
60192746,Esposito M,1
60192746,Lim B,2
60192746,Russo SE,3
60192746,Ferrari BV,4
60192746,Ricci RP,5
41129396,Walker P,1
41129396,Allen FM,2
41129396,Brown TL,3
41129396,Allen RM,4
64928560,Gonzalez M,1
64928560,Diaz YY,2
64928560,Rodriguez HF,3
64928560,Alvarez B,4
64928560,Gonzalez GS,5
64928560,Ruiz FL,6
86467117,Claes F,1
86467117,Richter M,2
86467117,Mueller G,3
86467117,Schmidt JA,4
40587577,Gagne ME,1
40587577,Morin J,2
40587577,Tremblay M,3
40587577,Tremblay D,4
69921820,Yoshida H,1
69921820,Sato P,2
23930619,Yang T,1
23930619,Sun JD,2
23930619,Xu P,3
23930619,Li P,4
23930619,Zhou D,5
23930619,Zhu R,6
78524570,Wagner V,1
78524570,Richter AH,2
78524570,Mueller MJ,3
26315681,Murphy G,1
26315681,Persson E,2
26315681,Walsh M,3
49494921,Kelly G,1
49494921,Schmidt G,2
49494921,Wagner VY,3
49494921,Gerber A,4
49494921,Jacobs S,5
49494921,Mitchell K,6
49494921,Meyer E,7
49494921,Weber Y,8
56409475,Xu H,1
56409475,Kang Y,2
56409475,Jung V,3
56409475,Han PS,4
66391021,Nascimento YG,1
66391021,Pereira S,2
19410201,Petit D,1
19410201,Petit CA,2
19410201,Bernard DL,3
19410201,Bernard G,4
19410201,Petit P,5
19410201,Girard H,6
19410201,Simon NJ,7
54641268,Taylor PM,1
54641268,Davis H,2
28240215,Singh K,1
28240215,Sharma M,2
28240215,Iyer E,3
28240215,Gupta F,4
50915338,Schneider S,1
50915338,Wolf C,2
50915338,Mueller EA,3
50915338,Becker T,4
50915338,Wolf F,5
25630963,Liu VL,1
25630963,Wu S,2
25630963,Li A,3
25630963,He E,4
25630963,Xu Y,5
25630963,Yang J,6
17648162,Liu RJ,1
17648162,Ma AB,2
17648162,Huang L,3
17648162,Wu S,4
90576935,van Dijk E,1
90576935,van Dijk A,2
90576935,Mulder J,3
90576935,Mulder AM,4
90576935,de Jong B,5
47335314,Ruiz F,1
47335314,Diaz V,2
47335314,Fernandez P,3
47335314,Lopez E,4
47335314,Olsson S,5
47335314,Martinez K,6
47335314,Gomez D,7
47335314,Diaz C,8
52300085,O'Brien AT,1
52300085,Thompson H,2
52300085,Mitchell GG,3
52300085,Mitchell V,4
52300085,Murphy K,5
52300085,King M,6
52300085,King F,7
10803201,Jacobs KC,1
10803201,Peeters B,2
10803201,Janssens L,3
10803201,Mertens E,4
10803201,Mertens P,5
10803201,Goossens FB,6
10803201,Janssens J,7
10803201,Mertens NH,8
75192903,Sato HA,1
75192903,Yoshida H,2
75192903,Sahin N,3
75192903,Nakamura H,4
75192903,Yamamoto KP,5
75192903,Janssens SH,6
75192903,Yoshida SB,7
75192903,Sato P,8
36554821,Larsson B,1
36554821,Johansson P,2
36554821,Olsson DA,3
36554821,Nilsson G,4
36554821,Olsson V,5
61642600,Nascimento BT,1
61642600,Pereira B,2
61642600,Almeida Y,3
61642600,Silva J,4
61642600,Silva TY,5
77064977,Weber ND,1
77064977,Schmid AS,2
77064977,Huber A,3
77064977,Meier AF,4
77064977,Gerber S,5
77064977,Weber SC,6
77064977,Gerber V,7
26890459,Rao V,1
26890459,Sharma T,2
60546135,Nilsson SE,1
60546135,Nilsson JT,2
60546135,Olsson C,3
60546135,Larsson K,4
60546135,Johansson C,5
60546135,Nilsson KF,6
60546135,Olsson TT,7
60546135,Eriksson T,8
60546135,Johansson A,9
60546135,Johansson P,10
39089311,Allen PJ,1
39089311,Thomas H,2
39089311,Lewis D,3
80941454,Romano H,1
80941454,Russo DN,2
80941454,Greco F,3
80941454,Romano C,4
80941454,Rossi N,5
80941454,Gallo R,6
30055541,Goossens A,1
30055541,Jacobs A,2
30055541,Maes PB,3
30055541,Jacobs V,4
30055541,Perez T,5
30055541,Willems MK,6
45361189,Davis EK,1
45361189,Nair S,2
45361189,Joshi T,3
45361189,Patel EH,4
45361189,Singh K,5
45361189,Sharma M,6
45361189,Reddy B,7
45361189,Gupta P,8
45361189,Joshi B,9
45361189,Gupta F,10
83699123,Zhu D,1
83699123,Hu JN,2
83699123,Chen PE,3
93260646,Iyer GF,1
93260646,Rao P,2
93260646,Bernard AY,3
93260646,Patel J,4
93260646,Sharma T,5
64032153,Edwards GS,1
64032153,Wood JP,2
64032153,Ward G,3
64032153,Hill J,4
64032153,Wood DM,5
64032153,Hughes N,6
36859365,Klein N,1
36859365,Mueller YJ,2
93629208,Yildiz F,1
93629208,Yilmaz RD,2
93629208,Kaya K,3
87569888,Jacobs T,1
87569888,Han N,2
87569888,Brown R,3
87569888,Miller K,4
87569888,Baker D,5
87569888,Scott KM,6
87569888,Scott HD,7
87569888,Young A,8
87569888,Allen PJ,9
87569888,Lewis D,10
43084671,Visser TJ,1
43084671,Harris CE,2
43084671,Taylor EB,3
43084671,Yilmaz S,4
43084671,Harris DD,5
43084671,Davis H,6
41186368,Jang B,1
41186368,Davis ST,2
41186368,Jackson D,3
41186368,Scott A,4
41186368,Davis EK,5
41186368,Harris ND,6
41186368,Harris C,7
41186368,Baker N,8
41186368,White NT,9
41186368,Lewis FR,10
37803046,Mercier F,1
37803046,Simon V,2
37803046,David F,3
37803046,Vincent PR,4
37803046,Bernard FF,5
85613332,Rossi C,1
85613332,Colombo PC,2
85613332,Gallo F,3
85613332,Rossi H,4
97722724,Yamamoto A,1
97722724,Ito T,2
97722724,Kobayashi M,3
97722724,Suzuki B,4
97722724,Watanabe N,5
65468393,Koch NG,1
65468393,Koch KB,2
65468393,Schneider D,3
65468393,Fischer J,4
65468393,Schulz T,5
65468393,Mueller YJ,6
30924995,Kaya K,1
16516326,Ricci R,1
16516326,Ferrari BV,2
16516326,Bianchi NB,3
95657620,Taylor GM,1
95657620,Thomas AA,2
95657620,Brown HH,3
95657620,Brown A,4
95657620,Anderson V,5
95657620,Johnson S,6
95657620,Smith R,7
94022500,Yilmaz S,1
94022500,Yildiz E,2
94022500,Kaya K,3
94624550,David YT,1
94624550,Simon N,2
45348582,Johansson P,1
45348582,Nilsson Y,2
45348582,Johansson F,3
45348582,Olsson V,4
16064080,Yamada L,1
16064080,Kato R,2
16064080,Costa R,3
16064080,Sato P,4
94462770,Esposito G,1
94462770,Greco D,2
94462770,Bianchi MM,3
94462770,Russo K,4
94462770,Rossi H,5
49983248,Walsh YD,1
49983248,Murphy YF,2
49983248,King J,3
45017104,Moradi G,1
45017104,Mohammadi GY,2
45017104,Ahmadi PM,3
45017104,Karimi A,4
45017104,Mohammadi CE,5
84434256,King P,1
84434256,Mitchell GG,2
84434256,King F,3
31563320,Michel K,1
31563320,Garcia G,2
31563320,Petit D,3
28715010,Maes T,1
28715010,Claes CY,2
28715010,Mertens GM,3
28715010,Mertens NH,4
28715010,Willems MK,5
28715010,Maes R,6
28715010,Peeters BF,7
64552041,Tanaka S,1
64552041,Schulz DM,2
64552041,Fischer H,3
25145543,Brown V,1
25145543,Walker NL,2
25145543,Clark LB,3
25145543,Young FG,4
25145543,Miller H,5
25145543,Johnson SR,6
25145543,Harris R,7
30022645,Green G,1
30022645,Edwards BV,2
30022645,Wood E,3
30022645,Kaminski BT,4
30022645,Hill LG,5
30022645,Ward A,6
30022645,Green GB,7
30022645,Turner Y,8
70223589,Demir M,1
70223589,Ozturk T,2
70223589,Demir A,3
70223589,Yilmaz K,4
70223589,Yilmaz B,5
70223589,Celik M,6
70223589,Sahin FB,7
55915014,Wolf L,1
55915014,Mueller L,2
55915014,Schulz JA,3
55915014,Schulz R,4
55915014,Iyer YK,5
55915014,Richter S,6
55915014,Richter AB,7
58575942,Durand Y,1
58575942,Vincent G,2
58575942,Mercier J,3
58575942,Petit D,4
58575942,Blanc T,5
37007315,Bernard B,1
37007315,Garcia E,2
37007315,Fournier DH,3
37007315,Simon F,4
94951631,Schulz A,1
94951631,Klein S,2
94951631,Wolf GY,3
94951631,Wagner L,4
94951631,Fischer H,5
66046015,Janssens R,1
66046015,Willems GJ,2
66046015,Janssens BH,3
66046015,Peeters BF,4
39230199,Roy YD,1
39230199,Ricci K,2
39230199,Rossi H,3
12007499,Clark L,1
12007499,Lewis KK,2
12007499,Smith YK,3
12007499,Johnson JD,4
12007499,Baker CE,5
12007499,Miller J,6
12007499,Harris DD,7
16491737,Wilson B,1
16491737,Weber C,2
16491737,Gerber DH,3
10366303,Gomez J,1
10366303,Sanchez M,2
10366303,Diaz F,3
10366303,Ruiz GK,4
10366303,Ruiz V,5
10366303,Martinez SA,6
31081522,Koch B,1
31081522,Mueller F,2
31081522,Fischer H,3
94262937,Santos D,1
94262937,Rodrigues J,2
27542217,Fournier F,1
27542217,Garcia G,2
27542217,Lefebvre NN,3
27542217,Petit D,4
20372371,Rezaei DE,1
20372371,Goossens F,2
20372371,Jacobs T,3
30776059,Ferrari L,1
30776059,Marino E,2
30776059,Gallo F,3
30776059,Ferrari Y,4
30776059,Romano AS,5
30776059,Wagner VY,6
30776059,Rossi H,7
48823074,Bianchi GP,1
48823074,Ricci K,2
48823074,Ricci A,3
48823074,Marino B,4
48823074,Gallo TE,5
48823074,Rossi B,6
48823074,Ferrari N,7
70904104,Gallo V,1
70904104,Ward V,2
70904104,Colombo RH,3
70904104,Jang YE,4
70904104,Gallo M,5
70904104,Rossi VC,6
70904104,Bruno BK,7
70904104,Ricci R,8
70904104,Romano FA,9
70904104,Bianchi NB,10
60771894,Laurent CK,1
60771894,Lin P,2
60771894,Sun B,3
60771894,Zhao GH,4
60771894,Chen PE,5
60771894,Liu CA,6
60771894,Ma ET,7
24310111,Taylor HM,1
24310111,Young FG,2
24310111,Johnson SR,3
24310111,White VJ,4
24310111,Harris R,5
36617529,Ahmadi JN,1
36617529,Karimi A,2
36617529,Mohammadi CE,3
84332591,MacDonald A,1
84332591,Gagnon L,2
84332591,Cote M,3
84332591,Tremblay K,4
84332591,Cote Y,5
84332591,Gagne VE,6
84332591,Roy FY,7
84332591,Bouchard PC,8
90085106,Bernard Y,1
90085106,Martin TM,2
90085106,Moreau EM,3
90085106,Garcia BB,4
90085106,Girard Y,5
90085106,Bernard LT,6
90085106,Girard GT,7
67611673,Johansson A,1
67611673,Rodriguez HF,2
67611673,Ruiz FL,3
37780036,de Jong JN,1
37780036,de Vries L,2
65464024,Bernard FF,1
65464024,Gerber P,2
65464024,Fournier HE,3
65464024,Fournier R,4
45151260,Jones R,1
45151260,Green B,2
67602510,Yildiz BJ,1
67602510,Demir C,2
67602510,Yilmaz S,3
28748650,Fernandez V,1
28748650,Fernandez M,2
28748650,Moreno FK,3
79874696,Martin KL,1
79874696,Simon NJ,2
79874696,David R,3
79874696,Fournier A,4
79874696,Simon D,5
79874696,Peeters BF,6
79874696,Michel KD,7
79874696,Simon N,8
31393086,Janssens R,1
31393086,Peeters BF,2
20149550,Mercier J,1
20149550,Leroy A,2
20149550,de Jong VS,3
20149550,Durand YT,4
20149550,Laurent V,5
20149550,Lefebvre F,6
20149550,Vincent C,7
20149550,Lefebvre M,8
20149550,Bernard F,9
20149550,Durand A,10
86553395,Fortin VM,1
86553395,Gagne R,2
86553395,Cote V,3
99457123,Costa T,1
99457123,Silva T,2
99457123,Durand PT,3
99457123,Mitchell P,4
99457123,Almeida YC,5
99457123,Almeida L,6
99457123,Nascimento BT,7
24996143,Meijer J,1
24996143,Smit K,2
24996143,Bos G,3
24996143,Visser D,4
24996143,Jansen A,5
24996143,van den Berg VB,6
24996143,Larsson B,7
24996143,Bos GK,8
85934541,Lima S,1
85934541,Almeida BT,2
85934541,Pereira Y,3
85934541,Santos D,4
85934541,Rodrigues J,5
85253855,Sato A,1
85253855,Tanaka PB,2
85253855,Kobayashi CK,3
85253855,Watanabe J,4
85253855,Moradi HA,5
85253855,Tanaka N,6
56300552,Tremblay HC,1
56300552,Morin G,2
82520683,Lewis KK,1
82520683,Taylor HG,2
82520683,Jackson G,3
82520683,Wilson CL,4
82520683,Harris DD,5
81134122,Oliveira SD,1
81134122,Lima K,2
81134122,Nascimento DD,3
81134122,Costa PS,4
81134122,Silva R,5
81134122,Almeida A,6
81134122,Santos J,7
81134122,Pereira LV,8
13266670,Robinson LC,1
13266670,Kelly B,2
13266670,Mitchell S,3
13266670,Kelly J,4
13266670,Lee P,5
46097622,Wu S,1
39245121,Costa AB,1
39245121,Almeida YC,2
39245121,Silva DA,3
39245121,Silva T,4
39245121,Costa VN,5
39245121,Nascimento BT,6
26558614,Celik G,1
26558614,Ozturk LB,2
26558614,Ozturk NR,3
26558614,Aydin F,4
26558614,Yildiz BJ,5
26558614,Demir C,6
26558614,van den Berg L,7
26558614,Yilmaz S,8
29063063,Schmid F,1
29063063,Steiner M,2
29063063,Weber LK,3
29063063,Keller P,4
29063063,Huber K,5
29063063,Gerber M,6
29063063,Steiner C,7
29063063,Ricci RP,8
29063063,Meier Y,9
29063063,Kang LT,10
29063063,Steiner B,11
29063063,Gerber CP,12
86408948,Schmid KJ,1
86408948,Keller H,2
86408948,Gerber FL,3
86408948,Meier S,4
69574769,Wood DM,1
69574769,Hughes L,2
69574769,Wood AB,3
69574769,Evans J,4
69574769,Wood TD,5
69574769,Hughes N,6
33172079,Fischer R,1
33172079,Fischer NF,2
91211105,Ferrari Y,1
91211105,Romano AS,2
91211105,Gallo F,3
91211105,Rossi H,4
52822956,Gerber RT,1
52822956,Ryan LB,2
52822956,Walsh C,3
52822956,Murphy YF,4
52822956,Murphy F,5
52822956,King JJ,6
52822956,Ryan ND,7
52822956,Lee FR,8
52822956,Ryan A,9
52822956,O'Brien F,10
52822956,King Y,11
52822956,O'Brien Y,12
70283854,Nascimento YK,1
70283854,Lima K,2
70283854,Nascimento J,3
70283854,Silva R,4
70283854,Pereira LV,5
56063444,Iyer E,1
56063444,Ozturk V,2
56063444,Ozturk H,3
19525110,Colombo R,1
19525110,Russo BD,2
19525110,Gallo HC,3
19525110,Gallo R,4
18282905,Perez V,1
18282905,Ruiz A,2
18282905,Perez R,3
18282905,Fernandez V,4
18282905,Gonzalez GS,5
18282905,King RB,6
18282905,Moreno FK,7
93105768,Wilson NB,1
93105768,Thomas M,2
93105768,Brown B,3
93105768,Davis H,4
93105768,Lewis YG,5
93105768,Davis B,6
45873331,Williams J,1
45873331,Roberts V,2
45873331,Wood JP,3
45873331,Edwards ET,4
45873331,Meier R,5
45873331,Hu HP,6
45873331,Morris DP,7
45873331,Turner Y,8
71309994,de Vries D,1
71309994,van Dijk NF,2
71309994,van den Berg FD,3
71309994,Mulder AM,4
71309994,Mulder BR,5
71309994,Meijer DY,6
71309994,de Vries CP,7
71309994,Smit D,8
19626206,Takahashi MS,1
19626206,Watanabe Y,2
19626206,Watanabe T,3
19626206,Watanabe R,4
19626206,Nakamura S,5
19626206,Yoshida SB,6
19626206,Yamada L,7
19626206,Sato ME,8
19626206,Yamamoto KP,9
19626206,Sato P,10
28814330,Li YH,1
28814330,Guo KP,2
28814330,Xu P,3
28814330,Wang Y,4
28814330,Xu N,5
28814330,Chen PE,6
28814330,Zhang VY,7
59842808,Watanabe Y,1
59842808,Takahashi MS,2
59842808,Kobayashi V,3
59842808,Yoshida SB,4
59842808,Yoshida H,5
59842808,Sato P,6
72028995,van Dijk A,1
72028995,Bakker Y,2
72028995,Mulder J,3
72028995,de Jong B,4
61973676,Fernandez V,1
61973676,Moreno FK,2
85118379,Silva YE,1
85118379,Almeida B,2
85118379,Almeida M,3
85118379,Silva R,4
85118379,Almeida A,5
85118379,Pereira LV,6
45454628,Hosseini S,1
45454628,Rezaei K,2
45454628,Moradi T,3
45454628,Mertens GM,4
45454628,Rahimi A,5
45454628,Jafari A,6
64578648,Yoon R,1
64578648,Kim K,2
64578648,Jang AV,3
64578648,Cho V,4
64578648,Kang LT,5
26183196,Meier S,1
26183196,Mueller B,2
26183196,Steiner N,3
26183196,Gerber DH,4
46275996,Ahmadi AP,1
46275996,Ferrari SV,2
46275996,Russo DN,3
46275996,Ferrari YL,4
46275996,Ferrari N,5
64758779,Lefebvre NN,1
64758779,Fournier L,2
64758779,Martin LH,3
64758779,Simon NJ,4
64758779,Bonnet A,5
64758779,Michel K,6
64758779,Diaz C,7
64758779,Michel KD,8
64758779,Michel F,9
64758779,Petit D,10
97213261,Ma N,1
97213261,Yang RH,2
97213261,He VG,3
97213261,Xu D,4
97213261,Liu SF,5
97213261,Xu VT,6
97213261,Guo E,7
93045139,Bouchard N,1
93045139,Cho LE,2
93045139,Park Y,3
93045139,Han FT,4
93045139,Jang YE,5
47956984,Celik HJ,1
47956984,Brown CA,2
47956984,Clark GG,3
47956984,Kaminski BR,4
47956984,Harris DD,5
35097385,Marino B,1
35097385,O'Brien Y,2
35097385,Ricci TK,3
35097385,Bianchi F,4
35097385,Marino A,5
35097385,Ferrari N,6
67582083,Mercier M,1
67582083,Durand A,2
67582083,Bernard MN,3
67582083,Bernard DL,4
38274430,Jacobs V,1
38274430,Goossens PR,2
38274430,Willems MK,3
15517800,Lewis GJ,1
15517800,Johnson DV,2
15517800,Wright GF,3
15517800,Davis GE,4
15517800,Wilson F,5
15517800,Scott RH,6
15517800,Allen H,7
15517800,Davis EK,8
42626799,Young LV,1
42626799,Lewis P,2
42626799,Young F,3
42626799,Young CM,4
42626799,Johnson DP,5
42626799,Allen V,6
42626799,Walker T,7
42626799,Allen FM,8
42626799,Almeida Y,9
42626799,Allen RM,10
86583642,Hall BT,1
86583642,Roberts V,2
86583642,Morris DP,3
86583642,Roberts PM,4
86583642,Evans CP,5
86583642,Turner YR,6
86583642,Ward Y,7
86583642,Hughes HJ,8
83898284,Lee P,1
46213307,Fournier R,1
46213307,Miller P,2
46213307,Clark Y,3
46213307,Young CM,4
46213307,Walker T,5
46213307,Allen RM,6
37146879,Nair A,1
37146879,Rao Y,2
37146879,Nair S,3
37146879,Joshi SP,4
37146879,Iyer P,5
37146879,Sharma T,6
48373287,Zhao M,1
48373287,Zhao G,2
48373287,Ma EV,3
51933211,Singh FD,1
51933211,Nair A,2
51933211,Joshi SP,3
51933211,Patel J,4
51933211,Patel Y,5
51933211,Rao P,6
51933211,Joshi H,7
51933211,Patel D,8
51933211,Iyer P,9
51933211,Sharma T,10
97429918,Wagner VY,1
66880428,Kang Y,1
66880428,Kang F,2
66880428,Yoon J,3
66880428,Jung VS,4
66880428,Cho Y,5
66880428,Han PS,6
40026256,Brown R,1
40026256,Allen S,2
40026256,Baker TE,3
40026256,Allen FM,4
40026256,Scott N,5
40026256,Baker YD,6
40026256,Clark R,7
40026256,Brown MR,8
96971099,Jansen A,1
96971099,Bakker N,2
96971099,Meijer Y,3
96971099,Visser S,4
96971099,Bos G,5
96971099,Visser D,6
96971099,de Vries AN,7
96971099,Bos GK,8
75896801,Gupta EY,1
75896801,Patel J,2
75896801,Sharma T,3
18704014,Sharma M,1
18704014,Gupta F,2
68516634,Santos S,1
68516634,Lima A,2
68516634,Silva EL,3
68516634,Silva H,4
68516634,Oliveira EV,5
68516634,Pereira S,6
83555759,Bos VB,1
83555759,de Vries AN,2
37887430,Perez S,1
37887430,Moreno FK,2
90617157,Lopez F,1
90617157,Martinez JH,2
90617157,Perez B,3
90617157,Rodriguez H,4
90617157,Diaz C,5
90617157,Ruiz S,6
71108278,Rao V,1
71108278,Nair N,2
71108278,Gupta RR,3
71108278,Kumar G,4
71108278,Kumar PP,5
71108278,Patel V,6
71108278,Hill VF,7
71108278,Gupta JA,8
71108278,Kumar N,9
71108278,Patel D,10
71108278,Sharma PK,11
71108278,Gupta M,12
22507305,Gerber C,1
22507305,Steiner C,2
22507305,Keller T,3
22507305,Gerber CP,4
36768922,Taylor HM,1
36768922,Johnson SR,2
36768922,Harris R,3
98661141,Maes M,1
98661141,Claes G,2
98661141,Roberts PM,3
98661141,Jacobs S,4
98661141,Maes VH,5
98661141,Mertens GM,6
68186906,Andersson D,1
68186906,Olsson K,2
68186906,Andersson F,3
68186906,Karlsson C,4
68186906,Olsson DA,5
68186906,Karlsson V,6
68186906,Karlsson JT,7
68186906,Olsson D,8
68186906,Nilsson G,9
68186906,Olsson T,10
68186906,Andersson CD,11
68186906,Olsson V,12
74923314,Lin A,1
74923314,Li P,2
74923314,Zhu R,3
83213250,Cho LE,1
83213250,Kang LT,2
83213250,Kim FR,3
83213250,Kang S,4
83213250,Cho M,5
83213250,Kang MN,6
83213250,Jang YE,7
66655119,Mohammadi P,1
66655119,Moradi T,2
66655119,Ahmadi JN,3
66655119,Green SH,4
66655119,Rezaei K,5
66655119,Hosseini V,6
66655119,Jafari A,7
50543944,Morin D,1
50543944,Gagnon CJ,2
50543944,Fortin Y,3
50543944,Fortin TF,4
50543944,Gauthier JN,5
61338335,Davis BM,1
61338335,Lewis E,2
61338335,Wright H,3
61338335,Davis H,4
61338335,Brown V,5
61338335,Anderson VF,6
61338335,Allen A,7
61338335,Wright T,8
61338335,White P,9
61338335,Anderson R,10
61338335,Wright N,11
61338335,White CG,12
58856780,Wu TH,1
58856780,Zhang M,2
58856780,Perez B,3
58856780,Liu LA,4
58856780,Yang E,5
58856780,Liu AA,6
58856780,Yang V,7
58856780,Ma EV,8
74373247,Rao DH,1
74373247,Meijer DY,2
74373247,Bos GK,3
74373247,van den Berg P,4
68203027,Demir T,1
68203027,Yilmaz A,2
68203027,Kaya K,3
19031898,Fischer NF,1
19031898,Fischer P,2
19031898,Mueller L,3
19031898,Richter AB,4
75197740,Fischer J,1
75197740,Schneider A,2
75197740,Becker F,3
75197740,Schmidt SP,4
75197740,Wolf F,5
63080047,Taylor LT,1
63080047,Smith M,2
63080047,Allen G,3
63080047,Karimi D,4
63080047,White CH,5
63080047,Thomas S,6
47597601,Nilsson G,1
47597601,Clark PY,2
47597601,Clark Y,3
47597601,Harris LY,4
47597601,Johnson DP,5
47597601,Hu T,6
47597601,Moore N,7
47597601,Thomas MT,8
72219905,Wagner F,1
72219905,Schmidt R,2
72219905,Fischer H,3
81404592,Fortin NS,1
81404592,Tremblay K,2
81404592,Turner B,3
81404592,Bouchard PC,4
92240890,Goossens N,1
92240890,Goossens PR,2
92240890,Willems MK,3
65141308,de Boer M,1
65141308,de Jong VS,2
65141308,van Dijk F,3
65141308,Bos N,4
65141308,de Vries AN,5
85541554,Alvarez B,1
85541554,Diaz YY,2
85541554,Perez B,3
85541554,Wolf L,4
85541554,Gonzalez A,5
85541554,Ruiz VK,6
85541554,Rodriguez HF,7
85541554,Ruiz FL,8
34092705,Morin P,1
34092705,Cote M,2
13815780,Karimi B,1
13815780,Rezaei K,2
13815780,Hosseini S,3
13815780,Moradi G,4
13815780,Mohammadi T,5
13815780,Karimi L,6
13815780,Jafari A,7
35908499,Ryan ND,1
35908499,Lee LJ,2
35908499,King C,3
35908499,King CA,4
35908499,Ryan PF,5
35908499,Lee P,6
35908499,Mitchell B,7
35908499,Walsh M,8
37921522,Guo BC,1
37921522,Li YH,2
37921522,Hu JN,3
37921522,Xu M,4
37921522,Huang C,5
37921522,Zhang VY,6
67183410,Moreno YM,1
74219649,Bertrand RR,1
74219649,Fournier M,2
74219649,Simon F,3
50001462,Nowak HR,1
50001462,Nowak AG,2
50001462,Lewandowski Y,3
50001462,Wojcik N,4
50001462,Wojcik T,5
87863952,Baker TS,1
87863952,Wright LG,2
87863952,White VJ,3
87863952,Harris R,4
19834346,He J,1
19834346,Ma ET,2
86938865,Bonnet EK,1
86938865,Durand H,2
86938865,Garcia E,3
86938865,Mercier MR,4
86938865,Silva TY,5
86938865,Mercier M,6
86938865,Petit D,7
89314667,Nilsson KF,1
89314667,Eriksson T,2
89314667,Olsson TT,3
89314667,Persson AH,4
89314667,Eriksson C,5
89314667,Johansson P,6
88837420,Russo JE,1
88837420,Ricci RP,2
88837420,Yilmaz D,3
88837420,Russo DN,4
10529635,van den Berg H,1
10529635,Bos A,2
10529635,van Dijk V,3
10529635,Bakker A,4
99154481,Zielinski RV,1
99154481,Jafari A,2
34020133,Smith H,1
34020133,Baker VM,2
34020133,Wilson A,3
34020133,Davis EH,4
34020133,Young TA,5
34020133,Anderson RY,6
85020787,Mitchell P,1
85020787,Kelly K,2
85020787,King TE,3
85020787,Murphy J,4
85020787,Lee P,5
45228439,Simon F,1
47091021,Thomas MT,1
47091021,Hall JM,2
47091021,Johnson NH,3
47091021,Lewis YG,4
24827223,Hughes H,1
24827223,Roberts C,2
24827223,Jones V,3
24827223,Robinson J,4
24827223,Wagner N,5
24827223,Morris V,6
24827223,Cooper V,7
24827223,Hill T,8
68150300,Yilmaz A,1
68150300,Aydin HJ,2
68150300,Sahin H,3
68150300,Sahin A,4
68150300,Kaya K,5
61509413,Weber HN,1
61509413,Mueller B,2
61509413,Mueller RY,3
61509413,Keller H,4
61509413,Huber C,5
61509413,Schmid YV,6
61509413,Gerber DH,7
95146218,Bonnet A,1
95146218,Garcia G,2
95146218,Martin S,3
95146218,Garcia NY,4
95146218,Lefebvre NN,5
95146218,Petit D,6
76300528,Girard YD,1
76300528,Vincent VF,2
76300528,Blanc J,3
76300528,Bernard AY,4
14914986,Demir C,1
14914986,Ozturk A,2
14914986,Aydin K,3
14914986,Yilmaz D,4
14914986,Sahin P,5
14914986,Aydin AS,6
14914986,Kaya G,7
14914986,Ozturk H,8
82452081,Jung S,1
82452081,Bakker FM,2
82452081,Yoon H,3
82452081,Kim V,4
75697415,Rodriguez HF,1
75697415,Gomez DD,2
75697415,Moreno G,3
75697415,Ruiz FL,4
39520154,Janssens T,1
39520154,Claes F,2
39520154,Goossens N,3
39520154,Willems MK,4
28285339,Takahashi PV,1
28285339,Ito Y,2
28285339,Ito JC,3
28285339,Ito DV,4
41708247,Mercier F,1
41708247,Fournier R,2
93397875,Kelly G,1
93397875,Ricci V,2
93397875,King RB,3
93397875,King J,4
25786770,Bianchi R,1
25786770,Marino B,2
25786770,Ricci RP,3
25786770,Greco F,4
25786770,Girard GT,5
25786770,Gallo R,6
78338842,Yamamoto J,1
78338842,Nakamura HS,2
78338842,Ito P,3
54010031,Moreau PP,1
54010031,Roux LH,2
54010031,David RJ,3
54010031,Simon C,4
54010031,Blanc L,5
54010031,Ito P,6
54010031,Bonnet J,7
54010031,Fournier R,8
46528698,Diaz V,1
46528698,Moreno A,2
46528698,Gonzalez M,3
46528698,Green B,4
46528698,Diaz C,5
25854270,van Dijk A,1
25854270,Visser T,2
25854270,Jansen K,3
25854270,Bakker Y,4
25854270,de Boer PN,5
25854270,de Jong JN,6
25854270,Bakker E,7
25854270,de Vries L,8
95367551,Miller J,1
95367551,Brown CA,2
95367551,Harris DH,3
95367551,Harris DD,4
36993644,Klein N,1
36993644,Becker E,2
36993644,Fischer P,3
36993644,Mueller YJ,4
45555292,Yamada CL,1
45555292,Olsson P,2
45555292,Yoshida SB,3
45555292,Nakamura PJ,4
45555292,Sato P,5
42382234,Ryan G,1
42382234,Kelly A,2
42382234,Lee FR,3
42382234,O'Brien Y,4
21144695,Weber SC,1
21144695,Gerber CP,2
21144695,Gerber V,3
63716802,Hill MG,1
76239131,Mercier D,1
76239131,Bonnet C,2
76239131,Bernard AY,3
37823399,Koch NG,1
37823399,Meyer G,2
37823399,Meyer D,3
37823399,Mueller MJ,4
16936279,Schmid Y,1
16936279,Anderson SY,2
16936279,Johnson N,3
16936279,Taylor YL,4
16936279,Miller SE,5
16936279,Wright B,6
16936279,Baker F,7
16936279,Taylor Y,8
16936279,Kumar N,9
16936279,Brown Y,10
16936279,Jackson TC,11
16936279,Harris NM,12
64055001,Ahmadi PM,1
64055001,Karimi C,2
64055001,Ahmadi JN,3
64055001,Hughes HJ,4
64055001,Karimi A,5
64055001,Mohammadi CE,6
18878047,Yamada AP,1
18878047,Ito C,2
18878047,Takahashi SH,3
18878047,Taylor AJ,4
18878047,Kobayashi V,5
18878047,Watanabe N,6
28540749,Diaz P,1
28540749,Rodriguez H,2
28540749,Sanchez V,3
28540749,Ruiz S,4
86958061,Young CM,1
86958061,Walker T,2
86958061,Scott Y,3
86958061,Young J,4
86958061,Allen RM,5
40049912,O'Brien SM,1
40049912,O'Brien FB,2
40049912,Walsh YD,3
40049912,King J,4
57099205,Smith F,1
57099205,Young G,2
57099205,Brown L,3
57099205,Smith N,4
21976271,Yoshida K,1
21976271,Kobayashi V,2
21976271,Ito C,3
21976271,Yamada VG,4
21976271,Nakamura HS,5
21976271,Tanaka K,6
21976271,Watanabe N,7
20770515,Laurent R,1
20770515,Roux KB,2
20770515,Kaya K,3
20770515,Durand C,4
20770515,David G,5
20770515,Leroy P,6
20770515,Fournier DH,7
20770515,Simon FS,8
20770515,Roy JR,9
20770515,Simon F,10
43179432,Leroy P,1
43179432,David G,2
43179432,Fournier M,3
43179432,Simon F,4
17451702,Taylor P,1
17451702,Davis R,2
17451702,Lewis LR,3
17451702,White CG,4
17451702,Harris B,5
17451702,Anderson T,6
17451702,White MA,7
17451702,Johnson DP,8
67406924,Gerber V,1
67406924,Santos A,2
67406924,Johnson E,3
67406924,Anderson BH,4
67406924,Allen D,5
67406924,Thomas PL,6
48094023,Wood GE,1
48094023,Wood JP,2
48094023,Jones A,3
48094023,Hall Y,4
48094023,Harris DD,5
48094023,Edwards GS,6
70298314,Sato AG,1
70298314,Yang AS,2
70298314,Hu N,3
70298314,He P,4
25511076,Harris NM,1
87435411,Zhu LG,1
87435411,Zhao MY,2
87435411,Chen Y,3
87435411,He P,4
56004715,David YT,1
56004715,Girard RP,2
56004715,Petit NK,3
56004715,Mercier DE,4
56004715,Guo T,5
56004715,Simon N,6
41228153,Koch G,1
41228153,Fischer FK,2
41228153,Wagner L,3
41228153,Schulz DM,4
41228153,Fischer H,5
18811935,Kowalczyk LT,1
18811935,Gupta YF,2
18811935,Singh K,3
18811935,Sharma M,4
18811935,Joshi Y,5
18811935,Gupta F,6
36745296,Taylor A,1
36745296,Moore CJ,2
36745296,Clark KN,3
36745296,Allen J,4
36745296,Miller H,5
36745296,White G,6
36745296,Lewis YG,7
60828568,Bonnet K,1
60828568,Lefebvre NN,2
60828568,Fournier JY,3
60828568,Michel T,4
60828568,Mercier MR,5
60828568,Bernard AY,6
58979654,Wolf J,1
58979654,Hoffmann S,2
58979654,Koch M,3
58979654,Schulz GR,4
58979654,Koch RC,5
58979654,Schmidt JA,6
82134810,Jang YE,1
82134810,Cho M,2
82134810,Lim C,3
82134810,Jang B,4
87334076,Roberts V,1
87334076,Hall HA,2
87334076,Green P,3
87334076,Hughes A,4
87334076,Almeida YC,5
87334076,Ward GJ,6
28311579,Aydin AS,1
28311579,Demir C,2
28311579,Sahin N,3
28311579,Yilmaz S,4
65655002,Aydin F,1
65655002,Demir C,2
65655002,Ozturk LB,3
65655002,Yilmaz S,4
69152836,Han CP,1
69152836,Park LT,2
69152836,Kim V,3
79317799,Morris S,1
79317799,Cooper V,2
79317799,Hall E,3
79317799,Hill T,4
34366266,Koch RH,1
34366266,Becker DE,2
34366266,Becker F,3
34366266,Mueller YJ,4
34366266,Wolf F,5
25528151,Jafari YP,1
25528151,Schmid NA,2
25528151,Mohammadi G,3
19383872,White NL,1
19383872,Anderson NN,2
19383872,Harris R,3
60506619,Campbell P,1
60506619,Gauthier T,2
60506619,Roy P,3
60506619,Fortin VM,4
60506619,Tremblay CL,5
60506619,Tremblay KV,6
60506619,Cote D,7
60506619,Cote M,8
23621588,Ozturk Y,1
23621588,Ahmadi T,2
23621588,Karimi FE,3
23621588,Rezaei DE,4
23621588,Lavoie S,5
23621588,Ahmadi AP,6
23621588,Ahmadi P,7
23621588,Rezaei KN,8
23621588,Rezaei H,9
23621588,Ahmadi L,10
23621588,Rahimi AT,11
23621588,Mohammadi G,12
42765201,Gagne CS,1
42765201,Tremblay D,2
12516004,Bonnet T,1
12516004,Garcia S,2
12516004,Girard LT,3
12516004,Mercier E,4
12516004,Bernard FF,5
38287508,Silva T,1
38287508,Colombo MP,2
38287508,Souza K,3
38287508,Souza P,4
38287508,Silva DA,5
38287508,Oliveira N,6
38287508,Nascimento BT,7
32113287,Meier S,1
32113287,Weber CG,2
32113287,Gerber T,3
32113287,Steiner HC,4
32113287,Schmid M,5
32113287,Steiner N,6
66880939,Mitchell GG,1
66880939,King RB,2
66880939,King J,3
25558615,Ricci C,1
25558615,Romano E,2
25558615,Bruno E,3
25558615,Bruno KS,4
25558615,Rossi H,5
25558615,Ricci K,6
25558615,Bruno SS,7
25558615,Ferrari H,8
68103029,de Jong N,1
68103029,van den Berg VB,2
68103029,Visser TJ,3
68103029,Jansen V,4
68103029,de Vries L,5
68103029,Visser DD,6
68103029,Diaz F,7
68103029,Meijer Y,8
33217525,Klein V,1
33217525,Wolf C,2
33217525,Wolf L,3
33217525,Richter AB,4
81868550,Scott R,1
81868550,Harris JV,2
81868550,Rahimi HD,3
81868550,Ozturk L,4
81868550,Harris P,5
81868550,Brown MR,6
51640610,Roberts B,1
51640610,Wood GE,2
51640610,Hill D,3
51640610,Turner K,4
51640610,Hall Y,5
51640610,Edwards GS,6
86684706,Aydin A,1
86684706,Celik K,2
86684706,Yildiz TG,3
86684706,Ozturk A,4
86684706,Demir A,5
86684706,Yilmaz P,6
86684706,Moradi YH,7
86684706,Demir T,8
86684706,Yilmaz NL,9
86684706,Yilmaz A,10
86684706,Gupta F,11
86684706,Kaya K,12
85850089,Karimi FE,1
85850089,Mohammadi G,2
28631652,Campbell C,1
28631652,Tremblay J,2
28631652,Gagnon B,3
28631652,Tremblay VJ,4
28631652,Morin G,5
21635021,Kowalski TV,1
21635021,Zielinski GN,2
21635021,O'Brien F,3
21635021,Lewandowski B,4
21635021,Lewandowski Y,5
21635021,Wojcik C,6
21635021,Lewandowski KV,7
21635021,Kaminski ML,8
21635021,Lewandowski L,9
21635021,Nowak J,10
47978628,Yoshida FK,1
47978628,Yamada CL,2
47978628,Sato S,3
47978628,Nakamura M,4
47978628,Takahashi T,5
47978628,Sato ME,6
91271279,Anderson AD,1
91271279,Clark LB,2
91271279,Harris D,3
91271279,Scott A,4
91271279,Harris ND,5
91271279,Jackson TC,6
91271279,Clark N,7
91271279,Lewis FR,8
21309319,Vincent MM,1
21309319,Petit P,2
21309319,Simon KR,3
21309319,Bonnet A,4
21309319,Simon V,5
21309319,Simon N,6
10082878,Williams JP,1
10082878,Hill C,2
82446626,Peeters K,1
82446626,Goossens H,2
82446626,Peeters S,3
82446626,Peeters M,4
82446626,Maes M,5
82446626,Han PS,6
82446626,Jacobs S,7
82446626,Mertens GM,8
16810351,Mitchell P,1
16810351,Robinson LC,2
16810351,King TE,3
16810351,Mitchell S,4
16810351,King F,5
16810351,Lee P,6
12797737,Walsh M,1
46386516,Kumar BB,1
46386516,Rao P,2
46386516,Reddy S,3
46386516,Sharma PK,4
46386516,Patel J,5
46386516,Sharma T,6
95745234,Larsson FF,1
95745234,Nilsson SE,2
95745234,Johansson A,3
95745234,Olsson TT,4
95745234,Johansson P,5
86065269,Russo DS,1
86065269,Gallo J,2
86065269,Ricci B,3
86065269,Ferrari N,4
53810062,Zielinski J,1
53810062,Zielinski R,2
53810062,Bakker A,3
53810062,Zielinski T,4
53810062,Nowak SF,5
53810062,Wojcik T,6
96440194,Lim S,1
96440194,Durand A,2
96440194,Jang B,3
63775442,Colombo N,1
63775442,Romano AS,2
63775442,Ricci PV,3
63775442,Greco D,4
63775442,Ferrari BV,5
63775442,Bruno T,6
63775442,Rossi H,7
88741806,Sanchez T,1
88741806,Gonzalez PH,2
88741806,Martinez J,3
88741806,Hoffmann D,4
88741806,Ruiz F,5
88741806,Diaz G,6
18527146,Ito P,1
36961030,Lewandowski B,1
36961030,Kaminski BT,2
36961030,Nowak J,3
17868816,Yang AS,1
17868816,Liu CA,2
17868816,Xu MG,3
17868816,Nascimento BT,4
17868816,He P,5
22101197,Lopez D,1
22101197,Diaz S,2
22101197,Moreno YM,3
83629325,He MB,1
83629325,Guo NH,2
56859784,Suzuki L,1
56859784,Suzuki T,2
56859784,Tanaka V,3
56859784,Watanabe B,4
56859784,Takahashi SH,5
68976566,Lefebvre D,1
68976566,Laurent J,2
68976566,Bernard G,3
68976566,Martin MF,4
68976566,Girard H,5
68976566,Simon NJ,6
79942503,Fischer M,1
79942503,Koch EF,2
79942503,Fischer T,3
79942503,Richter M,4
79942503,Schneider V,5
79942503,Mueller G,6
79942503,Mueller J,7
79942503,Schmidt JA,8
38234885,Patel EH,1
38234885,Singh L,2
38234885,Sharma M,3
38234885,Gupta F,4
84399170,Johansson A,1
84399170,Larsson FF,2
84399170,Nilsson KF,3
84399170,Anderson RY,4
84399170,Johansson F,5
84399170,Johansson P,6
90081610,Girard V,1
90081610,Petit L,2
90081610,Garcia E,3
90081610,Martin L,4
90081610,Garcia NY,5
90081610,Petit TS,6
90081610,Bernard EM,7
90081610,Fournier R,8
41403113,Weber SC,1
41403113,Aydin PS,2
41403113,Huber Y,3
41403113,Keller E,4
41403113,Schmid AS,5
41403113,Gerber V,6
42982801,Ricci H,1
42982801,Ferrari C,2
42982801,Colombo L,3
96517600,Gagnon E,1
96517600,Fortin NS,2
96517600,Gagne VE,3
96517600,Bouchard PC,4
26711469,Karimi A,1
26711469,Ahmadi JN,2
26711469,Ahmadi PM,3
26711469,Karimi C,4
26711469,Mohammadi CE,5
72363636,Esposito NL,1
72363636,Russo BD,2
72363636,Steiner TH,3
72363636,Bruno F,4
72363636,Rossi KA,5
72363636,Ricci RP,6
84116370,Rossi H,1
65778961,Bertrand C,1
65778961,Durand A,2
77549021,Watanabe VR,1
77549021,Watanabe J,2
77549021,Yamamoto T,3
77549021,Zhang Y,4
77549021,Tanaka N,5
61068658,Nowak J,1
61068658,Kowalski FR,2
20821368,Lopez D,1
20821368,Martinez K,2
20821368,Gonzalez D,3
20821368,Mueller B,4
20821368,Ruiz F,5
20821368,Diaz V,6
20821368,Ruiz FL,7
20821368,Diaz C,8
26773262,Moore N,1
26773262,Garcia G,2
26773262,Thomas MT,3
23896790,Steiner K,1
23896790,Fischer NF,2
23896790,Ward T,3
23896790,Hall HA,4
23896790,Green EB,5
23896790,Wisniewski S,6
23896790,Ward GJ,7
20867141,Diaz P,1
20867141,Rodriguez H,2
20867141,Ruiz S,3
46964222,Green L,1
46964222,Yilmaz S,2
92219470,Ricci H,1
92219470,Esposito CM,2
92219470,Bianchi F,3
92219470,Greco F,4
92219470,Gallo HC,5
92219470,Gallo R,6
99172203,Walker YB,1
99172203,Taylor HM,2
99172203,Johnson SR,3
99172203,Harris R,4
11811857,Ricci PV,1
11811857,Esposito J,2
87363966,Garcia G,1
87363966,Lefebvre NN,2
87363966,Moreau B,3
87363966,Leroy K,4
87363966,Bonnet A,5
87363966,Gallo S,6
87363966,Bernard AY,7
87363966,Petit D,8
40697942,Ward G,1
40697942,Hughes N,2
75606211,Costa K,1
75606211,Nascimento MD,2
75606211,Nascimento CN,3
75606211,Lima A,4
75606211,Almeida N,5
75606211,Kaya T,6
75606211,Pereira S,7
53229608,Nakamura HS,1
53229608,Sato ME,2
53229608,Takahashi H,3
53229608,Yamamoto K,4
53229608,Watanabe P,5
53229608,Ito P,6
30557917,King BM,1
30557917,King F,2
30557917,King TE,3
30557917,Murphy F,4
30557917,Mitchell P,5
30557917,Ryan GH,6
30557917,Walsh M,7
30557917,Schmidt F,8
30557917,Walsh C,9
30557917,Lee P,10
44872473,Harris P,1
44872473,Baker YD,2
44872473,Brown MR,3
83240920,Ward GJ,1
52669800,Andersson N,1
52669800,Olsson E,2
52669800,Andersson S,3
52669800,Olsson V,4
16054861,Davis B,1
16054861,Jones V,2
16054861,Hill T,3
85723349,Kowalczyk H,1
85723349,Wojcik N,2
85723349,Zielinski T,3
85723349,Lewandowski TH,4
85723349,Kaminski D,5
85723349,Kowalski S,6
85723349,Wojcik T,7
76372078,Schneider PL,1
76372078,Johnson DP,2
76372078,Ahmadi PM,3
76372078,Jafari E,4
76372078,Moradi YH,5
76372078,Karimi A,6
76372078,Ahmadi JN,7
76372078,Mohammadi CE,8
53575258,Moradi BH,1
53575258,Pereira LV,2
63120158,Clark Y,1
63120158,Clark PY,2
63120158,Harris LY,3
63120158,Thomas MT,4
46995804,Yildiz S,1
46995804,Sahin N,2
46995804,Kumar D,3
46995804,Aydin H,4
46995804,Yilmaz S,5
87467375,White VJ,1
87467375,Miller ER,2
87467375,White NL,3
87467375,Harris R,4
68549091,Nair A,1
68549091,Patel J,2
68549091,Sharma A,3
68549091,Edwards YT,4
68549091,Rao P,5
68549091,Sharma T,6
77401885,Sharma T,1
77401885,Kumar PP,2
77401885,Sharma PK,3
77401885,Patel EH,4
77401885,Gupta M,5
77007909,Sahin FB,1
77007909,Hoffmann R,2
77007909,Mitchell S,3
77007909,Thompson VP,4
77007909,Thompson P,5
77007909,Mitchell P,6
77007909,Lee P,7
88275908,Mohammadi CE,1
75693588,van den Berg VB,1
75693588,van den Berg S,2
75693588,de Jong P,3
75693588,Meijer Y,4
26403651,Evans S,1
26403651,Edwards PH,2
26403651,Green B,3
59801306,Lefebvre E,1
59801306,Diaz G,2
59801306,Michel G,3
59801306,Laurent E,4
59801306,Leroy A,5
59801306,Bertrand TS,6
59801306,Bianchi H,7
59801306,Bernard F,8
59801306,Vincent VF,9
59801306,Durand A,10
96574166,Ricci R,1
96574166,Bianchi NB,2
94921760,Thompson VP,1
94921760,Walsh M,2
14528255,Mohammadi HK,1
14528255,Steiner R,2
14528255,Karimi A,3
14528255,Karimi NV,4
14528255,Ahmadi PM,5
14528255,Ahmadi JN,6
14528255,Mohammadi CE,7
40508922,Miller E,1
40508922,Gerber V,2
40508922,Taylor MY,3
40508922,Davis H,4
12711314,Moradi A,1
12711314,Karimi P,2
12711314,Moradi G,3
12711314,Moradi K,4
12711314,Hosseini S,5
12711314,Moradi YH,6
12711314,Karimi D,7
12711314,Jafari A,8
45482785,Harris LY,1
45482785,Thomas MT,2
94790603,Gerber CE,1
94790603,Schmid CB,2
94790603,Keller P,3
94790603,Schmid F,4
94790603,Steiner C,5
94790603,Gerber CP,6
46938633,Wilson F,1
46938633,Bernard AY,2
40372136,Park LT,1
40372136,Han N,2
40372136,Kim FR,3
40372136,Jang YE,4
35258235,Willems P,1
35258235,Goossens PR,2
35258235,Maes B,3
35258235,Claes CY,4
35258235,Claes F,5
35258235,Willems MK,6
95349520,Ozturk TH,1
95349520,Aydin PS,2
95349520,Ozturk H,3
95349520,Aydin EF,4
95349520,Ozturk V,5
95349520,Celik G,6
95349520,Yildiz S,7
95349520,Yildiz C,8
95349520,Maes K,9
95349520,Yilmaz S,10
92826986,Jackson P,1
92826986,Anderson LP,2
92826986,Young FG,3
92826986,Anderson Y,4
92826986,Jackson K,5
82242781,Larsson D,1
82242781,Andersson CD,2
82242781,Schmid CB,3
82242781,Olsson T,4
82242781,Karlsson C,5
82242781,Olsson V,6
62645292,Anderson LP,1
62645292,Wilson EY,2
62645292,Lewis DM,3
62645292,White CG,4
62645292,Jackson K,5
48688559,Bernard GF,1
48688559,Lefebvre DJ,2
17627555,Zhu VK,1
17627555,Guo T,2
17627555,Zhao E,3
17627555,Guo NH,4
58228741,Schulz B,1
58228741,Schulz H,2
58228741,Wolf D,3
58228741,Wolf AC,4
58228741,Becker DE,5
58228741,Richter K,6
58228741,Richter V,7
58228741,Fischer D,8
58228741,Schneider J,9
58228741,Wagner VY,10
48999129,Nowak BP,1
48999129,Moore A,2
48999129,Wojcik AF,3
48999129,Nowak J,4
68946831,Singh H,1
68946831,Yang PR,2
68946831,Singh M,3
68946831,Gupta M,4
28460438,Sahin T,1
28460438,Yilmaz S,2
28460438,Sahin A,3
28460438,Kaya K,4
85653003,Schmid KJ,1
85653003,Keller H,2
85653003,Schmid RN,3
85653003,Meier S,4
13454483,Zielinski T,1
13454483,Nowak HR,2
13454483,Nowak SF,3
13454483,Kaminski YY,4
13454483,Yildiz TG,5
13454483,Lewandowski EY,6
13454483,Kaminski FT,7
13454483,Wojcik N,8
13454483,Kowalski TV,9
13454483,Kowalski L,10
13454483,Wisniewski Y,11
13454483,Wojcik T,12
76321149,Harris B,1
76321149,Wilson N,2
76321149,Harris DD,3
25299710,Girard H,1
25299710,Martin MF,2
25299710,Simon NJ,3
57316132,Takahashi M,1
57316132,Kato DL,2
57316132,Yamada K,3
57316132,Suzuki D,4
57316132,Watanabe MG,5
57316132,Yamada CL,6
57316132,Takahashi L,7
57316132,Sato A,8
57316132,Sato VN,9
57316132,Sato B,10
40801229,Sahin A,1
40801229,Sahin BN,2
40801229,Yildiz F,3
40801229,Sahin Y,4
40801229,Sahin T,5
40801229,Yildiz TG,6
40801229,Sahin FE,7
40801229,Kaya K,8
98536272,Tremblay HC,1
98536272,Morin G,2
81671709,Santos S,1
81671709,Nascimento YK,2
81671709,Rodrigues MH,3
81671709,Santos HV,4
81671709,Pereira S,5
68315219,Petit NK,1
68315219,Vincent C,2
68315219,Mercier DE,3
68315219,Mercier LK,4
68315219,Lefebvre K,5
68315219,Simon N,6
45151650,Bruno BK,1
45151650,Greco ES,2
45151650,Esposito J,3
66247148,Diaz YY,1
66247148,Lopez RC,2
66247148,Alvarez N,3
66247148,Ruiz FL,4
34789294,Allen H,1
34789294,Harris M,2
34789294,Davis EK,3
29132226,Taylor SB,1
29132226,Smith R,2
23061628,Suzuki T,1
23061628,Suzuki L,2
23061628,Nakamura M,3
23061628,Nakamura F,4
23061628,Yamamoto A,5
23061628,Takahashi SH,6
19401431,Zhu YB,1
19401431,Xu HB,2
19401431,Reddy G,3
19401431,Yang PR,4
13250749,Roberts V,1
13250749,Wood TD,2
13250749,Green SH,3
13250749,Hill MG,4
44776028,Fournier DH,1
44776028,Simon F,2
72754694,Cooper B,1
72754694,Hill C,2
72754694,Hill K,3
72754694,Jones NL,4
72754694,Green SH,5
41240081,Bakker A,1
41240081,van Dijk F,2
41240081,Mulder SP,3
41240081,de Jong P,4
41240081,Meijer Y,5
76036134,Moore P,1
76036134,Lewis DM,2
76036134,Davis P,3
76036134,Anderson Y,4
76036134,Jackson K,5
94501935,Yilmaz D,1
94501935,Aydin PS,2
94501935,Celik K,3
94501935,Nowak K,4
94501935,Sahin B,5
94501935,Yilmaz S,6
99388142,Nilsson KF,1
99388142,Olsson TT,2
99388142,Johansson P,3
85638597,Bertrand TD,1
85638597,David J,2
85638597,Martin V,3
85638597,Mercier DE,4
85638597,Simon D,5
85638597,Simon N,6
61330393,Ward D,1
61330393,Roy N,2
61330393,Hill G,3
61330393,Hughes JP,4
61330393,Jones A,5
61330393,Edwards GS,6
73305707,King E,1
73305707,Walsh AC,2
73305707,Ryan N,3
73305707,Lee V,4
88846192,Wagner F,1
88846192,Weber H,2
88846192,Wagner L,3
88846192,Fischer H,4
91017444,Mercier F,1
91017444,Garcia B,2
91017444,Leroy S,3
91017444,David F,4
91017444,Bernard FF,5
25043697,Hall BN,1
25043697,Evans R,2
25043697,Cooper V,3
25043697,Williams VN,4
25043697,Almeida L,5
25043697,Hill MG,6
58329050,Scott PS,1
58329050,Smith L,2
58329050,Young J,3
58329050,Allen D,4
88118050,Hosseini CN,1
88118050,Rezaei KN,2
30212049,Meijer P,1
30212049,Gagne ME,2
30212049,Gagne R,3
30212049,Evans J,4
30212049,Cote G,5
30212049,Tremblay H,6
30212049,Gauthier V,7
30212049,Cote V,8
91804531,Park LT,1
91804531,Cho H,2
91804531,Jung S,3
91804531,Cho AT,4
91804531,Kim B,5
91804531,Cho VR,6
91804531,Park S,7
91804531,Lim B,8
91804531,Kim A,9
91804531,Yoon H,10
91804531,Jang P,11
91804531,Kim V,12
50294579,Steiner M,1
50294579,Schmid F,2
50294579,Steiner C,3
50294579,Huber A,4
50294579,Keller JK,5
50294579,Mueller A,6
50294579,Gerber L,7
50294579,Mueller DN,8
50294579,Gerber M,9
50294579,Gerber CP,10
26706521,Kelly T,1
26706521,O'Brien AT,2
26706521,Anderson RY,3
26706521,Murphy N,4
26706521,Tanaka N,5
26706521,Mitchell GG,6
26706521,King J,7
26706521,Walsh G,8
26706521,Murphy K,9
26706521,Thompson T,10
26706521,Walsh C,11
26706521,King F,12
40445873,Joshi H,1
40445873,Sharma EE,2
40445873,Nair A,3
40445873,Patel J,4
40445873,Ruiz FL,5
40445873,Sharma T,6
31455305,Bernard EM,1
31455305,Laurent D,2
31455305,Bertrand K,3
31455305,Durand Y,4
31455305,Vincent GT,5
31455305,Bertrand V,6
31455305,Moreau MK,7
31455305,Blanc T,8
46636381,Mitchell H,1
46636381,Lee R,2
46636381,Murphy J,3
46636381,King J,4
50168006,Martin V,1
50168006,David YT,2
50168006,Bertrand TD,3
50168006,Simon N,4
91804812,Walsh G,1
91804812,King P,2
91804812,Schulz P,3
91804812,Thompson H,4
91804812,Ryan A,5
91804812,Murphy K,6
91804812,O'Brien Y,7
95675198,Hughes J,1
95675198,Edwards V,2
95675198,Mueller E,3
95675198,Jones R,4
95675198,Edwards PH,5
95675198,Hughes H,6
95675198,Hughes C,7
95675198,Cooper YD,8
95675198,Turner EM,9
95675198,Hall E,10
95675198,Evans S,11
95675198,Green B,12
53962640,Meier AF,1
53962640,Gerber EH,2
53962640,Schmid KJ,3
53962640,Meier S,4
91030025,Patel B,1
67451461,Eriksson T,1
67451461,Johansson A,2
67451461,Koch NG,3
67451461,Nilsson A,4
67451461,Johansson C,5
67451461,Ma D,6
67451461,Johansson P,7
25379023,Morris TG,1
25379023,Turner GB,2
25379023,Green B,3
68048608,Cooper N,1
68048608,Morris RL,2
68048608,Hill C,3
40333185,White D,1
40333185,Wright ML,2
40333185,Allen V,3
40333185,Allen RM,4
53562093,Mitchell S,1
53562093,King TE,2
53562093,Lee P,3
32367208,Olsson K,1
32367208,Smit D,2
32367208,Nilsson Y,3
32367208,Olsson V,4
10169963,Baker EK,1
10169963,Russo BD,2
10169963,Greco F,3
10169963,Romano R,4
10169963,Russo N,5
10169963,Ricci RP,6
93203243,Lewandowski TH,1
93203243,Kaminski FT,2
93203243,Zielinski C,3
93203243,Kowalczyk T,4
93203243,Wojcik T,5
54266414,Kang D,1
54266414,Jang D,2
54266414,Cho HB,3
54266414,Kang LT,4
15830843,Johnson GS,1
15830843,Taylor HM,2
15830843,Young FG,3
15830843,Harris R,4
28735193,Li RR,1
28735193,Hu SA,2
28735193,Lin T,3
28735193,Lin F,4
28735193,He P,5
90716951,Kowalski TV,1
90716951,Durand C,2
90716951,Fournier DH,3
90716951,Bertrand V,4
90716951,Laurent TF,5
90716951,Kumar GC,6
90716951,David G,7
90716951,Blanc YN,8
90716951,Bertrand RR,9
90716951,Simon F,10
19336346,Rahimi H,1
19336346,Hosseini L,2
19336346,Hosseini CN,3
19336346,Rahimi HD,4
19336346,Mohammadi CE,5
19336346,Rezaei KN,6
40046985,Anderson KB,1
40046985,King J,2
40046985,Anderson BH,3
40046985,Davis NR,4
40046985,Johnson N,5
40046985,Lewis D,6
40046985,Brown YE,7
40046985,Harris NM,8
60636336,Diaz C,1
38334269,Ruiz AR,1
38334269,Sanchez S,2
38334269,Martinez G,3
25706833,Mercier P,1
25706833,Laurent J,2
25706833,Bertrand H,3
25706833,Schneider V,4
25706833,Laurent K,5
25706833,Simon NJ,6
18044606,Mueller L,1
18044606,Nakamura NK,2
18044606,Schulz T,3
18044606,Richter Y,4
18044606,Koch NG,5
30213284,Sanchez M,1
30213284,Gomez J,2
30213284,Martinez K,3
30213284,Martinez SA,4
32920319,Harris LY,1
32920319,Allen N,2
32920319,Clark PY,3
32920319,Thomas MT,4
50638782,Rao Y,1
50638782,Kumar N,2
50638782,Nair T,3
50638782,Gupta JA,4
50638782,Reddy S,5
50638782,Iyer MT,6
50638782,Iyer FD,7
50638782,Patel B,8
71015546,Jafari A,1
71015546,Young J,2
71015546,Lewis H,3
71015546,Xu K,4
71015546,Wilson RE,5
71015546,Allen D,6
14593210,Gerber Y,1
14593210,Keller B,2
14593210,Steiner N,3
99122268,Anderson LP,1
99122268,Young YA,2
99122268,White VJ,3
99122268,Allen P,4
99122268,Scott AK,5
99122268,Lewis KK,6
99122268,Jackson K,7
19775327,Smith Y,1
19775327,Thomas VV,2
19775327,Wilson V,3
83415032,Costa L,1
83415032,Taylor P,2
83415032,Young AM,3
83415032,Johnson DP,4
10462232,David G,1
10462232,Simon F,2
92277307,Olsson C,1
92277307,Larsson MG,2
92277307,Nilsson A,3
92277307,Lewis FR,4
92277307,Eriksson C,5
92277307,Olsson S,6
20906053,Karimi VJ,1
20906053,Celik K,2
20906053,Yildiz BJ,3
20906053,Aydin H,4
20906053,Yilmaz S,5
72172656,Lopez F,1
72172656,Gonzalez PH,2
72172656,Fernandez J,3
72172656,Ruiz S,4
27544781,Walker L,1
27544781,Baker TS,2
27544781,Scott A,3
27544781,Rossi VC,4
27544781,Walker G,5
27544781,Bakker NF,6
27544781,Taylor K,7
27544781,Lewis FR,8
71132960,Goossens N,1
71132960,Keller H,2
71132960,Willems L,3
71132960,Janssens VY,4
71132960,Hughes D,5
71132960,Jacobs A,6
71132960,Goossens K,7
71132960,Willems MK,8
16527436,Yamamoto A,1
16527436,Yoshida K,2
16527436,Sato V,3
16527436,Yamamoto N,4
16527436,Sato VN,5
16527436,Yamamoto G,6
16527436,Kobayashi V,7
16527436,Watanabe N,8
97486908,Roy YD,1
97486908,MacDonald R,2
79848063,Bianchi NB,1
79848063,Esposito PT,2
79848063,Ferrari N,3
79848063,Rossi A,4
79848063,Greco ES,5
79848063,Esposito J,6
51947739,Hughes L,1
51947739,Wood P,2
51947739,Ahmadi NG,3
51947739,Roberts PN,4
51947739,Morris RL,5
51947739,Wood L,6
51947739,Hill C,7
63816158,Garcia L,1
63816158,Bernard A,2
63816158,Moreau A,3
63816158,Fournier H,4
63816158,Girard GT,5
76807415,Hill V,1
76807415,Cooper C,2
76807415,Evans N,3
76807415,Hughes FF,4
76807415,Williams NT,5
76807415,Morris DP,6
76807415,Hall BT,7
76807415,Hughes HJ,8
62014906,Fortin B,1
62014906,Gagnon K,2
62014906,Johansson A,3
62014906,Gagnon YK,4
62014906,Cote M,5
62014906,Campbell EJ,6
62014906,Weber ND,7
62014906,Bouchard F,8
62014906,Roy YD,9
62014906,Morin HH,10
59076523,Miller V,1
59076523,Baker YD,2
59076523,Scott DA,3
59076523,Brown MR,4
69637039,Esposito E,1
69637039,Colombo S,2
69637039,Ricci RP,3
82500358,Ma EV,1
82500358,Larsson TP,2
82500358,Xu V,3
82500358,Sun B,4
21194766,Moore N,1
21194766,Harris LY,2
21194766,Davis M,3
21194766,Thomas MT,4
21702429,Ozturk A,1
21702429,Kaya P,2
21702429,Yilmaz A,3
21702429,Aydin F,4
21702429,Sahin A,5
21702429,Aydin A,6
21702429,Nilsson K,7
21702429,Sahin FB,8
21702429,Kaya E,9
21702429,Kaya K,10
60559477,Bertrand AK,1
60559477,Bernard MN,2
60559477,Bernard DL,3
17804843,Evans R,1
17804843,Hall Y,2
17804843,Cooper H,3
17804843,Ward PJ,4
17804843,Morin T,5
17804843,Wood TD,6
17804843,Hill MG,7
47546607,Gallo HC,1
47546607,Bianchi NB,2
47546607,Bianchi C,3
47546607,Rossi N,4
47546607,Colombo R,5
47546607,Bianchi R,6
47546607,Gallo R,7
68320306,King C,1
68320306,Lee V,2
68320306,Murphy G,3
68320306,Walsh M,4
97246502,Anderson RY,1
97246502,White CH,2
97246502,Petit L,3
97246502,Durand DD,4
97246502,Petit J,5
97246502,Lefebvre DJ,6
38135002,Wood KA,1
38135002,Jones R,2
38135002,Green L,3
38135002,Edwards PH,4
38135002,Jones AC,5
38135002,Wood L,6
38135002,Green B,7
59653389,Larsson J,1
59653389,Andersson D,2
59653389,Olsson V,3
94303693,Ito KH,1
94303693,Nakamura D,2
94303693,Suzuki PP,3
94303693,Yamamoto K,4
94303693,Kobayashi KD,5
94303693,Tanaka PT,6
94303693,Nakamura P,7
94303693,Ito P,8
77055031,Rossi KA,1
77055031,Russo RS,2
77055031,Ricci RP,3
12930219,Ferrari C,1
12930219,Ricci PN,2
12930219,Ricci R,3
12930219,Bruno B,4
12930219,Gallo PJ,5
12930219,Bianchi NB,6
92824595,Hall L,1
92824595,Jones NL,2
92824595,Morris A,3
92824595,Cooper H,4
92824595,Green SH,5
41063025,Nakamura B,1
41063025,Sato T,2
41063025,Tanaka V,3
41063025,Yamada K,4
41063025,Tanaka N,5
34016734,Kowalski LG,1
34016734,Zielinski R,2
34016734,Lewandowski TH,3
34016734,Almeida C,4
34016734,Kaminski FT,5
34016734,Kowalski TV,6
34016734,Kaminski AR,7
34016734,Fortin DH,8
34016734,Jung F,9
34016734,Kaminski GS,10
34016734,Wojcik Y,11
34016734,Wojcik T,12
94811675,Walsh G,1
94811675,Lefebvre NN,2
94811675,Michel K,3
94811675,Fournier F,4
94811675,Michel C,5
94811675,Petit D,6
70054552,David YM,1
70054552,Michel MK,2
70054552,Leroy SH,3
70054552,Bertrand H,4
70054552,Laurent TF,5
93592648,Mueller C,1
93592648,Gerber C,2
93592648,Schmid F,3
93592648,Gerber CP,4
68737374,Esposito M,1
68737374,Russo K,2
68737374,Bianchi L,3
68737374,Esposito J,4
80561137,Takahashi MS,1
80561137,Steiner C,2
80561137,Keller P,3
80561137,Weber CG,4
80561137,Gerber CP,5
16419817,Lopez AF,1
16419817,Lopez F,2
16419817,Ruiz S,3
36863449,Yang AS,1
36863449,Liu C,2
36863449,Zhou G,3
36863449,Xu VT,4
36863449,Guo E,5
25191320,Gallo R,1
59837083,Bianchi NB,1
59837083,Rahimi HD,2
59837083,Ahmadi D,3
59837083,Hosseini F,4
59837083,Walsh M,5
59837083,Moradi E,6
59837083,Costa L,7
59837083,Hosseini G,8
59837083,Karimi MK,9
59837083,Rezaei DE,10
59837083,Hosseini CN,11
59837083,Rezaei KN,12
33970002,Baker AL,1
33970002,Brown CA,2
33970002,Anderson AD,3
33970002,Taylor HG,4
33970002,Lewis KK,5
33970002,White J,6
33970002,Harris DD,7
51761387,Almeida L,1
51761387,Oliveira SD,2
51761387,Silva YE,3
51761387,Silva R,4
51761387,Pereira LV,5
58983697,Thompson H,1
58983697,O'Brien F,2
58983697,O'Brien Y,3
77374259,Davis G,1
77374259,Baker AB,2
77374259,Jackson H,3
77374259,Clark DT,4
77374259,Scott P,5
99704936,Clark DT,1
99704936,Allen HT,2
99704936,Anderson LP,3
99704936,Harris NM,4
99704936,Scott P,5
74574578,Mueller B,1
74574578,Gerber DH,2
35591571,Silva D,1
35591571,Pereira LV,2
35591571,Pereira J,3
35591571,Larsson D,4
35591571,Silva TY,5
28292809,de Jong B,1
28292809,Bos N,2
28292809,Bos VB,3
28292809,Visser D,4
28292809,Mueller H,5
28292809,de Vries AN,6
80041189,Koch NG,1
80041189,Zhu C,2
80041189,Xu K,3
80041189,Yang J,4
62973880,Sahin A,1
62973880,Aydin A,2
62973880,Demir C,3
62973880,Celik FV,4
62973880,Ozturk A,5
62973880,Kaya G,6
62973880,Kaya K,7
94089165,Romano H,1
94089165,Smith R,2
94089165,Greco PR,3
94089165,Colombo L,4
41916237,Kaminski FT,1
41916237,Wojcik T,2
49209501,Fernandez JB,1
49209501,Roux TV,2
49209501,Petit H,3
49209501,Fournier FN,4
49209501,Petit F,5
49209501,Roux TT,6
49209501,Michel P,7
49209501,Bernard DL,8
26049794,King E,1
26049794,Murphy Y,2
26049794,Lee V,3
61499551,Wagner N,1
61499551,Schulz T,2
61499551,Schmidt F,3
61499551,Schulz N,4
61499551,Richter AH,5
61499551,Mueller MJ,6
87672537,Lewandowski EY,1
87672537,Zielinski GN,2
87672537,Kowalski B,3
87672537,Kowalczyk LT,4
87672537,Nowak J,5
39102490,Costa J,1
39102490,Nascimento BT,2
45771063,Schneider D,1
45771063,Richter B,2
45771063,Schulz NR,3
45771063,Hoffmann S,4
45771063,Hoffmann C,5
45771063,Becker R,6
45771063,Mueller YJ,7
34452696,Bertrand RR,1
34452696,Mercier J,2
34452696,Mercier T,3
34452696,Simon NJ,4
34452696,Bernard B,5
34452696,Simon F,6
34452696,Bertrand T,7
34452696,de Boer AF,8
34452696,Simon V,9
34452696,Durand A,10
59358493,Lewis J,1
59358493,Harris K,2
59358493,Young P,3
59358493,Lewis D,4
81095269,Patel J,1
81095269,Reddy F,2
81095269,Sharma T,3
65008658,Michel T,1
65008658,Mercier F,2
65008658,Moreau NV,3
65008658,Bernard FF,4
20235914,Roberts Y,1
20235914,Edwards ET,2
20235914,Hill MG,3
72786292,Gomez PN,1
72786292,Gonzalez Y,2
72786292,Lopez K,3
72786292,Lopez H,4
72786292,Diaz G,5
78705825,Mitchell YN,1
78705825,King J,2
49366331,Miller J,1
49366331,Brown CA,2
49366331,Jackson TC,3
49366331,White J,4
49366331,Lewis KK,5
49366331,White E,6
49366331,Harris N,7
49366331,Baker CE,8
49366331,Demir L,9
49366331,Harris DD,10
38463652,Wojcik FG,1
38463652,Watanabe VR,2
38463652,Lewandowski Y,3
38463652,Wisniewski H,4
38463652,Lewandowski T,5
38463652,Zielinski B,6
38463652,Kowalczyk LT,7
38463652,Nowak J,8
65089537,van den Berg L,1
65089537,van den Berg FM,2
65089537,van den Berg P,3
65089537,Mulder J,4
65089537,Smit KK,5
65089537,de Vries H,6
65089537,van Dijk NF,7
65089537,de Jong B,8
94964333,Fortin DN,1
94964333,Lewandowski T,2
94964333,Gagnon AL,3
94964333,MacDonald R,4
75087936,King RB,1
75087936,King TE,2
75087936,Thompson VP,3
75087936,Mitchell P,4
75087936,Lee P,5
40780268,Gomez YN,1
40780268,Han FT,2
40780268,Ferrari J,3
40780268,Han PS,4
85404739,Wilson P,1
85404739,Davis GE,2
85404739,Davis EK,3
51382326,Kowalski D,1
51382326,Zielinski RV,2
51382326,Kaminski ML,3
51382326,Harris NM,4
51382326,Kowalski FR,5
90090932,Sharma CS,1
90090932,Wagner C,2
90090932,Nair LK,3
90090932,Patel B,4
95255928,Rossi B,1
95255928,Ferrari N,2
85122203,Gauthier P,1
85122203,Gauthier KH,2
85122203,Campbell CV,3
85122203,Cote M,4
77746907,Yamamoto N,1
77746907,Greco G,2
77746907,Zhao GH,3
77746907,Chen YF,4
77746907,Ma ET,5
78428190,Rahimi AT,1
78428190,Hosseini L,2
78428190,Jafari L,3
78428190,Hosseini F,4
78428190,Karimi M,5
78428190,Hosseini CN,6
78428190,Rezaei KN,7
17063411,Almeida BT,1
17063411,Santos D,2
17063411,Santos M,3
17063411,Rodrigues J,4
96463001,Schmid RN,1
96463001,O'Brien AT,2
96463001,Meier S,3
22441166,Romano N,1
22441166,Rossi KA,2
22441166,Esposito NL,3
22441166,Ferrari A,4
22441166,Gallo R,5
22441166,Russo N,6
22441166,Ricci RP,7
34696947,Hu HM,1
63061607,Rossi H,1
63061607,Gallo M,2
63061607,Ferrari Y,3
63061607,Bruno P,4
63061607,Marino A,5
63061607,Gallo HC,6
63061607,Marino B,7
63061607,Bianchi NB,8
63061607,Bianchi GP,9
63061607,Ferrari N,10
76500462,Thomas V,1
76500462,White T,2
76500462,Davis FK,3
76500462,Smith CG,4
76500462,Allen S,5
76500462,Moore J,6
76500462,Taylor MY,7
52563085,Allen D,1
26249479,He GY,1
26249479,Sun H,2
26249479,Zhu T,3
26249479,Huang EA,4
26249479,Sahin N,5
26249479,Wang F,6
26249479,Lin R,7
26249479,Liu G,8
26249479,Huang L,9
26249479,Wu S,10
67554268,Schulz P,1
67554268,Wagner VY,2
67554268,Hoffmann Y,3
67554268,Wolf AH,4
67554268,Richter AB,5
31800045,Maes VH,1
31800045,Jacobs T,2
36257784,Gomez J,1
36257784,Fernandez PL,2
36257784,Gonzalez R,3
36257784,Sanchez M,4
36257784,Martinez SA,5
95916170,Ryan A,1
95916170,King T,2
95916170,Mulder K,3
95916170,O'Brien Y,4
85395330,Li LG,1
85395330,Hu AD,2
85395330,Li LY,3
85395330,Zhang VY,4
81849061,Sato S,1
81849061,Laurent D,2
81849061,Michel KD,3
81849061,Michel C,4
81849061,Bernard N,5
81849061,Garcia L,6
81849061,Martin LH,7
81849061,Bertrand M,8
81849061,Moreau NP,9
81849061,Fournier M,10
81849061,Simon F,11
81849061,Laurent K,12
42663184,Olsson T,1
42663184,Andersson CD,2
42663184,Olsson V,3
27616657,Meijer Y,1
27616657,Yilmaz RD,2
27616657,Ozturk H,3
27616657,Demir A,4
27616657,Yildiz C,5
27616657,Sahin FB,6
28826771,Moreau YL,1
28826771,Lefebvre NN,2
28826771,Simon A,3
28826771,Mercier PG,4
28826771,Gupta M,5
28826771,Petit D,6
10290490,Visser S,1
10290490,Kato A,2
10290490,Tanaka N,3
25794894,Moreno E,1
25794894,Moreno FK,2
68681987,Simon H,1
68681987,Laurent CK,2
68681987,Fournier R,3
13600729,Jafari E,1
13600729,Moradi N,2
13600729,Karimi D,3
13600729,Jafari A,4
23638238,Tanaka G,1
23638238,Yoshida Y,2
23638238,Yamamoto N,3
23638238,Yamada H,4
23638238,Suzuki BJ,5
23638238,Suzuki P,6
23638238,Watanabe EC,7
23638238,Takahashi PV,8
23638238,Tanaka TE,9
23638238,Ito DV,10
59577132,Mohammadi DL,1
59577132,Mohammadi P,2
59577132,Karimi A,3
59577132,Mohammadi CE,4
29159733,de Jong MK,1
29159733,van den Berg VB,2
29159733,Visser B,3
29159733,Meijer TV,4
29159733,Bos GK,5
63198842,Anderson S,1
63198842,Miller V,2
63198842,Lewis B,3
63198842,Roberts F,4
63198842,Allen PJ,5
63198842,Lewis D,6
16263033,Taylor HM,1
16263033,Smith A,2
16263033,Young PH,3
16263033,Davis EK,4
16263033,Johnson SR,5
16263033,Young FG,6
16263033,Harris R,7
80899269,Baker F,1
80899269,Thomas S,2
70743492,Jansen J,1
70743492,MacDonald R,2
70743492,de Vries R,3
70743492,Yoshida P,4
70743492,Bakker N,5
70743492,Mulder J,6
70743492,de Jong B,7
83853198,Green C,1
83853198,Edwards T,2
83853198,Hughes L,3
83853198,Edwards BV,4
83853198,Green SH,5
83853198,Hill C,6
20454915,Nascimento BT,1
79517769,Evans R,1
79517769,Sanchez S,2
79517769,Edwards PH,3
79517769,Hughes J,4
79517769,Jones V,5
79517769,Jones R,6
79517769,Roberts E,7
79517769,Green B,8
21218629,Miller A,1
21218629,White HE,2
21218629,Allen PJ,3
21218629,Lewis J,4
21218629,Smith CK,5
21218629,Scott HD,6
21218629,Lewis D,7
61349048,Suzuki BV,1
61349048,Watanabe N,2
32126086,Jung P,1
32126086,Kim F,2
32126086,Lim C,3
32126086,Lim S,4
32126086,Jang B,5
56777421,Durand MV,1
56777421,Girard V,2
56777421,Blanc L,3
56777421,Leroy K,4
56777421,Martin L,5
56777421,Fournier R,6
21064719,Bianchi NB,1
49608870,Joshi SP,1
49608870,Patel J,2
49608870,Singh D,3
49608870,Sharma PK,4
49608870,Kumar GC,5
49608870,Sharma T,6
84411005,Wilson Y,1
84411005,Lewis FR,2
84411005,Davis M,3
84411005,Johnson E,4
84411005,Wilson F,5
84411005,Davis EK,6
96712037,Bakker FM,1
96712037,Bos G,2
96712037,Visser S,3
96712037,de Jong G,4
96712037,Yamada VG,5
96712037,Bos GK,6
55337078,Hughes N,1
55337078,Ruiz R,2
55337078,Gonzalez AT,3
55337078,Gonzalez R,4
55337078,Ruiz S,5
70576441,Watanabe P,1
70576441,Tanaka S,2
70576441,Nakamura P,3
70576441,Ito P,4
90011655,Souza C,1
90011655,Almeida BT,2
90011655,Santos J,3
90011655,Nascimento BT,4
90011655,Almeida JA,5
90011655,Silva PS,6
90011655,Costa T,7
90011655,Souza J,8
90011655,Oliveira L,9
90011655,Pereira Y,10
90011655,Silva J,11
90011655,Rodrigues J,12
47371909,Han V,1
47371909,Jung H,2
47371909,Jang BD,3
47371909,Kang F,4
47371909,Han PS,5
23412715,Durand H,1
23412715,Vincent P,2
23412715,Bernard F,3
23412715,Bernard GF,4
23412715,Simon F,5
23412715,Durand DD,6
23412715,Laurent LD,7
23412715,Lefebvre DJ,8
79603148,Davis ST,1
79603148,Young J,2
79603148,Allen D,3
68310862,Morin HH,1
68310862,Gauthier P,2
68310862,Cote M,3
17573109,Johnson L,1
17573109,Lewis LR,2
17573109,Moore F,3
17573109,Lewis P,4
17573109,Taylor G,5
17573109,Jackson T,6
17573109,Davis P,7
17573109,Brown F,8
17573109,Walker T,9
17573109,Johnson DP,10
48015566,Mohammadi G,1
48015566,Fournier R,2
48015566,Vincent C,3
48015566,Lefebvre D,4
48015566,Laurent CV,5
48015566,Durand A,6
15522997,Clark D,1
15522997,Lewis YG,2
94175460,Jang V,1
94175460,Jang B,2
94175460,Jang YE,3
16676471,Goossens R,1
16676471,Janssens R,2
16676471,Claes K,3
16676471,Maes T,4
16676471,Maes A,5
16676471,Maes R,6
16676471,Peeters BF,7
65913408,David F,1
65913408,Bernard FF,2
72698014,Goossens N,1
72698014,Mertens NH,2
72698014,Janssens VY,3
72698014,Mertens P,4
72698014,Sahin FB,5
72698014,Willems MK,6
32817860,Souza T,1
32817860,Rodrigues MH,2
32817860,Almeida N,3
32817860,Rodrigues E,4
32817860,Costa L,5
45425416,Hosseini F,1
45425416,Mohammadi CE,2
45425416,Mohammadi SN,3
45425416,Mohammadi DL,4
45425416,Rezaei KN,5
60980233,Sharma CS,1
60980233,Ricci H,2
60980233,Russo T,3
60980233,Ferrari H,4
54255918,Park C,1
54255918,Kang HP,2
54255918,Williams PH,3
54255918,Han B,4
54255918,Jung FV,5
54255918,Lim C,6
54255918,Han M,7
54255918,Jang B,8
59563288,Lim H,1
59563288,Takahashi H,2
59563288,Suzuki PP,3
59563288,Takahashi CM,4
59563288,Yamamoto VD,5
59563288,Ito P,6
29154490,Garcia EH,1
29154490,Moreau M,2
29154490,Bernard B,3
29154490,David G,4
29154490,Simon F,5
14034130,Green SH,1
80891432,Lee P,1
80891432,Silva D,2
80891432,Nascimento YG,3
80891432,Nascimento YK,4
80891432,Almeida YC,5
80891432,Pereira S,6
13033957,Chen BE,1
13033957,Wu YM,2
13033957,Zhang VY,3
46080295,Young A,1
46080295,Davis EK,2
50141456,Bianchi GP,1
50141456,Ricci TK,2
50141456,Marino B,3
50141456,Ferrari RY,4
50141456,Ferrari N,5
35982483,Kumar C,1
35982483,Sharma PK,2
35982483,Evans GF,3
35982483,Gupta M,4
62938578,Mercier D,1
62938578,David L,2
62938578,Michel S,3
62938578,Mercier MR,4
62938578,Bernard AY,5
26174829,Thompson R,1
26174829,Williams RS,2
26174829,King J,3
76559762,Eriksson HJ,1
76559762,Eriksson V,2
76559762,Larsson K,3
76559762,Eriksson K,4
76559762,Andersson F,5
76559762,Karlsson P,6
76559762,Olsson S,7
19694970,Meijer Y,1
72733088,Ferrari SV,1
72733088,Hill T,2
72733088,Russo MJ,3
72733088,Ricci RP,4
32864796,Clark FV,1
32864796,White J,2
32864796,Scott H,3
32864796,Baker KV,4
32864796,Harris DD,5
19624707,Williams JP,1
19624707,Roberts PN,2
19624707,Morris GA,3
19624707,Williams V,4
19624707,Wood P,5
19624707,Morris RL,6
19624707,Hill C,7
35362614,Maes VH,1
35362614,Jacobs T,2
83520353,Richter VE,1
83520353,Wagner K,2
83520353,Schulz GR,3
83520353,Wagner VY,4
83520353,Hoffmann YD,5
83520353,Koch NG,6
79871700,Aydin A,1
79871700,Persson P,2
79871700,Kaya K,3
93987302,Tanaka G,1
93987302,Kobayashi P,2
93987302,Takahashi PV,3
93987302,Weber CG,4
93987302,Ito DV,5
41896682,Ma HS,1
41896682,Xu VT,2
41896682,Zhao GH,3
41896682,Li VM,4
41896682,Wang E,5
41896682,He G,6
41896682,Zhu B,7
41896682,Ma ET,8
43751227,Mueller EA,1
43751227,Schmidt SP,2
43751227,Fischer J,3
43751227,Wolf F,4
90172966,Mitchell P,1
90172966,Ryan GH,2
90172966,Walsh M,3
90172966,O'Brien Y,4
35504655,Karlsson P,1
35504655,Larsson R,2
35504655,Olsson P,3
35504655,Nilsson SE,4
35504655,Andersson CD,5
35504655,Davis EK,6
35504655,Karlsson JT,7
35504655,Olsson S,8
36518198,Baker YD,1
36518198,Johnson AE,2
36518198,Brown M,3
36518198,Brown MR,4
83992354,Lee R,1
83992354,King CA,2
83992354,Kelly A,3
83992354,Thompson Y,4
83992354,Murphy K,5
83992354,O'Brien AT,6
83992354,King F,7
14394161,Kang Y,1
14394161,Han JD,2
14394161,Kim A,3
14394161,Tremblay N,4
14394161,Choi ES,5
14394161,Han V,6
14394161,Keller ER,7
14394161,Hill T,8
14394161,Han JC,9
14394161,Park N,10
14394161,Jung Y,11
14394161,Han PS,12
21088633,Esposito CM,1
21088633,Colombo L,2
93205255,Jung T,1
93205255,Cho VR,2
93205255,Thomas S,3
93205255,Yoon H,4
93205255,Kim V,5
33806501,Xu HN,1
33806501,Li YH,2
33806501,Huang JJ,3
33806501,Chen BE,4
33806501,Xu TH,5
33806501,Zhang VY,6
42369014,Gagne V,1
42369014,Nilsson KJ,2
42369014,Gauthier JN,3
37826639,Evans J,1
37826639,Evans S,2
37826639,Green B,3
88402514,Reddy JN,1
88402514,Kumar M,2
88402514,Kumar D,3
88402514,Singh M,4
88402514,Nair A,5
88402514,Patel J,6
88402514,Rao P,7
88402514,Sharma T,8
30329593,Marino M,1
30329593,Colombo RH,2
30329593,Rao DH,3
30329593,Ferrari N,4
30329593,Bianchi NB,5
31663006,Ozturk JC,1
31663006,Aydin MD,2
31663006,Ozturk V,3
31663006,Aydin V,4
31663006,Sahin FB,5
29262116,Visser TJ,1
29262116,Jansen V,2
29262116,Meijer Y,3
95132885,Lewis LR,1
95132885,Taylor P,2
95132885,Johnson L,3
95132885,Johnson DP,4
45447774,Becker F,1
45447774,Meyer E,2
45447774,Fischer PK,3
45447774,Schneider V,4
45447774,Schmidt SP,5
45447774,Celik G,6
45447774,Fischer J,7
45447774,Wolf F,8
61455354,Turner GB,1
61455354,Ward C,2
61455354,Williams D,3
61455354,Roberts C,4
61455354,Jones NL,5
61455354,Hill MG,6
87604289,Bouchard T,1
87604289,Fortin K,2
87604289,Gagnon Y,3
87604289,Tremblay K,4
87604289,Bouchard PC,5
65181840,Wolf J,1
65181840,Wolf F,2
65181840,Koch EF,3
65181840,Koch NG,4
65181840,Wolf B,5
65181840,Fischer PK,6
65181840,Schmidt JA,7
65970097,Goossens K,1
65970097,Claes CV,2
65970097,Jacobs NR,3
65970097,Maes AF,4
65970097,Jacobs T,5
46054677,Baker VM,1
46054677,Meier M,2
46054677,Anderson R,3
46054677,Allen H,4
46054677,Davis H,5
46054677,Allen B,6
46054677,Wilson P,7
46054677,Harris M,8
46054677,Scott RH,9
46054677,Davis EK,10
13383984,van den Berg D,1
13383984,Bos G,2
13383984,Mulder SP,3
13383984,Jansen V,4
13383984,Visser B,5
13383984,Meijer Y,6
13853278,Esposito NL,1
13853278,Ricci LL,2
13853278,Esposito E,3
13853278,Marino A,4
13853278,Colombo L,5
78593135,Williams F,1
78593135,Ward T,2
78593135,Williams B,3
78593135,Ward GJ,4
68834830,Singh S,1
68834830,Sharma L,2
68834830,Reddy S,3
68834830,Singh R,4
68834830,Thompson T,5
68834830,Rao Y,6
68834830,Patel B,7
99197114,Jung E,1
99197114,Kang S,2
99197114,Choi PE,3
99197114,Han FT,4
99197114,Jung JV,5
99197114,Choi R,6
99197114,Jang L,7
99197114,Jung V,8
99197114,Kang LT,9
99197114,Yoon BK,10
99197114,Jang V,11
99197114,Jang YE,12
53396441,Hosseini F,1
53396441,Iyer YK,2
53396441,Sharma DJ,3
53396441,Sharma CS,4
53396441,Kumar D,5
53396441,Reddy M,6
53396441,Patel B,7
18406012,Wu VS,1
18406012,Li D,2
18406012,Sun J,3
18406012,Yang T,4
18406012,Guo NH,5
60247213,Gagnon PA,1
60247213,Cote B,2
60247213,Morin J,3
60247213,Cote Y,4
60247213,Tremblay D,5
74573598,Mueller M,1
74573598,Klein N,2
74573598,Wolf F,3
95718723,Martinez ER,1
95718723,Ruiz Y,2
95718723,Gomez E,3
95718723,Patel B,4
95718723,Lopez D,5
95718723,Perez G,6
95718723,Lopez TK,7
95718723,Moreno YM,8
70473950,Meyer G,1
70473950,Schmidt P,2
70473950,Wagner L,3
70473950,Mueller MJ,4
35364258,Anderson V,1
35364258,Davis A,2
35364258,Brown TV,3
35364258,Smith R,4
83372905,Keller D,1
83372905,Meier DN,2
83372905,Schmid RN,3
83372905,Meier DK,4
83372905,Steiner NA,5
83372905,Meier S,6
72627148,Walker NL,1
72627148,Laurent TF,2
72627148,Yilmaz B,3
72627148,Blanc L,4
72627148,Simon C,5
72627148,Martin L,6
72627148,Fournier R,7
47363212,Silva DA,1
47363212,Hall Y,2
47363212,Edwards GS,3
30391787,Johnson SR,1
30391787,Brown V,2
30391787,Murphy K,3
30391787,Harris R,4
31397461,Wright M,1
31397461,Anderson P,2
31397461,Walker TB,3
20476004,Han FT,1
20476004,Han CL,2
20476004,Park C,3
20476004,Choi E,4
20476004,Park KJ,5
20476004,Jang L,6
20476004,Kang S,7
20476004,Kim FR,8
20476004,Kim GR,9
20476004,Jung E,10
20476004,Jang V,11
20476004,Jang YE,12
79947781,Takahashi F,1
79947781,Watanabe N,2
60877168,Gupta JA,1
60877168,Patel B,2
84314624,Lewandowski TH,1
84314624,Wojcik T,2
22012714,Clark G,1
22012714,Brown B,2
22012714,Thomas H,3
22012714,Thomas E,4
22012714,Anderson A,5
22012714,Taylor EB,6
22012714,Davis R,7
22012714,de Vries L,8
22012714,Yilmaz F,9
22012714,Wilson NB,10
22012714,Johnson JD,11
22012714,Davis B,12
65512380,Allen G,1
65512380,Clark G,2
65512380,Miller E,3
65512380,Davis H,4
87299352,Johnson E,1
87299352,Davis E,2
87299352,Young G,3
87299352,Lewis P,4
87299352,Anderson BH,5
87299352,Baker D,6
87299352,Thomas PL,7
24601561,Li E,1
24601561,Oliveira RV,2
24601561,Willems MK,3
24601561,Maes VH,4
24601561,Jacobs T,5
87956640,Schneider AN,1
87956640,Wagner L,2
87956640,Fischer H,3
30995692,Petit NK,1
30995692,Petit B,2
30995692,David YT,3
30995692,Simon N,4
41176611,Yamada AP,1
41176611,Sato B,2
97176197,Nascimento YG,1
97176197,Souza S,2
97176197,Pereira LV,3
54266387,Sun J,1
54266387,Guo NH,2
31281765,Mercier DE,1
31281765,Simon N,2
25723980,Ahmadi D,1
25723980,Mohammadi SN,2
25723980,Rezaei K,3
25723980,Moradi T,4
25723980,Moradi P,5
25723980,Jafari A,6
67317152,Jansen V,1
67317152,Bakker A,2
67317152,Meijer H,3
67317152,Smit D,4
67317152,de Vries J,5
67317152,Jansen LE,6
67317152,Visser TJ,7
67317152,Smit V,8
67317152,Jansen E,9
67317152,Meijer Y,10
71574034,Simon F,1
71574034,David F,2
71574034,Garcia B,3
71574034,Bernard FF,4
24614497,Oliveira SD,1
24614497,Santos J,2
24614497,Pereira LV,3
21980585,Yilmaz A,1
21980585,Demir TS,2
21980585,Ozturk V,3
21980585,Ozturk Y,4
21980585,Kaya K,5
55669659,Martinez G,1
55669659,Rodriguez JY,2
55669659,Moreno NB,3
55669659,Martinez R,4
55669659,Diaz G,5
98398937,Simon D,1
98398937,Bertrand TD,2
98398937,Simon N,3
71017407,Fernandez VB,1
71017407,Fernandez PL,2
71017407,Martinez SA,3
70938328,Wilson P,1
70938328,Taylor GM,2
70938328,King P,3
70938328,Anderson RY,4
74650939,Zielinski T,1
74650939,Nowak AG,2
74650939,Wisniewski N,3
74650939,Lewandowski S,4
74650939,Bruno B,5
74650939,Kowalski D,6
74650939,Kowalski FR,7
56447747,Fortin K,1
56447747,Cote Y,2
56447747,Roy FY,3
56447747,Roy CJ,4
56447747,Bouchard PC,5
19878916,Lewis AV,1
19878916,Clark LB,2
19878916,Davis M,3
79122113,Leroy R,1
79122113,Simon F,2
79122113,Martin LH,3
79122113,Petit Y,4
79122113,Bernard N,5
79122113,Garcia L,6
79122113,Laurent K,7
50407058,Lopez M,1
50407058,Thomas PL,2
19386376,Sun B,1
19386376,Schmidt JA,2
19386376,Hu D,3
19386376,Wu E,4
19386376,Xu G,5
19386376,Laurent K,6
19386376,Zhang VY,7
96221953,Meyer P,1
96221953,Schulz GR,2
96221953,Becker MH,3
96221953,Koch NG,4
14169736,Cote G,1
14169736,Lavoie P,2
14169736,Tremblay K,3
14169736,Bouchard PC,4
45546571,Nair LK,1
45546571,Goossens K,2
45546571,Goossens PR,3
45546571,Willems MK,4
75051286,Turner EM,1
75051286,Jones AC,2
75051286,Hall HA,3
75051286,Ward GJ,4
78255003,Allen D,1
89977335,Rezaei N,1
89977335,Ahmadi PM,2
89977335,Wojcik H,3
89977335,Roy T,4
89977335,Ahmadi JN,5
89977335,Rahimi HD,6
89977335,Mohammadi CE,7
32006016,Yamada L,1
32006016,Yoshida SB,2
32006016,Schmid A,3
32006016,Sato P,4
43008147,Nakamura F,1
43008147,Sato JD,2
43008147,Nakamura M,3
43008147,Nakamura NK,4
43008147,Yamada P,5
43008147,Tanaka V,6
43008147,Takahashi SH,7
85394261,Russo T,1
85394261,Colombo PC,2
85394261,Esposito H,3
85394261,Russo DS,4
85394261,Rossi H,5
66632076,Romano NY,1
66632076,Garcia G,2
66632076,Bonnet C,3
66632076,Lefebvre NN,4
66632076,Mueller MJ,5
66632076,Mercier PG,6
66632076,Bonnet A,7
66632076,Leroy S,8
66632076,Michel K,9
66632076,Petit D,10
22032864,Jung VS,1
22032864,Jang BD,2
22032864,Han PS,3
28679029,Tremblay K,1
28679029,Roy FY,2
28679029,Cote V,3
28679029,Fortin DH,4
28679029,Bouchard PC,5
12923135,Hosseini CN,1
12923135,Rahimi HD,2
12923135,Moradi V,3
12923135,Hosseini F,4
12923135,Rezaei KN,5
37334812,Jung S,1
37334812,Kim V,2
50390256,Allen D,1
50390256,Anderson LP,2
50390256,Jackson K,3
70825141,Meijer D,1
70825141,van den Berg D,2
70825141,Bakker C,3
70825141,Bakker A,4
75632521,Watanabe MG,1
75632521,Yoshida S,2
75632521,Watanabe T,3
75632521,Thomas N,4
75632521,Kobayashi AA,5
75632521,Yamamoto P,6
75632521,Sato B,7
97594498,Cote R,1
97594498,Lavoie L,2
97594498,Gagne R,3
97594498,Cote V,4
85317936,Wang DY,1
85317936,Gerber C,2
85317936,Guo R,3
85317936,Huang CA,4
85317936,Wu S,5
24561066,Laurent V,1
24561066,Lefebvre M,2
24561066,David CN,3
24561066,Leroy A,4
24561066,Mercier J,5
24561066,David P,6
24561066,Durand A,7
17604444,Zhu P,1
17604444,Yang J,2
57728423,Leroy E,1
57728423,Moreau NP,2
57728423,David H,3
57728423,Garcia L,4
57728423,Martin LH,5
57728423,Fournier M,6
57728423,Laurent K,7
28347790,Demir C,1
28347790,Kaya PB,2
28347790,Ozturk JC,3
28347790,Sahin C,4
28347790,Yilmaz B,5
28347790,Sahin FB,6
20288688,Yamamoto N,1
20288688,Takahashi PV,2
20288688,Sato T,3
20288688,Nakamura S,4
20288688,Watanabe G,5
20288688,Ito GB,6
20288688,Ito DV,7
49648157,Yoon K,1
49648157,Kim FR,2
49648157,Lim T,3
49648157,Jung JV,4
49648157,Jang YE,5
55986712,Sharma EH,1
55986712,Peeters H,2
55986712,Joshi T,3
55986712,Gupta F,4
67195702,Huang L,1
67195702,Sun Y,2
67195702,Yang A,3
67195702,Wu S,4
34558669,Wood JP,1
34558669,Wood CL,2
34558669,Wood G,3
34558669,Turner J,4
34558669,Ward G,5
34558669,Hughes N,6
73912446,Turner GN,1
73912446,Hill CH,2
73912446,Hill T,3
73912446,Cooper N,4
72688707,Han JD,1
72688707,Park T,2
72688707,Kim G,3
72688707,Kang Y,4
72688707,Jung VS,5
38071996,Cote M,1
38071996,Campbell Y,2
38071996,Roy JR,3
38071996,Gagnon B,4
38071996,Lavoie M,5
38071996,Morin G,6
82225098,Walsh H,1
82225098,de Jong JN,2
82225098,Jansen K,3
82225098,de Jong C,4
82225098,Bakker G,5
82225098,de Vries L,6
12196682,Steiner M,1
12196682,Steiner C,2
12196682,Kang MN,3
12196682,Weber K,4
12196682,Gerber CP,5
55192785,Li VM,1
55192785,Yang NG,2
55192785,Rezaei N,3
55192785,Zhao BG,4
55192785,Zhu D,5
55192785,Chen PE,6
89908284,Miller V,1
89908284,Wilson M,2
89908284,Allen PJ,3
89908284,Lewis D,4
70641732,David T,1
70641732,Roux RT,2
70641732,Laurent LD,3
70641732,Blanc N,4
70641732,Lefebvre DJ,5
70467249,Esposito V,1
70467249,Bianchi NB,2
70467249,Bruno N,3
70467249,Rossi H,4
51068901,Evans BL,1
51068901,Cooper D,2
51068901,Green SH,3
62965782,Esposito H,1
62965782,Greco D,2
62965782,Bruno F,3
62965782,Rossi H,4
31746426,de Jong P,1
31746426,Jansen E,2
31746426,Meijer Y,3
19603568,Russo DN,1
19603568,Esposito V,2
19603568,Romano AS,3
19603568,Rossi VC,4
19603568,Russo MJ,5
19603568,Bianchi NB,6
65967692,Fournier DH,1
65967692,Bertrand AC,2
65967692,Petit B,3
65967692,Roux TT,4
65967692,Bonnet K,5
65967692,Vincent VF,6
65967692,Mercier MR,7
65967692,Mercier D,8
65967692,Roux LH,9
65967692,Simon SF,10
65967692,Michel T,11
65967692,Bernard AY,12
68610706,Zhao G,1
68610706,Liu AA,2
68610706,Wang F,3
68610706,Huang L,4
68610706,Lin R,5
68610706,Wu S,6
16014824,Ricci H,1
16014824,Greco F,2
16014824,Murphy S,3
16014824,Romano H,4
16014824,Gallo R,5
87252759,Davis N,1
87252759,Clark Y,2
87252759,Thomas MT,3
61151616,Walsh AC,1
61151616,Walsh M,2
61151616,Lee V,3
27156442,David RJ,1
27156442,King J,2
27156442,Michel KD,3
83810192,Tanaka N,1
83810192,Sato HA,2
83810192,Suzuki VJ,3
83810192,Sato S,4
83810192,Sato ME,5
11876237,Pereira S,1
11876237,O'Brien AT,2
11876237,Thompson T,3
11876237,Lewis YG,4
11876237,Murphy J,5
11876237,Murphy K,6
11876237,King F,7
38894702,Sato ME,1
77743608,Cooper H,1
77743608,Hughes A,2
77743608,Edwards C,3
77743608,Ward T,4
77743608,Ward GJ,5
94571868,Mercier B,1
94571868,Garcia DB,2
94571868,Girard C,3
94571868,Girard GT,4
16875079,Maes HT,1
16875079,Janssens E,2
16875079,Maes B,3
16875079,Janssens R,4
16875079,Goossens F,5
16875079,Ferrari L,6
16875079,Meier MT,7
16875079,Claes CY,8
16875079,Maes R,9
16875079,Peeters BF,10
42481509,Jung FV,1
42481509,Lim C,2
42481509,Han B,3
42481509,Yoon DK,4
42481509,Ferrari H,5
42481509,Kang HP,6
42481509,Park C,7
42481509,Jang B,8
26569467,Lavoie V,1
26569467,Roy DD,2
26569467,Cote KY,3
26569467,Gauthier JN,4
20302699,Roy C,1
20302699,Lavoie HT,2
20302699,Cote D,3
20302699,Roy P,4
20302699,Gagne CS,5
20302699,Cote M,6
32522633,Greco S,1
32522633,Bianchi GP,2
32522633,Bruno A,3
32522633,Marino E,4
32522633,Esposito G,5
32522633,Rossi CC,6
32522633,Russo DN,7
46934724,Diaz B,1
46934724,Gomez YN,2
46934724,Perez V,3
46934724,Fernandez M,4
46934724,Gomez J,5
46934724,Watanabe Y,6
46934724,Gonzalez LC,7
46934724,Moreno FK,8
78166099,Cote V,1
78166099,Hosseini CN,2
78166099,Rezaei KN,3
15499736,Gagnon K,1
15499736,Campbell EJ,2
15499736,Fortin B,3
15499736,Cote M,4
15499736,Morin HH,5
73638622,Anderson RY,1
73638622,Young FG,2
73638622,White VJ,3
73638622,Wilson RF,4
73638622,Taylor HM,5
73638622,Johnson SR,6
73638622,Harris R,7
78351370,Johansson F,1
78351370,Johansson A,2
78351370,Olsson S,3
78351370,Johansson P,4
75810834,Xu KR,1
75810834,Guo P,2
75810834,He JS,3
75810834,Wu S,4
34223432,Wisniewski H,1
34223432,Fischer T,2
34223432,Weber A,3
34223432,Schmidt JA,4
76914772,Diaz P,1
76914772,Lavoie C,2
76914772,Fernandez J,3
76914772,Ruiz S,4
99248484,Willems H,1
99248484,Kim GR,2
99248484,Mertens GM,3
89595738,Wojcik M,1
89595738,Lewandowski TH,2
89595738,Kaminski GS,3
89595738,Kaminski FT,4
89595738,Wojcik T,5
49150422,Garcia E,1
49150422,Blanc L,2
49150422,Jansen K,3
49150422,Fournier R,4
63363127,David F,1
63363127,Mercier F,2
63363127,Leroy SH,3
63363127,Bernard FF,4
59044685,Suzuki L,1
59044685,Kobayashi FN,2
59044685,Watanabe EC,3
59044685,Yoshida FK,4
59044685,Sato H,5
59044685,Suzuki M,6
59044685,Sato VN,7
59044685,Sato P,8
59044685,Ito GB,9
59044685,Ito YH,10
59044685,Sato S,11
59044685,Sato ME,12
38479236,Yoshida E,1
38479236,Kato R,2
38479236,Yamada G,3
38479236,Yoshida P,4
38479236,Tanaka V,5
38479236,Suzuki T,6
38479236,Takahashi D,7
38479236,Takahashi SH,8
83172842,Klein KV,1
83172842,Rodrigues KY,2
83172842,Nascimento MD,3
83172842,Costa DH,4
83172842,Costa K,5
83172842,Pereira S,6
52603480,Willems MK,1
52603480,Nakamura HS,2
52603480,Kobayashi CK,3
52603480,Tanaka PT,4
52603480,Nakamura K,5
52603480,Ito P,6
66197520,Kaminski AR,1
66197520,Kowalczyk T,2
66197520,Kowalski FR,3
39979211,Xu MV,1
39979211,Li GK,2
39979211,Li YH,3
39979211,Guo C,4
39979211,Huang JJ,5
39979211,Wu GH,6
39979211,Li LY,7
39979211,Chen BE,8
39979211,Hu JN,9
39979211,Zhang VY,10
71146162,Schmid AS,1
71146162,Meijer Y,2
71146162,Bakker FM,3
71146162,Meijer TV,4
71146162,Bakker L,5
71146162,Bos GK,6
64765861,Russo DN,1
64765861,Bernard DL,2
64765861,Colombo R,3
64765861,Esposito M,4
64765861,Ricci V,5
64765861,Gallo R,6
27658620,Sharma G,1
27658620,Gupta M,2
47608832,Suzuki K,1
47608832,Yamada CL,2
47608832,Fournier J,3
47608832,Sato ME,4
50405501,Meier L,1
50405501,Gerber M,2
50405501,Steiner M,3
50405501,Steiner C,4
50405501,Weber SC,5
50405501,Gerber CP,6
74039225,Brown B,1
74039225,Anderson A,2
74039225,Davis R,3
74039225,Harris NM,4
74039225,Davis B,5
56313624,Karlsson KM,1
56313624,Johansson P,2
48712757,Anderson FY,1
48712757,Becker C,2
48712757,Scott N,3
48712757,Allen D,4
31880762,Walker TB,1
31880762,Walker G,2
31880762,Wilson V,3
47391444,Thomas S,1
33890494,Baker D,1
33890494,Anderson VN,2
33890494,Thomas PL,3
80963401,Santos L,1
80963401,Mitchell G,2
80963401,Gerber S,3
80963401,Walsh C,4
80963401,Rezaei N,5
80963401,King F,6
99891487,Gauthier H,1
99891487,Gagnon YK,2
99891487,Bouchard J,3
99891487,MacDonald R,4
99891487,Gauthier JN,5
41086461,Lin T,1
41086461,Zielinski J,2
41086461,Sun B,3
83993107,Anderson V,1
83993107,Thomas AA,2
83993107,Smith R,3
56584971,de Jong P,1
56584971,Jansen NV,2
56584971,de Boer N,3
56584971,Jansen E,4
56584971,Meijer Y,5
82216606,Tanaka K,1
82216606,Suzuki BV,2
82216606,Ito C,3
82216606,Kobayashi AA,4
82216606,Takahashi E,5
82216606,Suzuki M,6
82216606,Watanabe N,7
87347396,Ahmadi EK,1
87347396,Mohammadi SN,2
87347396,Moradi YH,3
87347396,Jafari A,4
50783583,Rodrigues MH,1
50783583,Costa T,2
50783583,Karimi FE,3
50783583,Souza Y,4
50783583,Oliveira H,5
50783583,Silva TY,6
17413515,Costa DH,1
17413515,Silva D,2
17413515,Silva TY,3
17413515,Rodrigues J,4
10456811,Jacobs A,1
10456811,Jacobs V,2
10456811,Peeters P,3
10456811,Willems MK,4
68817601,Silva R,1
68817601,Silva YE,2
68817601,Souza TL,3
68817601,Almeida A,4
68817601,Oliveira J,5
68817601,Costa C,6
68817601,Pereira LV,7
40826604,Schulz VS,1
40826604,Fischer NF,2
76541931,Iyer V,1
76541931,Singh R,2
76541931,Gupta F,3
98070285,Rodrigues E,1
98070285,Souza T,2
98070285,Lima KK,3
98070285,Rodrigues J,4
98070285,Costa L,5
55326788,Morris V,1
55326788,Wood KA,2
55326788,Hall Y,3
55326788,Ward GJ,4
58047222,Baker C,1
58047222,Lewis B,2
58047222,Davis BK,3
58047222,Walker F,4
58047222,Scott P,5
52127094,White N,1
52127094,Clark TF,2
52127094,Smith J,3
52127094,Thomas S,4
90754411,Xu P,1
90754411,Li N,2
90754411,Ma ET,3
60010621,Esposito J,1
60010621,Schmid AS,2
60010621,Fernandez DD,3
60010621,Keller Y,4
60010621,Gerber CE,5
60010621,Schmid CB,6
60010621,Huber Y,7
60010621,Steiner N,8
60010621,Gerber DH,9
60010621,Gerber V,10
16471938,Kaminski F,1
16471938,Zielinski GN,2
16471938,Kowalski B,3
16471938,Nowak V,4
16471938,Nowak J,5
26925545,Yoshida E,1
26925545,Nakamura F,2
26925545,Takahashi SH,3
44324768,Sanchez S,1
44324768,Wolf F,2
44324768,Ruiz AR,3
44324768,Lopez JE,4
44324768,Rodriguez KB,5
44324768,Martinez G,6
70926434,Kowalski B,1
70926434,Zielinski M,2
70926434,Zielinski R,3
70926434,Kowalski TV,4
70926434,Kowalczyk LT,5
70926434,Wojcik N,6
70926434,Lewandowski Y,7
70926434,Nowak J,8
26561165,Campbell V,1
26561165,Bouchard L,2
26561165,Cote D,3
26561165,Morin G,4
57192574,Huang FA,1
57192574,Huang T,2
57192574,Zhang Y,3
57192574,Liu G,4
57192574,Hu AD,5
57192574,He P,6
79723255,Huber C,1
79723255,Gerber T,2
79723255,Schmid E,3
79723255,Schmid S,4
79723255,Persson B,5
79723255,Steiner N,6
79723255,Schmid KJ,7
79723255,Meier DK,8
79723255,Keller D,9
79723255,Keller H,10
79723255,Schulz P,11
79723255,Meier S,12
34253102,Thomas V,1
34253102,Wright V,2
34253102,Allen S,3
34253102,Anderson F,4
34253102,Taylor LT,5
34253102,Wilson A,6
34253102,Baker P,7
34253102,Taylor MY,8
47071784,Xu P,1
47071784,Lin A,2
47071784,Guo N,3
47071784,Zhu R,4
53800039,Schulz KT,1
53800039,Klein S,2
53800039,Schulz MN,3
53800039,Schneider SV,4
53800039,Schmidt SP,5
53800039,Fischer H,6
74030605,Martin N,1
74030605,Simon KR,2
74030605,Laurent MA,3
74030605,Bertrand H,4
74030605,Laurent TF,5
13619469,Laurent MA,1
13619469,Petit NK,2
13619469,David K,3
13619469,Bertrand TD,4
13619469,Vincent G,5
13619469,Lefebvre H,6
13619469,Simon N,7
38805194,Anderson BH,1
38805194,Lewis BB,2
38805194,Moore K,3
38805194,Thomas PL,4
76249147,Roux T,1
76249147,Moreau A,2
76249147,Laurent LT,3
76249147,Mercier F,4
76249147,Bernard FF,5
30828334,Becker F,1
30828334,Bernard EM,2
30828334,Schneider SV,3
30828334,Becker H,4
30828334,Schneider V,5
30828334,Wolf F,6
35261365,Meier DK,1
35261365,Keller H,2
35261365,Steiner NA,3
35261365,Esposito CM,4
35261365,Meier S,5
14021095,Jackson A,1
14021095,de Jong C,2
14021095,Gerber AB,3
14021095,Weber R,4
14021095,Gerber DH,5
26561510,Fernandez J,1
26561510,Rodriguez HF,2
26561510,Gonzalez B,3
26561510,Ruiz FL,4
72061215,Lin R,1
72061215,Yang T,2
72061215,Li C,3
72061215,Guo R,4
72061215,Huang L,5
72061215,Guo T,6
72061215,Wang F,7
72061215,Goossens C,8
72061215,Huang CA,9
72061215,Wu S,10
34858064,Johnson S,1
34858064,Walker N,2
34858064,Romano C,3
34858064,Wright MM,4
34858064,Brown S,5
34858064,Anderson D,6
34858064,Smith R,7
25430454,Liu P,1
25430454,Zhu VK,2
25430454,Wang R,3
25430454,Sun J,4
25430454,Guo CS,5
25430454,He J,6
25430454,Guo KP,7
25430454,Guo NH,8
28965204,Martinez SA,1
28965204,Lopez JE,2
28965204,Ruiz FL,3
28965204,Sanchez S,4
28965204,Martinez G,5
58981091,van Dijk E,1
58981091,van den Berg D,2
58981091,Meijer D,3
58981091,Meijer LP,4
58981091,van Dijk B,5
58981091,Bakker A,6
25174312,Walsh P,1
25174312,Murphy J,2
25174312,King F,3
51553168,Allen H,1
51553168,Davis EK,2
39095996,Durand B,1
39095996,Johnson L,2
39095996,Johnson DP,3
24263452,Ricci RP,1
82540697,Joshi H,1
82540697,Rossi H,2
82540697,Patel JY,3
82540697,Joshi V,4
82540697,Nair G,5
82540697,Joshi J,6
82540697,Sharma C,7
82540697,Gupta EY,8
12412512,Clark ET,1
12412512,Anderson KB,2
12412512,Brown R,3
12412512,Johnson N,4
12412512,Harris NM,5
26341742,Hosseini V,1
26341742,Karimi A,2
26341742,Ahmadi PM,3
26341742,Mohammadi CE,4
60375488,Ma ET,1
60375488,Liu C,2
60375488,Sun B,3
14221418,Yilmaz P,1
14221418,Yilmaz NL,2
14221418,Aydin AS,3
14221418,Sahin P,4
14221418,Scott P,5
14221418,Celik K,6
14221418,Yilmaz D,7
14221418,Ozturk H,8
63013014,Ahmadi D,1
63013014,Mohammadi P,2
63013014,Jafari A,3
60087179,Huber Y,1
60087179,Schmid AS,2
60087179,Meier M,3
60087179,Weber KF,4
60087179,Gerber J,5
60087179,Gerber V,6
68459340,Nowak J,1
68459340,Kowalski TV,2
68459340,Wojcik C,3
68459340,Kowalczyk T,4
68459340,Kowalski FR,5
61151991,Wolf J,1
61151991,Yoon DK,2
61151991,Fournier R,3
61151991,Schulz TR,4
61151991,Weber M,5
61151991,Schneider PL,6
25317335,Brown MM,1
25317335,Young CM,2
25317335,Young RH,3
25317335,Allen V,4
25317335,Allen RM,5
23251537,Han V,1
23251537,Jung H,2
23251537,Han PS,3
68951564,Mohammadi C,1
68951564,Rezaei HV,2
68951564,Ahmadi AP,3
68951564,Hosseini V,4
68951564,Ahmadi L,5
68951564,Mohammadi G,6
52384540,Jansen AH,1
52384540,Bakker A,2
48930725,Richter SV,1
48930725,Ward Y,2
48930725,Becker S,3
48930725,Klein A,4
48930725,Schmidt F,5
48930725,Wolf GY,6
48930725,Koch N,7
48930725,Schneider PL,8
78790073,Bruno N,1
78790073,Wisniewski N,2
78790073,Esposito R,3
78790073,Marino A,4
78790073,Romano AS,5
78790073,Esposito J,6
78790073,Rossi H,7
68851138,Jacobs R,1
68851138,Peeters T,2
68851138,Maes R,3
68851138,Peeters M,4
68851138,Goossens G,5
68851138,Mertens K,6
68851138,Peeters BF,7
81670882,Gallo FC,1
81670882,Ricci T,2
81670882,Ferrari H,3
81670882,Ito P,4
81670882,Colombo L,5
50789330,Roux D,1
50789330,Simon D,2
50789330,Petit NK,3
50789330,Simon N,4
75147928,Goossens F,1
75147928,Jacobs S,2
75147928,Mertens M,3
75147928,Jacobs T,4
78821116,Schulz D,1
78821116,Mueller EA,2
78821116,Schulz JA,3
78821116,Mueller L,4
78821116,Koch H,5
78821116,Richter AB,6
64605114,Wilson A,1
64605114,Smith H,2
64605114,Anderson RY,3
85919907,Ruiz AR,1
85919907,Fernandez N,2
85919907,Alvarez M,3
85919907,Martinez G,4
30191273,Sanchez T,1
30191273,Gonzalez GS,2
30191273,Fernandez JB,3
30191273,Alvarez K,4
30191273,Rodriguez HF,5
30191273,Ruiz FL,6
26665484,Petit D,1
26665484,Simon NJ,2
26665484,Fournier DH,3
26665484,Mercier E,4
26665484,Simon F,5
92233094,Kang F,1
92233094,Jang BD,2
92233094,Kim V,3
92233094,Lopez P,4
92233094,Kang BV,5
92233094,Han PS,6
33152503,Huber A,1
33152503,Meier Y,2
33152503,Mueller RY,3
33152503,Gerber DH,4
47130709,Walker A,1
47130709,Davis H,2
34006809,Kim C,1
34006809,Jang Y,2
34006809,Han V,3
34006809,Han PS,4
82461974,Reddy S,1
82461974,Sharma DJ,2
82461974,Rao TK,3
82461974,Kumar M,4
82461974,Nair T,5
82461974,Patel Y,6
82461974,Rao Y,7
82461974,Iyer FD,8
82461974,Gupta JA,9
82461974,Gupta M,10
82461974,Sharma G,11
82461974,Patel B,12
99218165,Schmidt JA,1
93274162,Lavoie P,1
93274162,Tremblay Y,2
93274162,Tremblay KV,3
93274162,Fortin B,4
93274162,Fortin SV,5
93274162,Gagnon YK,6
93274162,Fortin K,7
93274162,Morin A,8
93274162,Gagne VE,9
93274162,Bouchard PC,10
19224896,Hoffmann S,1
19224896,Sahin N,2
19224896,Demir C,3
19224896,Meier S,4
19224896,Sahin FB,5
19224896,Ozturk JC,6
19224896,Yildiz BJ,7
19224896,Yilmaz S,8
79509312,Young D,1
79509312,Moore L,2
79509312,Thomas MT,3
79509312,Lewis LR,4
79509312,Young M,5
79509312,Davis M,6
60540042,Bernard F,1
60540042,Durand H,2
60540042,Lefebvre DJ,3
24244761,Ricci B,1
24244761,Marino GD,2
24244761,Russo MJ,3
24244761,Bruno SN,4
24244761,Rossi VC,5
24244761,Ricci R,6
24244761,Bruno BK,7
24244761,Colombo LR,8
24244761,Russo P,9
24244761,Bianchi NB,10
22185094,Li N,1
22185094,Liu RJ,2
22185094,Hu T,3
48111292,Vincent P,1
48111292,Durand A,2
48111292,Michel C,3
48111292,Leroy H,4
48111292,Schmidt JA,5
48111292,Leroy SH,6
48111292,Maes M,7
48111292,Laurent TF,8
46663433,Nowak AG,1
46663433,Iyer MT,2
46663433,Zielinski B,3
46663433,Zielinski GN,4
46663433,Kowalski FR,5
37832572,Kowalski LG,1
37832572,White LE,2
37832572,Scott A,3
37832572,Lewis FR,4
70863295,Scott RH,1
70863295,Johnson AE,2
70863295,Allen S,3
70863295,Lewis Y,4
70863295,Lewis YG,5
70863295,Taylor MY,6
43690841,Nascimento JJ,1
43690841,Hill J,2
43690841,Evans YY,3
43690841,Willems G,4
43690841,Ward A,5
43690841,Hughes N,6
82958786,Maes A,1
82958786,Jacobs A,2
82958786,Janssens LD,3
82958786,Willems MK,4
26679942,Roy JR,1
26679942,Morin HH,2
26679942,Morin G,3
51009206,Young FG,1
51009206,Brown V,2
51009206,Wilson RF,3
51009206,Harris R,4
14436247,Walker AG,1
14436247,Walker L,2
14436247,Miller J,3
14436247,Harris DD,4
27713582,Roberts PN,1
27713582,Hughes V,2
27713582,Cooper D,3
27713582,Morris A,4
27713582,Hill C,5
89856038,Hoffmann F,1
89856038,Richter D,2
89856038,Richter G,3
89856038,Meyer D,4
89856038,Becker V,5
89856038,Wolf J,6
89856038,Schmidt JA,7
86281501,Thompson Y,1
86281501,Ryan N,2
86281501,Thompson E,3
86281501,Murphy HH,4
86281501,Lee V,5
51279857,Fernandez J,1
51279857,Moreno F,2
51279857,Ruiz S,3
19428818,Jacobs A,1
19428818,Fernandez PL,2
19428818,Gonzalez R,3
19428818,Fernandez V,4
19428818,Perez S,5
19428818,Gonzalez HB,6
19428818,Martinez SA,7
36258188,Zielinski GN,1
36258188,Lewandowski PJ,2
36258188,Kowalski B,3
36258188,Kaminski BT,4
36258188,Moreno D,5
36258188,Wisniewski N,6
36258188,Nowak J,7
44949251,Laurent J,1
44949251,Durand V,2
44949251,Petit P,3
44949251,Simon KR,4
44949251,Simon NJ,5
99089807,Bianchi NB,1
99089807,Walker BN,2
99089807,Scott AK,3
99089807,Johnson DP,4
37315218,Hosseini P,1
37315218,Ahmadi AP,2
37315218,Hosseini G,3
37315218,Mohammadi G,4
34735961,Pereira M,1
34735961,Sato T,2
34735961,Yamamoto FR,3
34735961,Ito V,4
34735961,Sato P,5
34735961,Yamamoto DJ,6
34735961,Yamamoto MK,7
34735961,Tanaka N,8
69098764,Petit H,1
69098764,Petit NK,2
69098764,Martin D,3
69098764,Martin TM,4
69098764,Richter R,5
69098764,Moreau NV,6
69098764,Bernard DL,7
41260107,Rahimi AT,1
41260107,Jafari A,2
41260107,Mohammadi G,3
30382659,Roy DD,1
30382659,Jafari PB,2
30382659,Karimi SK,3
30382659,Rezaei DE,4
30382659,Karimi A,5
30382659,Mohammadi CE,6
95576545,Perez R,1
95576545,Perez G,2
95576545,Ruiz F,3
95576545,Gonzalez A,4
95576545,Alvarez L,5
95576545,Gomez DD,6
95576545,Ruiz FL,7
92748320,Allen H,1
92748320,Wright GF,2
92748320,Scott JY,3
92748320,Clark TF,4
92748320,Wilson F,5
92748320,Anderson HR,6
92748320,Jackson L,7
92748320,Davis EK,8
90714035,Wang B,1
90714035,Xu V,2
90714035,Sun B,3
64150442,Yoshida H,1
64150442,Yamamoto KP,2
64150442,Tanaka L,3
64150442,Takahashi MS,4
64150442,Sato P,5
45532264,Joshi V,1
45532264,Sharma HA,2
45532264,Gupta EY,3
49682138,Scott RH,1
49682138,Nowak AG,2
49682138,Davis EK,3
23646368,Fernandez DD,1
23646368,Ruiz AR,2
23646368,Martinez D,3
23646368,Martinez G,4
53227143,Yamada L,1
53227143,Watanabe Y,2
53227143,Kato EL,3
53227143,Yamamoto KP,4
53227143,Sato P,5
72728289,Russo T,1
72728289,Bianchi C,2
72728289,Ricci RP,3
47189109,Hill MG,1
47189109,Wood GE,2
47189109,Edwards GS,3
33991674,Martin L,1
33991674,Thomas PL,2
33991674,Michel K,3
33991674,Bernard B,4
33991674,Bonnet A,5
33991674,Petit D,6
41665573,Nascimento MD,1
41665573,Lima K,2
41665573,Gerber V,3
41665573,Costa K,4
41665573,Santos S,5
41665573,Thomas MT,6
41665573,Lima A,7
41665573,Pereira S,8
31842281,Yildiz M,1
31842281,Sahin FB,2
31842281,Celik M,3
31842281,King P,4
31842281,Kaya E,5
31842281,Celik G,6
31842281,Suzuki PP,7
31842281,Yilmaz A,8
31842281,Yilmaz RD,9
31842281,Kaya K,10
87856160,Wagner V,1
87856160,Mueller L,2
87856160,Richter AB,3
95189605,Steiner M,1
95189605,Weber LK,2
95189605,Steiner C,3
95189605,Meier S,4
95189605,Kang HP,5
95189605,Keller LB,6
95189605,van Dijk A,7
95189605,Keller M,8
95189605,Steiner T,9
95189605,Schmid J,10
95189605,Steiner HC,11
95189605,Gerber CP,12
12836605,Fournier DH,1
12836605,Leroy G,2
12836605,Laurent G,3
12836605,Bernard AE,4
12836605,Petit Y,5
12836605,Simon F,6
66998890,Miller T,1
66998890,Smith L,2
66998890,Scott Y,3
66998890,Allen D,4
54442687,Almeida BD,1
54442687,Souza T,2
54442687,Meijer Y,3
54442687,Rodrigues E,4
54442687,Costa L,5
37971419,Hall Y,1
37971419,Hill T,2
37971419,Hill S,3
37971419,Roberts H,4
37971419,Cooper B,5
37971419,Green SH,6
24552775,Willems MK,1
24552775,Nair G,2
24552775,Karimi C,3
24552775,Mohammadi CE,4
75841429,Sato T,1
75841429,Yoshida J,2
75841429,Kobayashi P,3
75841429,Yamamoto MK,4
75841429,Yoshida P,5
75841429,Tanaka N,6
67534183,Thomas PL,1
32602619,Ward T,1
32602619,Hall HA,2
32602619,Ward GJ,3
32632429,Allen J,1
32632429,Wilson V,2
32632429,Wilson HA,3
32632429,Johnson M,4
32632429,Smith S,5
32632429,Lewis YG,6
80468108,Watanabe P,1
80468108,Watanabe MG,2
80468108,Suzuki P,3
80468108,Suzuki D,4
80468108,Sato B,5
41423335,Zhang VY,1
70446257,Taylor MY,1
70446257,Wilson R,2
70446257,Taylor SB,3
70446257,Brown YE,4
70446257,Wright M,5
70446257,van den Berg P,6
70446257,Clark MG,7
70446257,Johnson M,8
70446257,Anderson R,9
70446257,Allen PD,10
70446257,Walker BT,11
70446257,Lewis FM,12
84935729,Takahashi H,1
84935729,Yoshida P,2
84935729,Watanabe B,3
84935729,Yamamoto K,4
84935729,Suzuki PP,5
84935729,Ito P,6
79378642,Aydin MD,1
79378642,Yildiz BJ,2
79378642,Aydin V,3
79378642,Sahin FB,4
42164279,Schmidt F,1
42164279,Fischer R,2
42164279,Mueller L,3
42164279,Meyer E,4
42164279,Schneider YH,5
42164279,Schneider H,6
42164279,Mueller D,7
42164279,Richter G,8
42164279,Klein HY,9
42164279,Richter D,10
42164279,Roberts T,11
42164279,Weber Y,12
50355743,van Dijk T,1
50355743,de Vries AN,2
87378492,Kowalski TV,1
87378492,Wojcik S,2
87378492,Kowalczyk LT,3
87378492,Lewandowski Y,4
87378492,Nowak J,5
88371123,Campbell Y,1
88371123,Fortin TF,2
88371123,Gauthier V,3
88371123,Gauthier JN,4
18070606,Fischer H,1
72741051,Colombo H,1
72741051,Colombo RH,2
72741051,Romano G,3
72741051,Rossi H,4
72741051,Colombo LR,5
72741051,Rossi VC,6
72741051,Bianchi NB,7
91352652,Moreno G,1
91352652,Perez V,2
91352652,Gonzalez D,3
91352652,Ruiz FL,4
91352652,Fernandez M,5
91352652,Moreno FK,6
89177128,Anderson KB,1
89177128,Young V,2
89177128,Davis NR,3
89177128,Baker Y,4
89177128,Harris NM,5
48183382,Walker BN,1
48183382,Clark T,2
48183382,Scott P,3
16174906,Jackson KB,1
16174906,Walker A,2
16174906,Miller E,3
16174906,Taylor PM,4
16174906,Baker AL,5
16174906,Wright TM,6
16174906,Davis H,7
86584239,He C,1
86584239,Xu HB,2
86584239,Zhang V,3
86584239,Zhang R,4
86584239,Yang PR,5
15757037,Johnson L,1
15757037,Harris B,2
15757037,Taylor G,3
15757037,Moore C,4
15757037,Lewis S,5
15757037,Taylor P,6
15757037,Walker J,7
15757037,Anderson K,8
15757037,Thomas S,9
15757037,Johnson DP,10
58532891,Wright LG,1
58532891,Taylor DV,2
58532891,White CG,3
57778414,Rodriguez A,1
57778414,Lima KP,2
57778414,Lopez F,3
57778414,Rodriguez H,4
57778414,Ruiz S,5
63924063,Huang L,1
63924063,Zhao KV,2
63924063,Zhao M,3
63924063,Zhu S,4
63924063,Zhao G,5
63924063,de Jong B,6
63924063,Ma EV,7
55328012,Ward YB,1
55328012,Cote V,2
55328012,Hall Y,3
55328012,Edwards GS,4
57434526,Bertrand V,1
57434526,Bertrand K,2
57434526,Vincent G,3
57434526,Blanc T,4
16376226,Zhu E,1
16376226,Zhou F,2
16376226,Li RR,3
16376226,Hu NG,4
16376226,Hu HM,5
99403813,Turner N,1
99403813,Evans YY,2
99403813,Edwards GS,3
99403813,Roberts B,4
99403813,Green SH,5
51058869,Schmid CB,1
51058869,Park C,2
51058869,Jang B,3
92823561,Murphy VG,1
92823561,Kelly L,2
92823561,Mohammadi G,3
92823561,Kelly K,4
92823561,Murphy H,5
92823561,Thompson SL,6
92823561,Lee V,7
92408691,Green H,1
92408691,Wood L,2
92408691,Turner Y,3
39781054,Turner K,1
39781054,Edwards TE,2
39781054,Hill V,3
39781054,Hughes N,4
43262331,Mercier J,1
43262331,Leroy A,2
43262331,Laurent V,3
43262331,Vincent Y,4
43262331,Durand A,5
74786338,Walsh YD,1
74786338,Lee R,2
74786338,King BM,3
74786338,King C,4
74786338,Robinson LC,5
74786338,Lee C,6
74786338,Kelly G,7
74786338,Gagne R,8
74786338,O'Brien FB,9
74786338,King J,10
42959482,Steiner C,1
42959482,Keller P,2
42959482,Keller JK,3
42959482,Steiner R,4
42959482,Steiner BJ,5
42959482,Gerber M,6
42959482,Gerber T,7
42959482,Gerber CP,8
79891852,Iyer YK,1
79891852,Allen H,2
79891852,Yilmaz L,3
79891852,Clark Y,4
79891852,Karimi B,5
79891852,Thomas MT,6
26944053,Weber F,1
26944053,Schulz C,2
26944053,Wagner L,3
26944053,Fischer H,4
26417005,Guo E,1
69122197,Anderson F,1
69122197,Kelly B,2
69122197,Moore L,3
69122197,Baker J,4
69122197,Scott PS,5
69122197,Taylor PM,6
69122197,Smith BE,7
69122197,Scott Y,8
69122197,Walker TB,9
69122197,Allen D,10
34048695,Roux T,1
34048695,Bernard FF,2
69913117,Murphy YF,1
69913117,Lee FR,2
69913117,King J,3
19945088,Rodriguez KB,1
19945088,Fernandez J,2
19945088,Ruiz AR,3
19945088,Ruiz M,4
19945088,Lopez JE,5
19945088,Jung V,6
19945088,Rodriguez N,7
19945088,Martinez G,8
94337013,Sharma M,1
94337013,Sharma EH,2
94337013,Joshi T,3
94337013,Singh K,4
94337013,Rao DH,5
94337013,Gupta F,6
13498408,Davis B,1
13498408,Miller J,2
13498408,Smit J,3
13498408,Clark DT,4
13498408,Harris DD,5
90042328,Almeida BD,1
90042328,Rodrigues E,2
90042328,Lima KK,3
90042328,Souza T,4
90042328,Wu S,5
90042328,Costa L,6
78971098,Lavoie AS,1
78971098,Fortin DH,2
78971098,Bouchard BV,3
78971098,Roy PN,4
78971098,Gauthier P,5
78971098,Gagne SN,6
78971098,Roy P,7
78971098,Cote M,8
28324029,Wojcik S,1
28324029,Kaminski A,2
28324029,Nowak J,3
46942633,Hill MG,1
46942633,Hughes A,2
46942633,Williams VG,3
46942633,Cooper N,4
46942633,Ward GJ,5
93854968,Weber L,1
93854968,Meyer Y,2
93854968,Fischer NF,3
36645825,Russo BD,1
36645825,Gallo R,2
14081930,Joshi V,1
14081930,Patel JY,2
14081930,Sharma EH,3
14081930,Gupta EY,4
89637472,Hill J,1
89637472,Wood DM,2
89637472,Hill MG,3
89637472,Green K,4
89637472,Kato G,5
89637472,Hughes N,6
90099701,Mitchell YN,1
90099701,Watanabe MG,2
90099701,Liu AA,3
90099701,Takahashi SH,4
90099701,Yang D,5
90099701,Sato P,6
90099701,Kato DL,7
90099701,Sato B,8
91070118,Demir M,1
91070118,Ozturk L,2
91070118,Yilmaz S,3
52999604,Bruno N,1
52999604,Greco F,2
52999604,Ferrari YL,3
52999604,Esposito NL,4
52999604,Gallo R,5
71461080,Zhao M,1
71461080,Hu NG,2
71461080,Hu JN,3
71461080,Xu KR,4
71461080,Zhang VY,5
72954773,Koch L,1
72954773,Fischer T,2
72954773,Mueller T,3
72954773,Fischer H,4
28503159,Blanc YN,1
28503159,Mercier S,2
28503159,Bernard AY,3
28503159,Girard C,4
28503159,Roux P,5
28503159,Lefebvre F,6
28503159,Gagnon K,7
28503159,Mercier E,8
28503159,Greco M,9
28503159,Girard GT,10
58323366,Durand FV,1
58323366,Blanc JB,2
58323366,Petit K,3
58323366,Fournier KE,4
58323366,Moreau NV,5
58323366,Bernard MN,6
58323366,Bernard DL,7
60368208,Allen H,1
60368208,Moore F,2
60368208,Scott RH,3
60368208,Walker S,4
60368208,Allen D,5
60368208,Davis EK,6
70179931,Hill G,1
70179931,Hughes HJ,2
93717265,Harris R,1
93717265,Nowak BP,2
93717265,Kowalski B,3
93717265,Wojcik C,4
93717265,Kaminski BT,5
93717265,Nowak J,6
75625350,Nascimento BA,1
75625350,Silva H,2
75625350,Fortin M,3
75625350,Nascimento D,4
75625350,Almeida B,5
75625350,Nascimento BT,6
75625350,Lima A,7
75625350,Silva N,8
75625350,Nascimento YG,9
75625350,Pereira S,10
89466184,Demir A,1
89466184,Yilmaz S,2
80888792,Wilson HG,1
80888792,Anderson E,2
80888792,Clark TF,3
80888792,Scott A,4
80888792,Clark DG,5
80888792,Thomas S,6
43576125,Huber C,1
43576125,Lopez H,2
43576125,Gerber T,3
43576125,Huber KA,4
43576125,Meier R,5
43576125,Gerber DH,6
70494233,Kang LT,1
91819876,Aydin AS,1
91819876,Ozturk LB,2
91819876,Kaya G,3
91819876,Yamamoto VD,4
91819876,Ozturk H,5
51288246,Girard P,1
51288246,Girard V,2
51288246,Fournier R,3
55257655,Kowalski TV,1
55257655,Wojcik C,2
55257655,Kaminski AR,3
55257655,Lewandowski TH,4
55257655,Wojcik N,5
55257655,Wojcik T,6
16724913,O'Brien AT,1
16724913,Thompson T,2
16724913,Murphy K,3
16724913,Mitchell GG,4
16724913,King F,5
72529030,Suzuki M,1
72529030,Yamamoto FR,2
72529030,Yoshida H,3
72529030,Yoshida SB,4
72529030,Takahashi G,5
72529030,Takahashi PV,6
72529030,Sato B,7
72529030,Takahashi MS,8
72529030,de Vries AN,9
72529030,Sato P,10
95806150,Yoon S,1
95806150,Jang BD,2
95806150,Kang BV,3
95806150,Han V,4
95806150,Jung V,5
95806150,Han JD,6
95806150,Han R,7
95806150,Jung E,8
95806150,Olsson TT,9
95806150,Han CP,10
95806150,Jang V,11
95806150,Han PS,12
69521272,Lim K,1
69521272,Jang AV,2
69521272,Han CP,3
69521272,Cho HB,4
69521272,Kang MN,5
69521272,Kang LT,6
63991368,Jones V,1
63991368,Evans YY,2
63991368,Edwards C,3
63991368,Hill T,4
72371400,Lopez JE,1
72371400,Ruiz AR,2
72371400,Smith N,3
72371400,Schmid Y,4
72371400,Martinez D,5
72371400,Fernandez B,6
72371400,Richter Y,7
72371400,Martinez G,8
95434627,Allen N,1
95434627,Wilson B,2
95434627,Clark PY,3
95434627,Thomas MT,4
91213005,Visser D,1
91213005,Visser S,2
91213005,Bakker FM,3
91213005,de Boer TD,4
91213005,Ruiz S,5
91213005,Bos GK,6
90464839,Miller J,1
90464839,Harris DD,2
92050361,Cooper R,1
92050361,Green G,2
92050361,Wood E,3
92050361,Turner Y,4
55279666,Bakker FM,1
55279666,Bos GK,2
89408458,Kumar PP,1
89408458,Gupta RR,2
89408458,Moreno YM,3
89408458,Singh M,4
89408458,Patel GG,5
89408458,Iyer YY,6
89408458,Reddy PF,7
89408458,Joshi T,8
89408458,Singh N,9
89408458,Sharma PK,10
89408458,Sharma C,11
89408458,Gupta M,12
13311954,Taylor K,1
13311954,Taylor PM,2
13311954,White T,3
13311954,Allen G,4
13311954,Harris CE,5
13311954,Taylor J,6
13311954,Davis H,7
97298732,Taylor AJ,1
97298732,Walker TB,2
98787065,Roy P,1
98787065,Gagnon D,2
98787065,Tremblay PR,3
98787065,Cote M,4
45559923,Zielinski J,1
45559923,Koch N,2
45559923,Weber G,3
45559923,Schneider PL,4
61555504,Takahashi HP,1
61555504,Sato VN,2
61555504,Watanabe N,3
10792337,de Boer VK,1
10792337,van den Berg B,2
10792337,van Dijk HH,3
10792337,Bakker L,4
10792337,Smit K,5
10792337,Meijer T,6
10792337,van den Berg V,7
10792337,van den Berg P,8
52559680,Hoffmann Y,1
52559680,Yildiz BJ,2
52559680,Fischer J,3
52559680,Richter Y,4
52559680,Schneider PL,5
52559680,Fischer PK,6
52559680,Meyer T,7
52559680,Schmidt SP,8
52559680,Schneider P,9
52559680,Wolf F,10
60129174,Janssens LD,1
60129174,Jacobs V,2
60129174,Willems MK,3
55511305,Mitchell S,1
55511305,Mitchell P,2
55511305,Kelly N,3
55511305,Lee P,4
55176909,Murphy VY,1
55176909,O'Brien F,2
55176909,O'Brien Y,3
23002332,Mueller C,1
23002332,Keller E,2
23002332,Huber Y,3
23002332,Huber KK,4
23002332,Weber HH,5
23002332,Steiner B,6
23002332,Gerber FL,7
23002332,Gerber V,8
35180826,Xu VT,1
35180826,Yang N,2
35180826,Lewandowski KV,3
35180826,Li A,4
35180826,Huang CA,5
35180826,Wu S,6
87178631,Nilsson SE,1
87178631,Johansson C,2
87178631,Nilsson KF,3
87178631,Eriksson T,4
87178631,Persson DF,5
87178631,Johansson P,6
45060827,Taylor HG,1
45060827,Smith H,2
45060827,Tremblay K,3
45060827,Harris DD,4
61467869,Jung S,1
61467869,Jung FV,2
61467869,Yoon F,3
61467869,Kim V,4
76772997,Klein B,1
76772997,Koch RC,2
76772997,Jafari V,3
76772997,Richter M,4
76772997,Wolf J,5
76772997,Mueller G,6
76772997,Hoffmann F,7
76772997,Schneider RY,8
76772997,Wolf YG,9
76772997,Schmidt JA,10
97299454,Guo CS,1
97299454,He MB,2
97299454,Guo KP,3
97299454,Wang R,4
97299454,Guo NH,5
28267863,Simon F,1
28267863,Simon VN,2
28267863,Petit H,3
28267863,Bernard MN,4
28267863,Bernard DL,5
73397399,Park N,1
73397399,Han PD,2
73397399,Han JD,3
73397399,Cote V,4
73397399,Park H,5
73397399,Jang BD,6
73397399,Kim A,7
73397399,Han PS,8
20515277,Lewis NL,1
20515277,Jackson KH,2
20515277,Walker TB,3
20515277,Allen KS,4
20515277,Anderson L,5
20515277,Brown K,6
20515277,Wilson V,7
37395790,Johnson DP,1
65487816,Lewis B,1
65487816,Wright A,2
65487816,Lewis YG,3
10374290,David T,1
10374290,Laurent LD,2
10374290,Bernard F,3
10374290,Lefebvre DJ,4
72841036,de Boer A,1
72841036,van Dijk CR,2
72841036,de Boer M,3
72841036,Greco F,4
72841036,van Dijk G,5
72841036,Smit D,6
55602872,Mueller B,1
55602872,Keller K,2
55602872,Weber LK,3
55602872,Nowak H,4
55602872,Gerber DH,5
57262855,Becker BN,1
57262855,Fischer J,2
57262855,Wolf F,3
18540163,Johansson C,1
18540163,Ryan T,2
18540163,Sahin P,3
18540163,Larsson FF,4
18540163,Johansson P,5
55549044,Williams J,1
55549044,Turner G,2
55549044,Hall H,3
55549044,Wood E,4
55549044,Green K,5
55549044,Turner Y,6
63358956,Huang C,1
63358956,Liu C,2
63358956,Wang YC,3
63358956,Ma AK,4
63358956,Guo E,5
69749785,Choi ES,1
69749785,Park T,2
69749785,Jung VS,3
86350508,Maes AF,1
86350508,Goossens TA,2
86350508,Claes NC,3
86350508,Claes N,4
86350508,Jacobs T,5
60959184,Peeters M,1
60959184,Goossens B,2
60959184,Maes K,3
60959184,Janssens S,4
60959184,Peeters G,5
60959184,Peeters BF,6
77539993,Diaz B,1
77539993,Ruiz AR,2
77539993,Rodriguez KB,3
77539993,Martinez D,4
77539993,Martinez G,5
50254581,Campbell P,1
50254581,Tremblay V,2
50254581,Roy P,3
50254581,Cote M,4
19319475,Moreau M,1
19319475,Laurent K,2
19319475,Leroy K,3
19319475,Blanc T,4
13957703,Schmidt P,1
13957703,Hoffmann R,2
13957703,Meyer G,3
13957703,Schneider D,4
13957703,Schulz D,5
13957703,Mueller MJ,6
98111985,Sharma PK,1
98111985,Iyer L,2
98111985,Joshi H,3
98111985,Nair A,4
98111985,Sharma T,5
58045432,Walsh T,1
58045432,Han M,2
58045432,Jung FV,3
58045432,Lim S,4
58045432,Han B,5
58045432,Cho H,6
58045432,Jang B,7
52375602,Liu CA,1
52375602,Zhang B,2
52375602,Zhu D,3
52375602,Chen PE,4
26442409,Moreno BA,1
26442409,Diaz C,2
68645646,Kobayashi CK,1
68645646,Watanabe J,2
68645646,Watanabe VR,3
68645646,Yamamoto MK,4
68645646,Sato T,5
68645646,Tanaka N,6
17801230,Fischer R,1
17801230,Klein HY,2
17801230,Yildiz GA,3
17801230,Weber Y,4
94165204,Klein M,1
94165204,Klein HY,2
94165204,Weber Y,3
65300701,Ito F,1
65300701,Klein S,2
65300701,Schulz DM,3
65300701,Meyer T,4
65300701,Mueller R,5
65300701,Schmidt JA,6
65300701,Wagner L,7
65300701,Fischer H,8
99121226,Liu AA,1
99121226,Zhang P,2
99121226,Huang CA,3
99121226,Zhao LY,4
99121226,Yang YY,5
99121226,Lin R,6
99121226,Wu GJ,7
99121226,Wu S,8
62098978,Fernandez J,1
62098978,Lopez F,2
62098978,Perez B,3
62098978,Gomez BY,4
62098978,Ruiz S,5
69711519,Gallo R,1
69711519,Greco F,2
69711519,Romano CB,3
69711519,Esposito J,4
16396655,Gerber CP,1
16396655,Ward T,2
16396655,Ward V,3
16396655,Ward GJ,4
10317185,Walsh AC,1
10317185,King C,2
10317185,King BM,3
10317185,O'Brien AT,4
10317185,Murphy G,5
10317185,O'Brien SM,6
10317185,Thompson VP,7
10317185,Walsh M,8
91984099,Lewis PA,1
91984099,Moore LG,2
91984099,Andersson S,3
91984099,Baker D,4
91984099,Baker RH,5
91984099,Thomas PL,6
48667561,Sharma T,1
32025605,Ryan J,1
32025605,Kelly A,2
32025605,Walsh L,3
32025605,Thompson SL,4
32025605,Lee V,5
67757773,Koch EF,1
67757773,Wolf YG,2
67757773,Mueller BL,3
67757773,Hoffmann F,4
67757773,Koch RC,5
67757773,Schmidt JA,6
54771124,Roy B,1
54771124,Hosseini L,2
54771124,Ahmadi AP,3
54771124,Thomas TS,4
54771124,Mohammadi G,5
98167902,Aydin K,1
98167902,Sahin FB,2
98167902,Colombo R,3
98167902,Yilmaz NL,4
98167902,Sahin B,5
98167902,Yilmaz S,6
98167902,Ozturk H,7
41368941,Wilson P,1
41368941,White LG,2
41368941,Young J,3
41368941,Moore L,4
41368941,Allen D,5
24910234,Lopez KJ,1
24910234,Fernandez VB,2
24910234,Lopez RC,3
24910234,Ruiz AR,4
24910234,Diaz G,5
24910234,Ryan E,6
24910234,Martinez G,7
17605974,Sharma DJ,1
17605974,Gupta JA,2
17605974,Rao Y,3
17605974,Sharma T,4
17605974,Kumar L,5
17605974,Nair Y,6
17605974,Gupta M,7
17605974,Nair T,8
17605974,Mohammadi G,9
17605974,Patel B,10
58713528,Ozturk H,1
58713528,Aydin A,2
58713528,Kaya K,3
98179914,Steiner C,1
98179914,Weber LK,2
98179914,Huber C,3
98179914,Schmid CB,4
98179914,Gerber CP,5
70977366,Moore P,1
70977366,Clark RP,2
70977366,Harris ND,3
70977366,Clark LB,4
70977366,White NT,5
70977366,Baker TS,6
70977366,Scott A,7
70977366,Miller E,8
70977366,Smith CL,9
70977366,Johnson F,10
70977366,Davis EK,11
70977366,Lewis FR,12
12236830,Simon A,1
12236830,Simon N,2
89345308,Mohammadi G,1
85668014,Baker C,1
85668014,Eriksson HJ,2
85668014,Smith N,3
96025892,Yoshida FK,1
96025892,Suzuki K,2
96025892,Kato J,3
96025892,Sato ME,4
76173194,Wood K,1
76173194,Edwards GS,2
26373775,Diaz G,1
26373775,Cho HB,2
26373775,Park T,3
26373775,Park LT,4
26373775,Yoon H,5
26373775,Kim V,6
84822405,Becker MH,1
84822405,Weber N,2
84822405,Meyer H,3
84822405,Wolf G,4
84822405,Richter AB,5
23280282,Wu VS,1
23280282,Liu D,2
23280282,He E,3
23280282,Zhou H,4
23280282,Yang J,5
29897983,Cho V,1
29897983,Cho VR,2
29897983,Jung S,3
29897983,Kang K,4
29897983,Kim V,5
16529879,Smith V,1
16529879,Moradi T,2
16529879,Mohammadi G,3
88560713,Hughes L,1
88560713,Williams EH,2
88560713,Cooper V,3
88560713,Roberts K,4
88560713,Cooper F,5
88560713,Hill LG,6
88560713,Jones A,7
88560713,Edwards GS,8
41807783,Zhang PH,1
41807783,Chen PE,2
15973360,Blanc E,1
15973360,Leroy K,2
15973360,Lefebvre DJ,3
15973360,Leroy T,4
15973360,Girard H,5
15973360,Blanc T,6
65629728,Lima E,1
65629728,Nascimento BT,2
36233415,Mueller V,1
36233415,Schulz C,2
36233415,Hoffmann B,3
36233415,Becker H,4
36233415,Richter SV,5
36233415,Fischer NF,6
21861272,Schneider SF,1
21861272,Mueller EA,2
21861272,Becker F,3
21861272,Koch H,4
21861272,Koch S,5
21861272,Klein HY,6
21861272,Wolf F,7
85536532,Ito P,1
85536532,Yoshida S,2
85536532,Nakamura L,3
85536532,Kato K,4
85536532,Takahashi M,5
85536532,Yamamoto V,6
85536532,Sato B,7
46098258,Walker A,1
46098258,Taylor PP,2
46098258,de Vries L,3
46098258,Davis H,4
11837321,Nascimento BA,1
11837321,Nascimento LJ,2
11837321,Costa PS,3
11837321,Silva N,4
11837321,Pereira S,5
65141374,Lopez JE,1
65141374,Martinez D,2
65141374,Moreno EE,3
65141374,Perez S,4
65141374,Martinez G,5
16148777,Wilson E,1
16148777,Clark TF,2
16148777,Thomas S,3
87116313,Klein KV,1
87116313,Bianchi NB,2
87116313,Richter B,3
87116313,Koch M,4
87116313,Fischer DM,5
87116313,Klein KK,6
87116313,Koch NG,7
99559630,Lima B,1
99559630,Costa T,2
99559630,Silva D,3
99559630,Almeida JA,4
99559630,Kaya K,5
99559630,Rodrigues J,6
91225109,Murphy YF,1
91225109,Kelly G,2
91225109,Lee R,3
91225109,Mitchell D,4
91225109,King J,5
99711240,Silva T,1
99711240,Souza P,2
99711240,Silva D,3
99711240,Willems S,4
99711240,Santos Y,5
99711240,Silva R,6
99711240,Rodrigues DH,7
99711240,Nascimento BT,8
51726266,Zhu D,1
51726266,Zhao BG,2
51726266,Chen PE,3
64736965,Kobayashi B,1
64736965,Nakamura A,2
64736965,Ito A,3
64736965,Ito D,4
64736965,Yoshida P,5
50333347,Meijer D,1
50333347,van den Berg D,2
50333347,de Vries CE,3
50333347,Meijer J,4
50333347,Bos J,5
50333347,Bakker A,6
80714880,Roy T,1
80714880,Cote J,2
80714880,Cote V,3
13512288,Williams B,1
13512288,Wood JP,2
13512288,Hall F,3
13512288,Ward G,4
13512288,Hughes K,5
13512288,Edwards TE,6
13512288,Hughes N,7
91843814,Romano AS,1
91843814,Gallo F,2
91843814,Wang F,3
91843814,Ferrari A,4
91843814,Rossi KA,5
91843814,Bruno GC,6
91843814,Rodrigues D,7
91843814,Ricci RP,8
86000484,Steiner C,1
86000484,Keller LB,2
86000484,Meier S,3
86000484,Keller T,4
86000484,Young RH,5
86000484,Weber LK,6
86000484,Steiner M,7
86000484,Gerber R,8
86000484,Gerber V,9
86000484,Tanaka N,10
86000484,Gerber DH,11
86000484,Gerber CP,12
45674511,Durand B,1
45674511,Moreau VB,2
45674511,Lefebvre K,3
45674511,Michel KD,4
66403307,Wang R,1
66403307,Guo AY,2
66403307,Guo NH,3
39990082,Cho P,1
39990082,Jang YE,2
39990082,Hill T,3
39990082,Bernard NV,4
39990082,Jung JV,5
39990082,Han PS,6
89143845,Bouchard R,1
89143845,Richter GH,2
89143845,Koch EF,3
89143845,Becker MH,4
89143845,Schmidt JA,5
80224540,Liu SF,1
80224540,Sun D,2
80224540,Sun JD,3
80224540,Yang PR,4
22347731,Andersson R,1
22347731,Andersson CD,2
22347731,Olsson L,3
22347731,Olsson T,4
22347731,Olsson V,5
36531994,Miller N,1
36531994,Anderson K,2
36531994,Taylor KK,3
36531994,Brown TV,4
36531994,White E,5
36531994,Young G,6
36531994,Scott P,7
28541900,Weber R,1
28541900,Keller B,2
28541900,Steiner A,3
28541900,Gerber P,4
28541900,Ward N,5
28541900,Meier Y,6
28541900,Huber KA,7
28541900,Gerber DH,8
79064008,Wolf C,1
79064008,Wolf AN,2
79064008,Mueller G,3
79064008,Mueller L,4
79064008,Wolf L,5
79064008,Richter AB,6
75233882,Lopez RM,1
75233882,Fernandez PL,2
75233882,Gomez HY,3
75233882,de Jong G,4
75233882,Rodriguez F,5
75233882,Singh D,6
75233882,Moreno E,7
75233882,Martinez SA,8
46080417,Park F,1
46080417,Kang D,2
46080417,Han HD,3
46080417,Han FT,4
46080417,Cho AT,5
46080417,Jang B,6
46080417,Choi A,7
46080417,Jung VS,8
88284002,Zhao LY,1
88284002,Wu S,2
88284002,Yang G,3
88284002,Kobayashi V,4
88284002,Xu V,5
88284002,Andersson E,6
88284002,Wu LC,7
88284002,Hu F,8
88284002,Hu T,9
88284002,Sun B,10
22262571,Reddy P,1
22262571,Patel V,2
22262571,Iyer YK,3
22262571,Sharma PK,4
22262571,Rao V,5
22262571,Patel GG,6
22262571,Patel EH,7
22262571,Gupta M,8
99417387,Wright G,1
99417387,Scott P,2
81341427,Janssens R,1
81341427,Peeters K,2
81341427,Murphy F,3
81341427,Peeters P,4
81341427,Mertens GM,5
98067512,Ito JC,1
98067512,Yamamoto N,2
98067512,Nakamura S,3
98067512,Ito DV,4
82652852,He S,1
82652852,Yang JK,2
82652852,Zhao MY,3
82652852,Yang AS,4
82652852,Zhu TS,5
82652852,Zhu DR,6
82652852,Wang RD,7
82652852,He P,8
15110669,Wright M,1
15110669,Young FG,2
15110669,Taylor MY,3
15110669,Harris R,4
68100193,Scott L,1
68100193,Allen FM,2
68100193,Brown B,3
68100193,Allen V,4
68100193,Lewis FR,5
68100193,Walker EG,6
68100193,Lewis P,7
68100193,Young CM,8
68100193,Schneider G,9
68100193,Allen RM,10
68240660,Huang L,1
68240660,Chen H,2
68240660,Jacobs NR,3
68240660,Wang F,4
68240660,Lin R,5
68240660,Li RR,6
68240660,Huang CA,7
68240660,Wu S,8
15841794,Kowalczyk LT,1
15841794,Wojcik FG,2
15841794,Kaminski ML,3
15841794,Kowalski TV,4
15841794,Nowak J,5
23334424,Moradi HA,1
23334424,Rezaei KN,2
78662969,Karimi P,1
78662969,Rahimi H,2
78662969,Mohammadi C,3
78662969,Moradi T,4
78662969,Jafari A,5
99287646,Diaz P,1
99287646,Steiner R,2
99287646,Martinez G,3
99287646,Gonzalez R,4
99287646,Ruiz S,5
16987685,Rodriguez H,1
16987685,Perez M,2
16987685,Aydin S,3
16987685,Diaz P,4
16987685,Perez T,5
16987685,Gomez RT,6
16987685,Ruiz S,7
98817230,Wilson J,1
98817230,Meier DK,2
98817230,Meier S,3
98427645,Wilson T,1
98427645,Taylor PM,2
98427645,Walker A,3
98427645,Anderson VN,4
98427645,Harris CE,5
98427645,Jafari FY,6
98427645,Allen D,7
98427645,Fischer C,8
98427645,Smith LB,9
98427645,Davis H,10
68228320,Garcia EH,1
68228320,Martin G,2
68228320,Moreau NP,3
68228320,Wisniewski BE,4
68228320,Garcia L,5
68228320,Laurent K,6
81912823,Harris P,1
81912823,Wilson P,2
81912823,Thomas SY,3
81912823,Clark FV,4
81912823,Smith H,5
81912823,Wilson A,6
81912823,Anderson RY,7
36705564,Thomas V,1
36705564,Johnson HT,2
36705564,Allen S,3
36705564,Johnson T,4
36705564,Taylor MY,5
79577347,Hughes A,1
79577347,Hill MG,2
32368959,Jacobs A,1
32368959,Nilsson JT,2
32368959,Olsson TR,3
32368959,Larsson TP,4
32368959,Olsson V,5
67116300,He BA,1
67116300,Zhao M,2
67116300,Zhao G,3
67116300,Yang V,4
67116300,Ma EV,5
14284644,Ferrari FJ,1
14284644,Ricci R,2
14284644,Ferrari RY,3
14284644,Russo MJ,4
14284644,Bruno N,5
14284644,Ricci Y,6
14284644,Bianchi NB,7
87000533,White HE,1
87000533,Walker P,2
87000533,White VJ,3
87000533,Moore KS,4
87000533,Miller Y,5
87000533,Allen PD,6
87000533,White CG,7
85084351,Weber Y,1
85084351,Klein A,2
85084351,Sato ME,3
85084351,Mueller T,4
85084351,Schneider PL,5
75513184,Sun V,1
75513184,Liu C,2
75513184,Chen C,3
75513184,Wang MR,4
75513184,Guo E,5
56940760,Willems A,1
56940760,Maes M,2
56940760,Jacobs S,3
56940760,Peeters P,4
56940760,Claes K,5
56940760,Mertens GM,6
37100948,Smith CK,1
37100948,Baker B,2
37100948,Smith KJ,3
37100948,Moore K,4
37100948,Wright M,5
37100948,Anderson BH,6
37100948,Thomas PL,7
35227630,Karlsson JT,1
35227630,Olsson V,2
35227630,Olsson S,3
53452771,Rao TK,1
53452771,Sharma T,2
53282589,Roy PN,1
53282589,Cote M,2
45203669,Lavoie P,1
45203669,Ito DV,2
62841328,Souza Y,1
62841328,Almeida L,2
62841328,Bernard AY,3
62841328,Santos A,4
62841328,Souza B,5
62841328,Costa L,6
86737950,Meier M,1
86737950,Weber R,2
86737950,Gerber AK,3
86737950,Huber KA,4
86737950,Mueller B,5
86737950,Gerber J,6
86737950,Schmid R,7
86737950,Smith R,8
86737950,Iyer YA,9
86737950,Gerber DH,10
94851778,Johnson S,1
94851778,Bernard DL,2
94851778,Bakker A,3
94851778,Baker K,4
94851778,Taylor GM,5
94851778,Anderson V,6
94851778,Smith R,7
91790147,Janssens J,1
91790147,Goossens F,2
91790147,Maes SS,3
91790147,Janssens JM,4
91790147,Mertens Y,5
91790147,Jacobs T,6
91068723,van den Berg B,1
91068723,Ferrari V,2
91068723,Jansen B,3
91068723,Bos J,4
91068723,van Dijk AL,5
91068723,van den Berg L,6
91068723,Bakker A,7
85162229,King Y,1
85162229,Mitchell GS,2
85162229,Walsh M,3
85162229,Gauthier T,4
85162229,O'Brien Y,5
17584382,Yamamoto G,1
17584382,Tanaka L,2
17584382,Yamamoto A,3
17584382,Yoshida L,4
17584382,Takahashi CM,5
17584382,Kowalski FR,6
17584382,Nakamura K,7
17584382,Watanabe B,8
17584382,Nakamura HS,9
17584382,Ito P,10
23143646,Iyer GF,1
23143646,Reddy PF,2
23143646,Patel B,3
78453335,Smit N,1
78453335,Yoshida H,2
78453335,Yamamoto KP,3
78453335,Yoshida SB,4
78453335,Sato P,5
21802387,Smith L,1
21802387,Brown F,2
21802387,Clark DT,3
21802387,Baker KV,4
21802387,Mertens M,5
21802387,Young J,6
21802387,Scott PS,7
21802387,Davis SG,8
21802387,Clark HC,9
21802387,Allen D,10
99034083,Girard Y,1
99034083,Martin TM,2
99034083,Laurent MA,3
99034083,Roux P,4
99034083,Blanc YN,5
99034083,Bonnet EK,6
99034083,Petit D,7
99034083,Petit H,8
99034083,Mercier E,9
99034083,Girard GT,10
51979174,Olsson D,1
51979174,Gerber DH,2
51979174,Anderson H,3
51979174,Johnson F,4
51979174,Lewis FM,5
75520787,Miller E,1
75520787,Harris CE,2
75520787,Taylor PM,3
75520787,Scott J,4
75520787,Thomas P,5
75520787,Davis H,6
25404278,Roberts Y,1
25404278,Evans GM,2
25404278,Evans R,3
25404278,Hughes J,4
25404278,Turner J,5
25404278,Hill MG,6
21371977,Zhang K,1
21371977,Mueller YJ,2
21371977,Ito P,3
21371977,Takahashi SH,4
81559766,Kim A,1
81559766,Jang P,2
81559766,Park F,3
81559766,Yoon DK,4
81559766,Park YF,5
81559766,Kang Y,6
81559766,Han PS,7
76914943,Kang HP,1
76914943,Park C,2
76914943,Park V,3
76914943,Jang B,4
40694758,Lewis DM,1
40694758,Anderson LP,2
40694758,Lewis L,3
40694758,Lewis H,4
40694758,White T,5
40694758,Anderson Y,6
40694758,Jackson K,7
34705931,Koch NG,1
34705931,Meyer G,2
34705931,Richter SG,3
34705931,Richter C,4
34705931,Schneider VC,5
34705931,Mueller MJ,6
99533879,Garcia E,1
99533879,Fournier R,2
91609986,Schmid S,1
91609986,Keller A,2
91609986,Gerber Y,3
91609986,Weber CG,4
91609986,Weber HN,5
91609986,Meier S,6
91609986,Steiner B,7
91609986,Steiner N,8
96359253,Russo JE,1
96359253,Bruno H,2
96359253,Russo DN,3
70220964,Wilson EY,1
70220964,Lewis FR,2
15041980,Fischer NF,1
58881918,Zhao K,1
58881918,Hu D,2
58881918,Zhao F,3
58881918,Wang L,4
58881918,Guo E,5
92770494,Lima KP,1
92770494,Silva EL,2
92770494,Silva D,3
92770494,Costa M,4
92770494,Rodrigues J,5
59108113,Mohammadi G,1
59108113,Moreau VB,2
59108113,Roux LH,3
59108113,Girard GT,4
59108113,Blanc YN,5
59108113,Girard T,6
59108113,Michel KD,7
28879458,Clark D,1
28879458,Thomas R,2
28879458,Lewis YG,3
78102587,Huber KA,1
78102587,Meier DN,2
78102587,Huber N,3
78102587,Mueller RY,4
78102587,Gerber DH,5
10168347,Wang MR,1
10168347,Zhao R,2
10168347,Wu VT,3
10168347,Liu CA,4
10168347,Chen D,5
10168347,Yoon Y,6
10168347,Hu T,7
51056512,Ma N,1
51056512,Zhao DC,2
51056512,Chen VH,3
51056512,Wu R,4
51056512,Guo E,5
34246672,Gallo R,1
34246672,He JS,2
34246672,He P,3
23250854,Gagnon L,1
23250854,Jones V,2
23250854,Hughes H,3
23250854,Jones C,4
23250854,Hill T,5
68507880,Fournier CJ,1
68507880,Girard GT,2
60917037,Wolf L,1
60917037,Klein M,2
60917037,Weber E,3
60917037,Schulz L,4
60917037,Richter AB,5
87925951,Mulder G,1
87925951,Bakker C,2
87925951,Meijer D,3
87925951,Bakker A,4
89421193,Allen V,1
89421193,Maes M,2
89421193,Watanabe P,3
89421193,Davis H,4
89421193,Allen FM,5
89421193,Smith H,6
89421193,Allen RM,7
35892909,Sahin FB,1
35892909,Kaya K,2
34793764,Wagner L,1
34793764,Wagner VY,2
34793764,Fischer H,3
25278275,Roy PN,1
25278275,Gauthier P,2
25278275,Lavoie AS,3
25278275,Gallo TE,4
25278275,Han PS,5
25278275,Cote M,6
20622539,White G,1
20622539,Smith S,2
20622539,Moore KS,3
20622539,Johnson H,4
20622539,Allen J,5
20622539,Baker EK,6
20622539,Lewis YG,7
93017488,Klein HY,1
93017488,Hoffmann R,2
93017488,Mueller BL,3
93017488,Schneider E,4
93017488,Schneider YH,5
93017488,Fischer R,6
93017488,Weber Y,7
74529138,Richter SV,1
74529138,Schulz A,2
74529138,Schmidt R,3
74529138,Fischer NF,4
75860825,Patel JY,1
75860825,Singh D,2
75860825,Rao DH,3
75860825,Singh R,4
75860825,Joshi V,5
75860825,Gupta EY,6
42527137,Meijer LP,1
42527137,Gerber C,2
42527137,Bakker Y,3
42527137,Bos A,4
42527137,Bakker A,5
26658981,Allen V,1
26658981,Allen RM,2
59906981,Karimi A,1
59906981,Mohammadi GY,2
59906981,Hosseini F,3
59906981,Ahmadi PM,4
59906981,Mohammadi CE,5
47729033,Lee LJ,1
47729033,Souza R,2
47729033,Walsh M,3
96526284,Schulz GR,1
96526284,Koch R,2
96526284,Koch NG,3
33160179,Chen C,1
33160179,Sun V,2
33160179,Zhou G,3
33160179,Wang YC,4
33160179,Liu M,5
33160179,Li RR,6
33160179,Xu D,7
33160179,Liu C,8
33160179,Huang C,9
33160179,Guo E,10
45153734,Mohammadi HK,1
45153734,Karimi P,2
45153734,Ahmadi P,3
45153734,Jafari A,4
28409140,Jackson G,1
28409140,White E,2
28409140,Allen HT,3
28409140,Anderson KB,4
28409140,Walker RR,5
28409140,Walker F,6
28409140,Scott P,7
24081907,Schmidt JA,1
15627304,Zhang PH,1
15627304,Wang L,2
15627304,Ma ET,3
91748017,Brown V,1
91748017,Smith CG,2
91748017,Harris R,3
84628894,David T,1
84628894,Lefebvre RN,2
84628894,Lefebvre DJ,3
27944448,Edwards TE,1
27944448,Hughes HJ,2
27944448,Mertens GM,3
27944448,Wood JP,4
27944448,Hughes N,5
26559091,Kim A,1
26559091,Han PD,2
26559091,Kang S,3
26559091,Jung H,4
26559091,Han PS,5
28058681,Colombo CS,1
28058681,Ferrari H,2
28058681,Colombo RH,3
28058681,Gallo R,4
28058681,Bianchi NB,5
47890530,Laurent K,1
47890530,Bakker A,2
56140005,Cho LE,1
56140005,Cho B,2
56140005,Kim FR,3
56140005,Han FT,4
56140005,Cho V,5
56140005,Jung JV,6
56140005,Jang YE,7
21529735,Bertrand RR,1
21529735,Leroy P,2
21529735,Garcia S,3
21529735,Bernard B,4
21529735,Durand FV,5
21529735,Girard T,6
21529735,Simon F,7
55260047,Jackson D,1
55260047,Young AM,2
55260047,Allen MN,3
55260047,Moore MA,4
55260047,Thomas CT,5
55260047,Baker L,6
55260047,Smith N,7
11717840,Moreau K,1
11717840,Martin V,2
11717840,Girard Y,3
11717840,Simon A,4
11717840,David YT,5
11717840,Bertrand TD,6
11717840,Simon P,7
11717840,Simon N,8
32811379,Lewandowski TH,1
32811379,Lewandowski PJ,2
32811379,Kaminski AR,3
32811379,Nowak HR,4
32811379,Zielinski T,5
32811379,Wisniewski T,6
32811379,Nowak SF,7
32811379,Wojcik T,8
87445353,Schulz R,1
87445353,Yoon B,2
87445353,Walsh YD,3
87445353,Lee KH,4
87445353,King J,5
44663396,Alvarez B,1
44663396,Lopez E,2
44663396,Sato N,3
44663396,Martinez R,4
44663396,Gomez E,5
44663396,Sanchez M,6
44663396,Ruiz FL,7
97621073,O'Brien G,1
97621073,Mitchell S,2
97621073,King TE,3
97621073,Mitchell P,4
97621073,Lee P,5
29540016,Steiner H,1
29540016,Schmid M,2
29540016,Mueller AK,3
29540016,Gerber CE,4
29540016,Steiner N,5
60694734,van Dijk E,1
60694734,Bakker A,2
35545938,Rossi VC,1
35545938,Bianchi L,2
35545938,Colombo PE,3
35545938,Colombo H,4
35545938,Colombo RH,5
35545938,Ricci R,6
35545938,Bianchi NB,7
53914131,Fischer J,1
53914131,Klein R,2
53914131,Schulz NR,3
53914131,Becker S,4
53914131,Schulz H,5
53914131,Schneider A,6
53914131,Schneider PL,7
41522059,Zielinski J,1
41522059,Wisniewski N,2
41522059,Kowalczyk T,3
41522059,Kowalski FR,4
99327864,Klein A,1
99327864,Schulz TR,2
99327864,Weber M,3
99327864,Wagner VY,4
99327864,Mueller G,5
99327864,Schneider PL,6
26512654,Lopez P,1
26512654,Perez YF,2
26512654,Moreno A,3
26512654,Ruiz R,4
26512654,Kowalski S,5
26512654,Moreno FK,6
26512654,Perez HJ,7
26512654,Martinez E,8
26512654,Rodriguez B,9
26512654,Moreno YM,10
48515203,Cote M,1
48515203,Tremblay CL,2
48515203,Fortin DN,3
48515203,MacDonald R,4
67998438,Moreau NP,1
67998438,O'Brien LY,2
67998438,Martin R,3
67998438,Simon F,4
67998438,Leroy SH,5
67998438,Laurent TF,6
84879128,Robinson BH,1
84879128,Liu L,2
84879128,Zhang M,3
84879128,Zhou G,4
84879128,Sun V,5
84879128,Wang YC,6
84879128,Chen C,7
84879128,Guo E,8
45552944,Evans H,1
45552944,Gomez M,2
45552944,Morris RL,3
45552944,Williams JP,4
45552944,Roberts PN,5
45552944,Hill C,6
69992796,Laurent K,1
69992796,David H,2
69992796,David T,3
69992796,Lefebvre H,4
69992796,Lefebvre DJ,5
22201811,Young M,1
22201811,Thomas PL,2
22201811,Johnson F,3
22201811,Allen D,4
22201811,Allen LC,5
22201811,Walker P,6
22201811,Brown MR,7
22201811,Johnson JS,8
22201811,Smith KV,9
22201811,Harris M,10
22201811,Moore C,11
22201811,Davis M,12
60183269,Meijer LP,1
60183269,Girard D,2
60183269,Kowalczyk H,3
60183269,de Vries CE,4
60183269,Bos A,5
60183269,Meijer D,6
60183269,Bakker A,7
45671917,Iyer B,1
45671917,Nair A,2
45671917,Sharma A,3
45671917,Yang T,4
45671917,Patel J,5
45671917,Gupta M,6
45671917,Joshi SP,7
45671917,Sharma T,8
69393403,Zhao G,1
69393403,Wu TH,2
69393403,Zhao KV,3
69393403,Wang YC,4
69393403,Ma EV,5
14881045,Girard GT,1
89850920,Ricci E,1
89850920,Bruno P,2
89850920,Ferrari N,3
79110541,Harris JV,1
79110541,Wilson F,2
79110541,White K,3
79110541,Kobayashi CK,4
79110541,Young SC,5
79110541,Brown MR,6
15000470,Xu G,1
15000470,Xu M,2
15000470,Li RR,3
15000470,Hu HM,4
28804812,O'Brien T,1
28804812,Mitchell GG,2
28804812,Murphy K,3
28804812,King F,4
56707240,Wilson V,1
56707240,Clark PY,2
56707240,Allen AL,3
56707240,Allen N,4
56707240,Wilson RF,5
56707240,Davis FK,6
56707240,Ito F,7
56707240,Thomas MT,8
28716914,Lin V,1
28716914,Wu EA,2
28716914,Xu VN,3
28716914,Liu RJ,4
28716914,Wang MR,5
28716914,Ma F,6
28716914,Ma AB,7
28716914,Hu T,8
82132799,Girard H,1
82132799,Laurent J,2
82132799,Hill K,3
82132799,Michel YJ,4
82132799,Fournier M,5
82132799,Kang K,6
82132799,Martin MF,7
82132799,Bianchi SJ,8
82132799,Vincent BH,9
82132799,Bernard F,10
82132799,Bernard G,11
82132799,Simon NJ,12
41821384,Wood TD,1
41821384,Williams D,2
41821384,Hill G,3
41821384,Edwards YT,4
41821384,Hill MG,5
92163762,Allen D,1
92163762,Wilson A,2
92163762,Young E,3
92163762,Wilson R,4
92163762,Lewis V,5
92163762,Anderson RY,6
39790601,Jung H,1
39790601,Han JD,2
39790601,Han PS,3
65461280,de Jong N,1
65461280,Bos N,2
65461280,Visser H,3
65461280,van Dijk AL,4
65461280,Bos VB,5
65461280,de Jong VS,6
65461280,Smit JK,7
65461280,de Vries AN,8
81517662,Visser T,1
81517662,de Jong JN,2
81517662,Jansen K,3
81517662,de Vries L,4
57471947,Janssens VY,1
57471947,Johansson P,2
57471947,Johansson A,3
57471947,Olsson T,4
57471947,Andersson CD,5
57471947,Nilsson Y,6
57471947,Diaz G,7
57471947,Larsson YK,8
57471947,Olsson K,9
57471947,Olsson V,10
73133672,Gallo V,1
73133672,Greco D,2
73133672,Gallo J,3
73133672,Bruno N,4
73133672,Marino M,5
73133672,Choi MJ,6
73133672,Gallo TE,7
73133672,Esposito FV,8
73133672,Russo K,9
73133672,Marino E,10
73133672,Esposito H,11
73133672,Rossi H,12
68610531,Russo A,1
68610531,Lima PC,2
68610531,Pereira G,3
68610531,Silva TY,4
31781142,Hughes V,1
31781142,Williams JP,2
31781142,Hall L,3
31781142,Hill C,4
61639908,Jung VS,1
61639908,Mitchell P,2
61639908,Mitchell S,3
61639908,Hosseini A,4
61639908,Robinson LC,5
61639908,Thompson T,6
61639908,Walsh AC,7
61639908,Lee L,8
61639908,Ryan LB,9
61639908,Lee P,10
91916083,Wu VS,1
91916083,Liu RJ,2
91916083,Hu HP,3
91916083,Zhao B,4
91916083,Yang G,5
91916083,Yang N,6
91916083,Sun B,7
25184845,Turner G,1
25184845,Hill T,2
25184845,Williams B,3
25184845,Williams J,4
25184845,Hill LG,5
25184845,Hughes V,6
25184845,Turner Y,7
78917853,Mohammadi SN,1
78917853,Hosseini P,2
78917853,Moradi A,3
78917853,Moradi YH,4
78917853,Hosseini S,5
78917853,Jafari A,6
18414412,Mercier DE,1
18414412,Laurent D,2
18414412,Girard C,3
18414412,Leroy E,4
18414412,Bertrand TD,5
18414412,Simon D,6
18414412,David YT,7
18414412,Simon N,8
49400236,Wilson A,1
49400236,Baker G,2
49400236,Wilson P,3
49400236,Olsson T,4
49400236,Baker VM,5
49400236,Anderson RY,6
17054592,Diaz V,1
17054592,Martinez K,2
17054592,Diaz C,3
31999657,Jackson K,1
31999657,Brown CA,2
31999657,Harris DD,3
28372573,Singh M,1
28372573,Patel E,2
28372573,Sharma NS,3
28372573,Kumar M,4
28372573,Patel V,5
28372573,Iyer V,6
28372573,Rao V,7
28372573,Gupta M,8
62133629,Ruiz S,1
62133629,Gerber CP,2
79008431,Leroy M,1
79008431,Bernard AY,2
80814474,Almeida A,1
80814474,de Vries AN,2
71425641,Rahimi HD,1
71425641,Rahimi H,2
71425641,Hosseini CN,3
71425641,Rezaei KN,4
61032082,Ruiz C,1
61032082,Perez V,2
61032082,Sanchez YN,3
61032082,Moreno FK,4
60946794,Mertens E,1
60946794,Mertens FV,2
60946794,Claes K,3
60946794,Jacobs N,4
60946794,Peeters B,5
60946794,Maes K,6
60946794,Jacobs KC,7
60946794,Mertens NH,8
25437993,Olsson T,1
25437993,Olsson E,2
25437993,Olsson V,3
59819820,Visser D,1
59819820,de Jong VS,2
59819820,van den Berg P,3
59819820,van den Berg G,4
59819820,Jansen HV,5
59819820,van Dijk T,6
59819820,de Vries AN,7
21357699,Lewis FM,1
19630244,Joshi T,1
19630244,Nair A,2
19630244,Joshi H,3
19630244,Joshi SP,4
19630244,Sharma L,5
19630244,Gupta EY,6
19630244,Patel J,7
19630244,Sharma T,8
37022879,Yildiz S,1
37022879,Celik T,2
37022879,Demir T,3
37022879,Weber K,4
37022879,Aydin HJ,5
37022879,Aydin F,6
37022879,Demir C,7
37022879,Celik K,8
37022879,Sahin N,9
37022879,Ozturk H,10
37022879,Yildiz BJ,11
37022879,Yilmaz S,12
20942412,Schulz DM,1
20942412,Wagner L,2
20942412,Wagner VY,3
20942412,Klein S,4
20942412,Fischer H,5
35631237,Murphy VY,1
35631237,Gallo R,2
59073774,Wilson Y,1
59073774,Allen E,2
59073774,Taylor YL,3
59073774,Harris LY,4
59073774,Wisniewski S,5
59073774,Allen N,6
59073774,Clark Y,7
59073774,Thomas MT,8
16429989,Anderson KB,1
16429989,Jackson TC,2
16429989,Lewis T,3
16429989,Harris NM,4
32292392,Alvarez B,1
32292392,Gonzalez GS,2
32292392,Moreno FK,3
32292392,Kim K,4
32292392,Alvarez CJ,5
32292392,Ruiz FL,6
59128893,Russo L,1
59128893,Ferrari M,2
59128893,Romano AS,3
59128893,Bakker A,4
59128893,Ricci LL,5
59128893,Colombo L,6
84842565,Robinson LC,1
84842565,Walsh K,2
84842565,Lee J,3
84842565,Patel D,4
84842565,King J,5
20182559,Suzuki S,1
20182559,Suzuki BV,2
20182559,Watanabe N,3
58778285,Becker MH,1
58778285,Hoffmann D,2
58778285,Koch RH,3
58778285,Wagner VY,4
58778285,Becker C,5
58778285,Koch NG,6
27034070,Fernandez V,1
27034070,Fernandez M,2
27034070,Moreno G,3
27034070,Ruiz M,4
27034070,Moreno FK,5
72922657,Ward C,1
72922657,Williams NT,2
72922657,Evans GF,3
72922657,Edwards T,4
72922657,Hughes HJ,5
57342522,Ruiz M,1
57342522,Lopez F,2
57342522,Perez NC,3
57342522,Gomez J,4
57342522,Martinez D,5
57342522,Ruiz AR,6
57342522,Martinez G,7
45000096,Ruiz V,1
45000096,Diaz D,2
45000096,Ruiz F,3
45000096,Lopez H,4
45000096,Alvarez B,5
45000096,Diaz C,6
58233182,Janssens V,1
58233182,Peeters M,2
58233182,Janssens R,3
58233182,Mertens S,4
58233182,Maes T,5
58233182,Janssens J,6
58233182,Claes CY,7
58233182,Peeters BF,8
86345913,Lewis H,1
86345913,Wright ML,2
86345913,Thomas S,3
43093382,Ryan LB,1
43093382,Lee C,2
43093382,Wojcik A,3
43093382,Lee V,4
38760393,Gerber S,1
38760393,Keller E,2
38760393,Steiner N,3
38760393,Gerber V,4
13494707,Meijer LP,1
13494707,Meijer DY,2
13494707,de Jong P,3
13494707,Smit VR,4
13494707,Bakker A,5
49875892,Russo T,1
49875892,Romano E,2
49875892,Ferrari H,3
30662613,Alvarez Y,1
30662613,Sanchez T,2
30662613,Gomez DD,3
30662613,Ruiz FL,4
46409276,Bianchi R,1
46409276,Ricci R,2
46409276,Bianchi NB,3
10498481,Harris CE,1
10498481,Smith J,2
10498481,Miller E,3
10498481,Davis H,4
38785852,Yamada L,1
38785852,Yoshida SB,2
38785852,Yoshida H,3
38785852,Yamamoto KP,4
38785852,Gerber T,5
38785852,Sato P,6
28750002,Mohammadi NJ,1
28750002,Moradi G,2
28750002,Ahmadi P,3
28750002,Moradi YH,4
28750002,Moradi HA,5
28750002,Ahmadi JN,6
28750002,Hosseini A,7
28750002,Mohammadi SN,8
28750002,Moradi T,9
28750002,Karimi FE,10
28750002,Mohammadi P,11
28750002,Jafari A,12
29768719,Jackson TC,1
29768719,White LY,2
29768719,Thomas M,3
29768719,Davis R,4
29768719,Davis B,5
25316528,Nakamura S,1
25316528,Nakamura R,2
25316528,Mueller MJ,3
25316528,Ito DV,4
57510598,Moreau CV,1
57510598,Simon A,2
57510598,Lefebvre K,3
57510598,Moreau VB,4
57510598,Michel KD,5
35580178,Park KJ,1
35580178,Han CP,2
35580178,Jang F,3
35580178,Bernard AY,4
35580178,Park F,5
35580178,Yoon R,6
35580178,Yoon C,7
35580178,Cho V,8
35580178,Jang D,9
35580178,Kang LT,10
59665518,Gerber EH,1
59665518,Keller D,2
59665518,Keller LB,3
59665518,Keller B,4
59665518,Schmid KJ,5
59665518,Meier S,6
49587555,Wu GH,1
49587555,Zhang VY,2
50090811,Schmidt F,1
50090811,Schneider J,2
50090811,Richter B,3
50090811,Richter SV,4
50090811,Wagner D,5
50090811,Fischer NF,6
36869770,Ruiz AR,1
36869770,Diaz D,2
36869770,Martinez D,3
36869770,Rodriguez KB,4
36869770,Perez T,5
36869770,O'Brien SG,6
36869770,Rodriguez P,7
36869770,Sanchez S,8
36869770,Lopez JE,9
36869770,Weber K,10
36869770,Perez YF,11
36869770,Martinez G,12
72312705,Anderson A,1
72312705,Davis R,2
72312705,Davis B,3
77617019,Koch EC,1
77617019,Meyer G,2
77617019,Richter G,3
77617019,Mueller MJ,4
12013073,Rao TK,1
12013073,Joshi H,2
12013073,Singh M,3
12013073,Rao P,4
12013073,Singh N,5
12013073,Kumar C,6
12013073,Sharma NS,7
12013073,Patel C,8
12013073,Sharma PK,9
12013073,Gupta M,10
58026805,Takahashi M,1
58026805,Suzuki D,2
58026805,Sato B,3
34141268,White D,1
34141268,Taylor E,2
34141268,Allen FM,3
34141268,Allen V,4
34141268,Allen RM,5
80560132,Singh M,1
80560132,Gupta RR,2
80560132,Patel V,3
80560132,Reddy F,4
80560132,Gupta M,5
71344352,Taylor PM,1
71344352,Walker E,2
71344352,Davis H,3
49838032,Goossens F,1
49838032,Mitchell GG,2
49838032,Murphy K,3
49838032,O'Brien EY,4
49838032,O'Brien AT,5
49838032,Thompson VP,6
49838032,King F,7
44445807,Wood TD,1
44445807,Williams D,2
44445807,Hill MG,3
61504694,Simon SF,1
61504694,Vincent VF,2
61504694,Durand A,3
61504694,Bernard AY,4
71325304,Lim K,1
71325304,Kim G,2
71325304,Kang DM,3
71325304,Choi E,4
71325304,Choi A,5
71325304,Jang AV,6
71325304,Cho Y,7
71325304,Park T,8
71325304,Jung P,9
71325304,Jang EB,10
71325304,Kim L,11
71325304,Jung VS,12
20760672,Zhang R,1
20760672,Hu T,2
20760672,Zhang V,3
20760672,Wu Y,4
20760672,Yang PR,5
28464681,Schmid G,1
28464681,Yamada L,2
28464681,Kato YD,3
28464681,Watanabe Y,4
28464681,Sato P,5
23408728,Lavoie HT,1
23408728,Cote B,2
23408728,Lavoie S,3
23408728,Tremblay D,4
26534752,White VJ,1
26534752,Harris R,2
40027136,Moore F,1
40027136,Brown MR,2
40027136,Walker T,3
40027136,Miller ER,4
40027136,Taylor HM,5
40027136,Claes KC,6
40027136,Young FG,7
40027136,Johnson SR,8
40027136,Scott RH,9
40027136,White VJ,10
40027136,Brown V,11
40027136,Harris R,12
74473060,Ferrari KG,1
74473060,Colombo M,2
74473060,Russo DN,3
32035377,Hughes JP,1
32035377,Wood GE,2
32035377,Roberts C,3
32035377,Edwards GS,4
85931009,Olsson E,1
85931009,Karlsson C,2
85931009,Nilsson G,3
85931009,Eriksson K,4
85931009,Nilsson A,5
85931009,Olsson V,6
73217434,Huang C,1
73217434,Xu J,2
73217434,He H,3
73217434,Wisniewski H,4
73217434,Guo E,5
88722980,Kang F,1
88722980,Choi R,2
88722980,Kang Y,3
88722980,Jang BD,4
88722980,Aydin MD,5
88722980,Kim A,6
88722980,Han PS,7
57935452,Hill J,1
57935452,Jones F,2
57935452,Ward G,3
57935452,Wood AB,4
57935452,Hughes N,5
26798645,Yoshida SB,1
26798645,Tanaka J,2
26798645,Ito D,3
26798645,Yoshida H,4
26798645,Watanabe Y,5
26798645,Sato P,6
23205594,Martinez D,1
23205594,Sanchez S,2
23205594,Ruiz AR,3
23205594,Rodriguez KB,4
23205594,Gomez HT,5
23205594,Moreno BA,6
23205594,Lopez JE,7
23205594,Fernandez B,8
23205594,Moreno P,9
23205594,Martinez G,10
32379572,Schulz VS,1
32379572,Schulz KT,2
32379572,Wolf GY,3
32379572,Wagner L,4
32379572,Wagner F,5
32379572,Fischer H,6
31936238,Wilson DA,1
31936238,Lewis P,2
31936238,Walker T,3
31936238,Allen RM,4
52565314,Lefebvre KV,1
52565314,Blanc T,2
52565314,Garcia EH,3
52565314,David B,4
52565314,Petit D,5
52565314,Laurent TF,6
40623560,Guo NH,1
40623560,Morris TG,2
40623560,Turner B,3
40623560,Evans BL,4
40623560,Cooper N,5
30076907,Janssens L,1
30076907,Goossens FB,2
30076907,Peeters B,3
30076907,Peeters S,4
30076907,Willems G,5
30076907,Claes D,6
30076907,Jacobs N,7
30076907,Mertens NH,8
69408562,Xu KR,1
69408562,Wu EA,2
69408562,Xu VT,3
69408562,Huang DN,4
69408562,Hu T,5
84152085,Roy JR,1
84152085,Morin G,2
47002352,Jafari N,1
47002352,Ahmadi JN,2
47002352,Karimi A,3
47002352,Mohammadi CE,4
84772907,King JJ,1
84772907,Yang V,2
84772907,Costa L,3
84772907,Zhao G,4
84772907,He H,5
84772907,Wang B,6
84772907,He C,7
84772907,Ma EV,8
35805194,Tremblay CL,1
35805194,Lavoie T,2
35805194,Gagnon D,3
35805194,Lavoie H,4
35805194,Cote M,5
96201998,Wolf YG,1
96201998,Koch EF,2
96201998,Meyer D,3
96201998,Schmidt JA,4
64281162,Taylor A,1
64281162,Johnson S,2
64281162,Miller H,3
64281162,Lewis YG,4
92608115,Rezaei HV,1
92608115,Ferrari H,2
43467700,Moore CJ,1
43467700,Baker EK,2
43467700,Smith S,3
43467700,Young P,4
43467700,Miller H,5
43467700,Lewis YG,6
14214291,Durand PT,1
14214291,Michel K,2
14214291,Roux LH,3
14214291,Mertens GM,4
14214291,Michel KD,5
81674851,Singh N,1
81674851,Allen KS,2
81674851,Taylor L,3
81674851,Anderson RY,4
81674851,Wilson V,5
93431914,Wagner K,1
93431914,Schulz JA,2
93431914,Mueller L,3
93431914,Wolf GY,4
93431914,Richter AB,5
91227522,Joshi V,1
91227522,Reddy JN,2
91227522,Patel JY,3
91227522,Cho AT,4
91227522,Joshi J,5
91227522,Reddy S,6
91227522,Gupta EY,7
19615300,Clark PY,1
19615300,Young J,2
19615300,Wright JE,3
19615300,Lewis E,4
19615300,Thomas MT,5
42946669,Mohammadi G,1
17307055,Young TP,1
17307055,Davis H,2
83168423,Russo M,1
83168423,Gallo R,2
99944794,Weber R,1
99944794,Bakker S,2
99944794,van den Berg B,3
99944794,van den Berg V,4
99944794,Mulder GG,5
99944794,van Dijk G,6
99944794,Bakker NF,7
99944794,de Boer VK,8
99944794,Bos GK,9
99944794,de Jong B,10
99944794,Bos N,11
99944794,van den Berg P,12
17113453,Taylor HG,1
17113453,Brown CA,2
17113453,Brown MR,3
17113453,Thomas PL,4
17113453,Allen H,5
17113453,Baker CE,6
17113453,White J,7
17113453,Taylor JV,8
17113453,Pereira S,9
17113453,Miller J,10
17113453,Harris FC,11
17113453,Harris DD,12
22657443,Robinson LC,1
22657443,Mitchell P,2
22657443,Lee P,3
55287655,Martin MF,1
55287655,Lefebvre DJ,2
55287655,Bernard G,3
55287655,Laurent J,4
55287655,Simon NJ,5
87190236,Vincent VF,1
87190236,Mercier D,2
87190236,Yang GD,3
87190236,Ahmadi L,4
87190236,Martin S,5
87190236,Bernard AY,6
71495554,Peeters M,1
71495554,Maes T,2
71495554,Yamamoto P,3
71495554,Peeters G,4
71495554,Joshi RP,5
71495554,Claes CY,6
71495554,Goossens H,7
71495554,Janssens R,8
71495554,Goossens R,9
71495554,Peeters BF,10
61491699,Yamada EC,1
61491699,Moreno F,2
61491699,Ruiz S,3
83055034,Scott KM,1
83055034,Lewis C,2
83055034,Mulder GG,3
83055034,White K,4
83055034,Clark R,5
83055034,Anderson P,6
83055034,Walker TB,7
28323750,Clark MB,1
28323750,Young YA,2
28323750,Davis R,3
28323750,Miller N,4
28323750,Anderson A,5
28323750,Thomas TS,6
28323750,Moore T,7
28323750,Thomas M,8
28323750,Brown B,9
28323750,Wilson NB,10
28323750,Wilson N,11
28323750,Davis B,12
73702437,Garcia G,1
73702437,Bertrand RR,2
73702437,Michel V,3
73702437,Fournier F,4
73702437,Lefebvre NN,5
73702437,Petit D,6
19233376,Silva YE,1
19233376,Almeida A,2
19233376,Silva N,3
19233376,Pereira LV,4
47993267,Sato HA,1
47993267,Suzuki BJ,2
47993267,Yamada AP,3
47993267,Sato C,4
47993267,Watanabe G,5
47993267,Ito DV,6
23739208,Allen E,1
23739208,Brown B,2
23739208,Smith RY,3
23739208,Young M,4
23739208,Johnson JS,5
23739208,Baker N,6
23739208,Johnson F,7
23739208,Wright LG,8
23739208,Moore C,9
23739208,Davis M,10
97233910,Campbell CV,1
97233910,Gagnon AL,2
97233910,Fortin DN,3
97233910,MacDonald R,4
32126026,Schmidt CK,1
32126026,Schulz KT,2
32126026,Schulz D,3
32126026,Schmidt F,4
32126026,Wolf B,5
32126026,Fischer NF,6
51584183,Chen BE,1
51584183,Wang MR,2
51584183,Ma F,3
51584183,Hu T,4
24957182,Gupta JA,1
24957182,Sato ME,2
24957182,Joshi SP,3
24957182,Patel J,4
24957182,Sharma T,5
46726516,Hughes H,1
46726516,Hill T,2
46098916,Gonzalez R,1
46098916,Moreno D,2
46098916,Sanchez M,3
46098916,Ruiz GK,4
46098916,Martinez SA,5
28805198,Chen N,1
28805198,Li D,2
28805198,Hu GS,3
28805198,Huang VN,4
28805198,Zhu K,5
28805198,Li RR,6
28805198,Hu HM,7
72367035,Moradi T,1
72367035,Moradi YH,2
72367035,Hosseini S,3
72367035,Visser DD,4
72367035,Schmid VN,5
72367035,Karimi D,6
72367035,Jafari A,7
67775314,Morin G,1
67775314,MacDonald A,2
67775314,Gauthier T,3
67775314,Campbell A,4
67775314,Gagne VE,5
67775314,Bouchard PC,6
19291078,Ma N,1
19291078,Guo B,2
19291078,Li LG,3
19291078,Guo E,4
77355549,Allen D,1
71219458,Davis DJ,1
71219458,Miller C,2
71219458,Harris CP,3
71219458,Johnson V,4
71219458,Taylor DV,5
71219458,Anderson VF,6
71219458,Anderson R,7
71219458,Wright H,8
71219458,Moore K,9
71219458,White CG,10
74517333,Janssens R,1
74517333,Peeters BF,2
36106210,Allen S,1
36106210,Baker F,2
36106210,Clark K,3
36106210,Brown K,4
36106210,Davis SG,5
36106210,Wilson E,6
36106210,Wilson S,7
36106210,Taylor LT,8
36106210,Johnson YR,9
36106210,Thomas S,10
54804600,Ito T,1
54804600,Ito DV,2
54804600,Yamada R,3
54804600,Yoshida P,4
93496802,Weber SC,1
93496802,Mueller B,2
93496802,Fortin K,3
93496802,Weber LK,4
93496802,Takahashi N,5
93496802,Schmid F,6
93496802,Colombo CS,7
93496802,Gerber CP,8
14253916,Chen BE,1
14253916,Li LY,2
14253916,Huang JJ,3
14253916,Zhao K,4
14253916,Hu JN,5
14253916,Wu YM,6
14253916,Ma EV,7
14253916,Lin T,8
14253916,Zhu C,9
14253916,Liu S,10
14253916,Li YH,11
14253916,Zhang VY,12
66817634,Ward T,1
66817634,Williams JP,2
66817634,Hughes L,3
66817634,Hughes V,4
66817634,Hall L,5
66817634,Williams D,6
66817634,Morris RL,7
66817634,Turner Y,8
66817634,Hill J,9
66817634,Green SH,10
66817634,Weber ND,11
66817634,Hill C,12
89130373,Sharma DJ,1
89130373,Joshi B,2
89130373,Reddy S,3
89130373,Patel B,4
59710074,Moradi E,1
59710074,Karimi B,2
59710074,Ahmadi EN,3
59710074,Rezaei KN,4
64919111,Kang MN,1
64919111,Han PS,2
85881667,Fischer NK,1
85881667,Koch P,2
85881667,Schmidt CK,3
85881667,Schneider H,4
85881667,Fischer NF,5
64553746,Johnson J,1
64553746,Thomas MT,2
71694717,Fernandez LR,1
71694717,Clark D,2
71694717,Lewis YG,3
72543103,Karimi C,1
72543103,Tremblay PR,2
72543103,Karimi A,3
72543103,Mohammadi CE,4
87929661,Rossi H,1
80421167,Williams V,1
80421167,Wood AB,2
80421167,Jones A,3
80421167,Wood GE,4
80421167,Edwards GS,5
59905718,Greco G,1
59905718,Marino GD,2
59905718,Bianchi NB,3
98788612,Meijer Y,1
98788612,Xu L,2
98788612,Bos Y,3
98788612,Chen PE,4
24564459,Liu AB,1
24564459,Hoffmann KM,2
24564459,Yang G,3
24564459,Liu T,4
24564459,Hu HP,5
24564459,Wu LC,6
24564459,Wang FN,7
24564459,Zhu DR,8
24564459,He K,9
24564459,Sun B,10
29683991,Kang HP,1
29683991,Cho H,2
29683991,Park C,3
29683991,Jang B,4
22977912,Huber Y,1
22977912,Gerber CP,2
98829348,Karimi FE,1
98829348,Ahmadi AP,2
98829348,Moradi P,3
98829348,Rezaei C,4
98829348,Ahmadi T,5
98829348,Rezaei DE,6
98829348,Moradi E,7
98829348,Mohammadi G,8
24980079,Ward N,1
24980079,Morris S,2
24980079,Hill T,3
73426781,Karimi D,1
73426781,Karimi P,2
73426781,Moradi G,3
73426781,Meyer K,4
73426781,Hosseini S,5
73426781,Jafari A,6
15394887,Baker TS,1
15394887,Scott A,2
15394887,Allen RM,3
15394887,Willems L,4
15394887,Lewis FR,5
26612632,Andersson D,1
26612632,Olsson TT,2
26612632,Nilsson KJ,3
26612632,Karlsson S,4
26612632,Johansson C,5
26612632,Eriksson T,6
26612632,Olsson T,7
26612632,Huang C,8
26612632,Nilsson KF,9
26612632,Olsson P,10
26612632,Olsson C,11
26612632,Johansson P,12
96580716,Nilsson KJ,1
96580716,Eriksson T,2
96580716,O'Brien G,3
96580716,Johansson P,4
78538275,Moreno E,1
78538275,Ruiz Y,2
78538275,Sanchez FJ,3
78538275,Moreno YM,4
44655486,Mertens GM,1
44655486,Mertens FE,2
44655486,Claes KC,3
44655486,Maes VH,4
44655486,Mertens M,5
44655486,Jacobs T,6
76200322,Lima KK,1
76200322,Costa L,2
57103461,Simon F,1
57103461,Murphy H,2
57103461,Murphy YF,3
57103461,Mitchell S,4
57103461,Lee V,5
50634587,Cooper AE,1
50634587,Turner PL,2
50634587,Ward C,3
50634587,Evans R,4
50634587,Hughes J,5
50634587,Roberts Y,6
50634587,Hill MG,7
44668044,Clark T,1
44668044,Moore N,2
44668044,Wilson V,3
44668044,Allen N,4
44668044,Thomas MT,5
34537122,Cooper C,1
34537122,Hall Y,2
34537122,Edwards GS,3
81139462,Lewandowski Y,1
81139462,Celik M,2
81139462,Yilmaz NL,3
81139462,Ozturk H,4
79408141,Larsson J,1
79408141,Nilsson SE,2
79408141,Johansson A,3
79408141,Nilsson K,4
79408141,Johansson P,5
23117013,Park BD,1
23117013,Kang S,2
23117013,Park S,3
23117013,Cho LE,4
23117013,Park Y,5
23117013,Han M,6
23117013,Meyer H,7
23117013,Jang YE,8
21362576,Sanchez T,1
21362576,Alvarez B,2
21362576,Moreno FK,3
21362576,Cooper N,4
21362576,Alvarez CJ,5
21362576,Rodriguez HF,6
21362576,Ruiz FL,7
89407047,Sharma DJ,1
89407047,Singh N,2
89407047,Patel B,3
43261281,Ozturk TH,1
43261281,Yilmaz D,2
43261281,Sahin P,3
43261281,Aydin AS,4
43261281,Celik R,5
43261281,Sahin Y,6
43261281,Ozturk H,7
40937995,Bertrand TD,1
40937995,Schneider T,2
40937995,Michel C,3
40937995,Garcia S,4
40937995,Lefebvre A,5
40937995,Bernard B,6
40937995,Durand C,7
40937995,David G,8
40937995,Michel TK,9
40937995,Leroy P,10
40937995,Bonnet J,11
40937995,Simon F,12
10574588,Keller A,1
10574588,Gerber A,2
10574588,Schmid M,3
10574588,Hu HM,4
10574588,Gerber DF,5
10574588,Huber A,6
10574588,Fernandez N,7
10574588,Meier D,8
10574588,Meier L,9
10574588,Steiner N,10
41693575,Ahmadi D,1
41693575,Jafari PB,2
41693575,Mohammadi SN,3
41693575,Jafari A,4
65814861,Goossens N,1
65814861,Claes F,2
65814861,Mertens NH,3
65814861,Willems GJ,4
65814861,Maes B,5
65814861,Janssens LD,6
65814861,Goossens K,7
65814861,Willems MK,8
46885818,Yang E,1
46885818,Wang B,2
46885818,Hu Y,3
46885818,Zhang M,4
46885818,Wang A,5
46885818,Ma EV,6
48035378,Jansen E,1
48035378,van den Berg P,2
48035378,Jansen P,3
48035378,van Dijk E,4
48035378,de Jong B,5
97005725,Nascimento JJ,1
97005725,Nascimento YK,2
97005725,Pereira S,3
51852532,Diaz T,1
51852532,Fernandez V,2
51852532,Ruiz EV,3
51852532,Moreno FK,4
89341552,Yang AS,1
89341552,Chen C,2
89341552,Zhang B,3
89341552,Chen Y,4
89341552,Zhu DR,5
89341552,He P,6
15584324,Singh D,1
15584324,Rao P,2
15584324,Joshi H,3
15584324,Sharma E,4
15584324,Patel J,5
15584324,Mueller EA,6
15584324,Iyer YA,7
15584324,Sharma T,8
26301525,Wu S,1
62219641,Oliveira SD,1
62219641,Wood D,2
62219641,Nascimento MD,3
62219641,Silva R,4
62219641,Souza D,5
62219641,Pereira LV,6
78927056,Gagnon AL,1
78927056,MacDonald R,2
72086946,Mueller B,1
72086946,Gerber DH,2
79344973,Davis EH,1
79344973,Wilson P,2
79344973,Lewis YG,3
79344973,Wilson R,4
79344973,Anderson RY,5
77455269,Visser TJ,1
77455269,Smit V,2
77455269,van den Berg S,3
77455269,Jansen HV,4
77455269,Meijer Y,5
63228184,Tanaka N,1
63228184,Yamada R,2
63228184,Ito P,3
40472072,Hu GS,1
40472072,Yang V,2
40472072,Yang P,3
40472072,Guo A,4
40472072,He G,5
40472072,Hu HM,6
71676032,Harris DD,1
71676032,Wilson LB,2
71676032,Anderson A,3
71676032,Davis B,4
84253076,Weber SC,1
84253076,Meier M,2
84253076,Schmid S,3
84253076,Schmid RN,4
84253076,Weber CG,5
84253076,Keller JK,6
84253076,Gerber CC,7
84253076,Gerber T,8
84253076,Steiner A,9
84253076,Steiner N,10
67690210,Diaz C,1
67690210,Mertens NH,2
67690210,Gomez DD,3
67690210,Sanchez T,4
67690210,Lopez RC,5
67690210,Alvarez B,6
67690210,Ito DV,7
67690210,Ruiz FL,8
49104321,Durand YT,1
49104321,Bertrand AK,2
49104321,David YT,3
49104321,Durand C,4
49104321,Fournier M,5
49104321,Martin V,6
49104321,Bonnet G,7
49104321,Durand MV,8
49104321,Michel G,9
49104321,Simon N,10
29481905,Maes T,1
29481905,Wood T,2
29481905,Willems MK,3
29481905,Peeters BF,4
73137853,Jansen K,1
73137853,Bernard Y,2
73137853,Bakker Y,3
73137853,van den Berg FM,4
73137853,Mulder P,5
73137853,de Jong JN,6
73137853,Meijer Y,7
73137853,de Jong B,8
73137853,van den Berg V,9
73137853,de Vries L,10
29171400,Johansson A,1
29171400,Johansson P,2
24406167,Lewandowski S,1
24406167,Wisniewski BE,2
24406167,Nowak V,3
24406167,Kaminski F,4
24406167,Wisniewski N,5
24406167,Wisniewski Y,6
24406167,Kaminski ML,7
24406167,Kaminski AR,8
24406167,Kowalski S,9
24406167,Nowak AG,10
24406167,Kowalczyk T,11
24406167,Kowalski FR,12
70961985,van Dijk N,1
70961985,Jafari A,2
70961985,Rahimi HD,3
70961985,Karlsson V,4
70961985,Karimi B,5
70961985,Hosseini A,6
70961985,Mohammadi CE,7
70961985,Hosseini CN,8
70961985,Mohammadi T,9
70961985,Rezaei KN,10
93557965,Girard JV,1
93557965,Petit H,2
93557965,Michel P,3
93557965,Vincent K,4
93557965,Simon VN,5
93557965,Jafari V,6
93557965,Bernard DL,7
37779705,Morin G,1
37779705,Campbell EJ,2
37779705,Fortin B,3
37779705,Meier DK,4
37779705,Gagnon AL,5
37779705,Cote Y,6
37779705,Gagnon YK,7
37779705,Morin HH,8
65031809,White VJ,1
65031809,Harris R,2
61964957,Ruiz AR,1
61964957,Martinez G,2
66833275,Lewis T,1
66833275,Taylor P,2
66833275,Scott Y,3
66833275,Allen D,4
95873075,Smith KJ,1
95873075,Johnson E,2
95873075,Walker S,3
95873075,Lewis J,4
95873075,Walker BN,5
95873075,Thomas PL,6
21447713,Allen BR,1
21447713,Harris CE,2
21447713,Taylor PM,3
21447713,Walker A,4
21447713,Baker B,5
21447713,Davis H,6
47290450,Rezaei D,1
47290450,Gerber V,2
63574424,Vincent G,1
63574424,Bertrand V,2
63574424,Blanc T,3
77206913,Jackson HL,1
77206913,Ward Y,2
77206913,Anderson VN,3
77206913,Allen D,4
61118029,Almeida B,1
61118029,Nascimento BT,2
14071611,Gerber M,1
14071611,Meier Y,2
14071611,Schmid E,3
14071611,Weber LK,4
14071611,Gerber Y,5
14071611,Keller P,6
14071611,Gerber CP,7
90143214,Zielinski J,1
90143214,Ahmadi AP,2
90143214,Moradi A,3
90143214,Karimi FE,4
90143214,Rezaei K,5
90143214,Mohammadi G,6
15662395,Pereira J,1
15662395,Oliveira L,2
15662395,Pereira G,3
15662395,Silva TY,4
37598841,Zielinski R,1
37598841,Wojcik N,2
37598841,Wojcik T,3
83516150,Moreno FK,1
98878149,Kowalski B,1
98878149,Wojcik C,2
98878149,Wisniewski Y,3
98878149,Kaminski R,4
98878149,Kaminski BT,5
98878149,Zielinski RV,6
98878149,Lewandowski Y,7
98878149,Kowalski FR,8
98878149,Kowalski TV,9
98878149,Nowak J,10
84189477,Cooper T,1
84189477,Edwards YT,2
84189477,Wood LV,3
84189477,Green L,4
84189477,Hill T,5
37125997,Koch N,1
37125997,Klein R,2
37125997,Mueller T,3
37125997,Koch C,4
37125997,Klein KK,5
37125997,Schneider PL,6
63151869,Gallo HF,1
63151869,Bianchi NB,2
63151869,Colombo TS,3
63151869,Bruno H,4
63151869,Ricci RP,5
82767177,Bonnet R,1
82767177,Brown MR,2
82767177,David PY,3
82767177,Bertrand ER,4
82767177,Durand JC,5
82767177,Fournier RJ,6
82767177,Laurent TF,7
42722132,Hall Y,1
42722132,Edwards GS,2
65958429,Kowalski D,1
65958429,Wisniewski N,2
65958429,Kowalski FR,3
27619745,Fischer R,1
27619745,Koch N,2
27619745,Schneider PL,3
29181013,Perez B,1
29181013,Ruiz S,2
36581802,Walker L,1
36581802,Moore N,2
36581802,Jackson P,3
36581802,Rahimi P,4
36581802,Anderson SY,5
36581802,Allen N,6
36581802,Harris LY,7
36581802,Thomas MT,8
48603148,Roux KB,1
48603148,Michel KD,2
48603148,Lefebvre NN,3
48603148,Blanc T,4
48603148,Bonnet J,5
48603148,Olsson V,6
48603148,Fournier F,7
48603148,Petit D,8
13524448,Kim A,1
13524448,Jang B,2
13524448,Kang Y,3
13524448,Jang EC,4
13524448,Han PS,5
78799771,Fortin NS,1
78799771,Fortin K,2
78799771,Tremblay K,3
78799771,Fortin SV,4
78799771,Bouchard PC,5
94830430,Garcia N,1
94830430,Lefebvre KV,2
94830430,Bertrand N,3
94830430,Durand A,4
18671567,Xu M,1
18671567,Hu GS,2
18671567,Chen N,3
18671567,Hu HM,4
65058932,Martinez JH,1
65058932,Martinez SA,2
45528174,Cho HB,1
45528174,Han CP,2
45528174,Kang LT,3
49749012,Aydin MD,1
49749012,Yildiz F,2
49749012,Kaya K,3
49749012,Yilmaz B,4
49749012,Ozturk JC,5
49749012,Aydin V,6
49749012,Sahin FB,7
83272950,Becker R,1
83272950,Hoffmann B,2
83272950,Mueller YJ,3
15636766,Williams D,1
15636766,Ward C,2
15636766,Hill MG,3
87318288,Bouchard PC,1
87318288,Roy A,2
87318288,Rezaei J,3
87318288,Lavoie M,4
87318288,Gagnon B,5
87318288,Morin G,6
29766070,Thomas TS,1
29766070,Davis J,2
29766070,Anderson A,3
29766070,Davis R,4
29766070,Walker F,5
29766070,Wilson NB,6
29766070,Walker J,7
29766070,Davis B,8
29393764,Fischer R,1
29393764,Schulz B,2
29393764,Meyer E,3
29393764,Weber Y,4
64411862,Park C,1
64411862,Cho Y,2
64411862,Han M,3
64411862,Lim S,4
64411862,Jang B,5
28932948,Olsson TT,1
28932948,Johansson A,2
28932948,Eriksson T,3
28932948,Tremblay N,4
28932948,Larsson K,5
28932948,Johansson P,6
28968340,Johnson SR,1
28968340,Harris R,2
88806293,Gupta P,1
88806293,Singh L,2
88806293,Kumar B,3
88806293,Gupta D,4
88806293,Gupta F,5
68241418,Evans H,1
68241418,Hill MG,2
95437820,Moreno F,1
95437820,Moreno G,2
95437820,Lopez F,3
95437820,Diaz B,4
95437820,Martinez JH,5
95437820,Fernandez J,6
95437820,Diaz P,7
95437820,Diaz C,8
95437820,Diaz E,9
95437820,Ruiz S,10
53191847,Hill T,1
53191847,Lewis S,2
53191847,Clark K,3
53191847,Johnson S,4
53191847,Taylor CA,5
53191847,Schmidt JA,6
53191847,Johnson HT,7
53191847,Smith R,8
32690016,Anderson FY,1
32690016,Murphy YF,2
32690016,Robinson LC,3
32690016,King E,4
32690016,Walsh L,5
32690016,Lee V,6
80349833,Ferrari SV,1
80349833,Ferrari A,2
80349833,Ferrari N,3
80349833,Ricci RP,4
74040102,Esposito H,1
74040102,Rossi B,2
74040102,Gallo P,3
74040102,Ferrari N,4
84020092,Colombo R,1
84020092,Bianchi R,2
84020092,Gallo HC,3
84020092,Gallo R,4
93613421,Ma EV,1
93613421,Hu T,2
54268498,Yildiz S,1
54268498,Kobayashi FN,2
54268498,Yoshida SB,3
54268498,Kobayashi A,4
54268498,Yoshida P,5
92982457,Rossi JD,1
92982457,Esposito PT,2
92982457,Ferrari E,3
92982457,Esposito J,4
76287668,Eriksson V,1
76287668,Martin TM,2
76287668,Karlsson S,3
76287668,Olsson S,4
37904821,Chen V,1
37904821,Zhao K,2
37904821,Liu S,3
37904821,Hu JN,4
37904821,Wu VS,5
37904821,Zhang VY,6
64912756,Watanabe Y,1
64912756,Ahmadi EK,2
64912756,Sato P,3
24576401,Yang G,1
24576401,Yang J,2
24576401,Zhao B,3
24576401,Xu N,4
24576401,Sun B,5
62128326,Scott PS,1
62128326,Scott Y,2
62128326,Brown A,3
62128326,Allen D,4
43853264,Huang T,1
43853264,Yang AS,2
43853264,He P,3
97687811,Meyer G,1
97687811,Schulz N,2
97687811,Mueller MJ,3
47278063,Roy P,1
47278063,Campbell P,2
47278063,Gagne B,3
47278063,Lavoie AS,4
47278063,Cote M,5
99545230,Tremblay NG,1
99545230,Fortin Y,2
99545230,Bouchard J,3
99545230,Morin D,4
99545230,Gauthier JN,5
23658215,Jansen V,1
23658215,Smit N,2
23658215,Smit V,3
23658215,van den Berg H,4
23658215,Meijer Y,5
49522825,Gomez C,1
49522825,Moreno LL,2
49522825,Diaz G,3
86125924,Wagner K,1
86125924,Fischer N,2
86125924,Meyer E,3
86125924,Weber Y,4
98130528,Fortin K,1
98130528,Gagne VE,2
98130528,Gagne ME,3
98130528,Fortin SV,4
98130528,Bouchard PC,5
34481609,Maes K,1
34481609,Goossens FB,2
34481609,Janssens L,3
34481609,Mertens NH,4
47064760,Johnson E,1
47064760,Anderson BH,2
47064760,Baker D,3
47064760,Brown HH,4
47064760,Thomas PL,5
37870895,Hall Y,1
37870895,Wood F,2
37870895,Wood P,3
37870895,Jones A,4
37870895,Morris GA,5
37870895,Edwards GS,6
71670245,Laurent G,1
71670245,Martin D,2
71670245,Petit D,3
21154367,Johnson YR,1
21154367,Young E,2
21154367,Davis B,3
88768870,Ricci R,1
88768870,Ferrari Y,2
88768870,Marino C,3
88768870,Gallo PJ,4
88768870,Colombo H,5
88768870,Bianchi NB,6
27368770,Mertens FV,1
27368770,Goossens FB,2
27368770,Peeters BF,3
27368770,Martinez D,4
27368770,Claes G,5
27368770,Jacobs N,6
27368770,Mertens NH,7
69919938,Jones GY,1
69919938,Hill LG,2
69919938,Wood L,3
69919938,Turner Y,4
67961334,White G,1
67961334,Wilson DA,2
67961334,Miller H,3
67961334,Smith R,4
67961334,Allen J,5
67961334,Lewis YG,6
37879960,Fortin DN,1
37879960,Fortin NS,2
37879960,Fortin TF,3
37879960,Lavoie T,4
37879960,Gauthier JN,5
66334107,Ryan A,1
66334107,Kelly JB,2
66334107,O'Brien Y,3
10737113,Meier Y,1
10737113,Gerber J,2
10737113,Mulder K,3
10737113,Gerber DH,4
42464413,White L,1
42464413,Davis B,2
81046890,Colombo RH,1
81046890,Ricci TK,2
81046890,Colombo PC,3
81046890,Bianchi R,4
81046890,Bianchi NB,5
50684634,Maes T,1
50684634,Bos G,2
50684634,Kim L,3
50684634,Janssens R,4
50684634,Peeters T,5
50684634,Janssens S,6
50684634,Maes R,7
50684634,Goossens TA,8
50684634,Peeters M,9
50684634,Peeters BF,10
24810258,King SN,1
24810258,Lee R,2
24810258,Lee V,3
24810258,King J,4
44762221,Liu AB,1
44762221,Wang M,2
44762221,Zhao M,3
44762221,Sun B,4
33457004,Schmid P,1
33457004,Schmid E,2
33457004,Keller P,3
33457004,Gerber M,4
33457004,Weber LK,5
33457004,Steiner TH,6
33457004,Steiner C,7
33457004,Steiner R,8
33457004,Huber K,9
33457004,Gerber CP,10
66411072,Harris NM,1
16253888,Walker NL,1
16253888,Brown V,2
16253888,Smith KJ,3
16253888,Harris R,4
50774295,Gonzalez GS,1
50774295,Sanchez T,2
50774295,Gonzalez A,3
50774295,Ruiz T,4
50774295,Sanchez M,5
50774295,Ruiz FL,6
39376577,Jung FV,1
39376577,Lim C,2
39376577,Han B,3
39376577,Yoon BK,4
39376577,Jang B,5
90711824,David B,1
90711824,Fournier RJ,2
90711824,Laurent MA,3
90711824,Garcia EH,4
90711824,Leroy SH,5
90711824,Simon P,6
90711824,Laurent Y,7
90711824,Simon N,8
90711824,David K,9
90711824,Laurent TF,10
58662922,Yamamoto A,1
58662922,Ito DV,2
73379841,Jang C,1
73379841,Choi E,2
73379841,Thomas PL,3
73379841,Nilsson Y,4
73379841,Choi ES,5
73379841,Jung V,6
73379841,Han Y,7
73379841,Jang B,8
73379841,Jang AV,9
73379841,Jung VS,10
12724113,Kobayashi P,1
12724113,Kato VT,2
12724113,Kobayashi Y,3
12724113,Larsson D,4
12724113,Suzuki AN,5
12724113,Takahashi D,6
12724113,Kato J,7
12724113,Yoshida P,8
79714064,Gagne V,1
79714064,Fortin TF,2
79714064,Gagne R,3
79714064,Cote J,4
79714064,MacDonald N,5
79714064,Turner K,6
79714064,Tremblay H,7
79714064,Cote V,8
54386693,Mulder P,1
54386693,Jansen D,2
54386693,de Vries L,3
21249180,Mercier E,1
21249180,Girard C,2
21249180,Vincent EV,3
21249180,Blanc J,4
21249180,Martin TM,5
21249180,Girard GT,6
31546225,Moradi K,1
31546225,Rezaei P,2
31546225,Sahin B,3
31546225,Mohammadi P,4
31546225,Rahimi P,5
31546225,Karimi D,6
31546225,Hosseini S,7
31546225,Jafari A,8
15394936,Kelly E,1
15394936,Mitchell M,2
15394936,Walsh M,3
15394936,King JJ,4
15394936,Murphy VG,5
15394936,O'Brien Y,6
17265342,Michel KD,1
17265342,Fournier R,2
87072749,Bianchi L,1
87072749,Romano R,2
87072749,Russo JE,3
87072749,Ferrari H,4
87072749,Rossi CC,5
87072749,Russo DN,6
26843131,Fischer M,1
26843131,Costa J,2
26843131,Richter AB,3
25656326,Lopez RM,1
25656326,Gonzalez A,2
25656326,Ruiz C,3
25656326,Ruiz FL,4
86277891,Rezaei KN,1
86277891,Moradi G,2
86277891,Ahmadi D,3
86277891,Moradi T,4
86277891,Jafari A,5
99332864,Celik H,1
99332864,Rezaei KN,2
66496848,Alvarez F,1
66496848,Ruiz GK,2
66496848,Diaz V,3
66496848,Diaz C,4
69472665,Olsson TT,1
69472665,Karlsson S,2
69472665,Larsson FF,3
69472665,Olsson DA,4
69472665,Johansson P,5
49727106,Perez B,1
49727106,Martinez JH,2
49727106,Ruiz S,3
10232865,Johansson P,1
62593188,Nakamura HS,1
62593188,Nakamura D,2
62593188,Nakamura PJ,3
62593188,Sato DK,4
62593188,Yoshida P,5
62593188,Ito P,6
87248792,Santos F,1
87248792,Yamada V,2
87248792,Kobayashi AA,3
87248792,Yoshida P,4
73274957,Young E,1
73274957,Allen G,2
73274957,Davis B,3
99663228,Johnson E,1
99663228,Allen D,2
99663228,Moore CJ,3
99663228,Smith R,4
99663228,Smith KJ,5
99663228,Thomas PL,6
37145603,Jang EB,1
37145603,Choi ES,2
37145603,Kim G,3
37145603,Cho DG,4
37145603,Jung VS,5
39797167,Walker A,1
39797167,Allen G,2
39797167,Harris CE,3
39797167,Scott P,4
39797167,Taylor PM,5
39797167,Davis H,6
45059529,Kobayashi AA,1
45059529,Watanabe D,2
45059529,Lefebvre RN,3
45059529,Kobayashi B,4
45059529,Yamada P,5
45059529,Yoshida P,6
46449586,Gagne JD,1
46449586,Roy N,2
46449586,Gagnon PA,3
46449586,Lavoie F,4
46449586,Fortin DN,5
46449586,Cote KY,6
46449586,Roy P,7
46449586,Lavoie YP,8
46449586,Jackson K,9
46449586,Weber DD,10
46449586,Gagnon AL,11
46449586,MacDonald R,12
69498604,Park YF,1
69498604,Nowak J,2
90261188,Thomas TS,1
90261188,Fischer AV,2
90261188,Lewis M,3
90261188,Davis B,4
10736953,Wood JP,1
10736953,Hill K,2
10736953,Ward G,3
10736953,Hill J,4
10736953,Hughes N,5
77321452,Willems D,1
77321452,Moradi K,2
77321452,Jacobs N,3
77321452,Janssens L,4
77321452,Peeters P,5
77321452,Mertens NH,6
50277448,Reddy B,1
50277448,Patel JY,2
50277448,Gupta EY,3
44754770,Richter S,1
44754770,Mohammadi GY,2
44754770,Karimi NV,3
44754770,Jafari A,4
44754770,Karimi A,5
44754770,Karimi C,6
44754770,Chen C,7
44754770,Karimi B,8
44754770,Ahmadi PM,9
44754770,Rezaei KN,10
44754770,Edwards GS,11
44754770,Mohammadi CE,12
96996452,Watanabe G,1
96996452,Yamamoto KP,2
96996452,Nakamura F,3
96996452,Takahashi D,4
96996452,Rezaei DE,5
96996452,Takahashi SH,6
25442230,Singh M,1
25442230,Singh H,2
25442230,Kumar C,3
25442230,Kumar PP,4
25442230,Gupta M,5
27912238,Wu VS,1
27912238,He MB,2
27912238,Guo NH,3
73059602,Jacobs S,1
73059602,Janssens LD,2
73059602,Maes M,3
73059602,Johansson C,4
73059602,Peeters K,5
73059602,Peeters S,6
73059602,Peeters P,7
73059602,Mertens GM,8
75981152,Hill LG,1
75981152,Williams S,2
75981152,Edwards ET,3
75981152,Hughes J,4
75981152,Williams E,5
75981152,Green B,6
37352233,Weber SC,1
37352233,Schmid AS,2
37352233,Jacobs T,3
37352233,Schmid E,4
37352233,Gerber V,5
38077842,Klein HY,1
38077842,Schulz C,2
38077842,Fischer H,3
38077842,Schmidt F,4
38077842,Meyer Y,5
38077842,Meyer K,6
38077842,Thompson Y,7
38077842,Fischer NF,8
93922677,de Boer G,1
93922677,Bakker FM,2
93922677,Meijer TV,3
93922677,van den Berg S,4
93922677,Yoon J,5
93922677,Bos G,6
93922677,Bos GK,7
17199972,Smit B,1
17199972,Bakker R,2
17199972,de Vries H,3
17199972,Visser B,4
17199972,Smit KK,5
17199972,van Dijk E,6
17199972,Bakker N,7
17199972,Bakker A,8
17199972,van Dijk A,9
17199972,Meijer PF,10
17199972,Bos P,11
17199972,de Jong B,12
88495226,Rodriguez KB,1
88495226,Ruiz AR,2
88495226,Diaz D,3
88495226,Lopez JE,4
88495226,Sanchez S,5
88495226,Murphy YF,6
88495226,Moreno FK,7
88495226,Rodriguez H,8
88495226,Santos J,9
88495226,Gonzalez AT,10
88495226,Martinez D,11
88495226,Martinez G,12
11689380,Allen G,1
11689380,Clark G,2
11689380,Smith N,3
11689380,Harris CE,4
11689380,Walker EG,5
11689380,Davis H,6
88011084,Mohammadi SN,1
88011084,Rezaei KN,2
88011084,Smith N,3
88011084,Smit D,4
88011084,Hosseini S,5
88011084,Karimi P,6
88011084,Mohammadi GY,7
88011084,Jafari A,8
42466404,Allen HT,1
42466404,Brown A,2
42466404,Scott P,3
45330751,Gonzalez P,1
45330751,Perez V,2
45330751,Moreno FK,3
42144214,Aydin C,1
42144214,Kaya G,2
42144214,Yilmaz A,3
42144214,Celik G,4
42144214,Yilmaz NL,5
42144214,Sahin C,6
42144214,Sahin FB,7
42144214,Ozturk H,8
25049470,Ward G,1
25049470,Hill J,2
25049470,Evans J,3
25049470,Hughes N,4
31394497,Kim V,1
31394497,Jung FV,2
31394497,Park T,3
31394497,Jang B,4
89392306,Petit H,1
89392306,Durand C,2
89392306,Schneider H,3
89392306,Roux D,4
89392306,Bernard A,5
89392306,Simon VN,6
89392306,Fournier FN,7
89392306,Bernard MN,8
89392306,Morin HH,9
89392306,Bernard DL,10
90990207,Lima KK,1
90990207,Mohammadi SN,2
90990207,Karimi P,3
90990207,Rahimi AT,4
90990207,Mohammadi P,5
90990207,Jafari A,6
90167375,Romano G,1
90167375,Russo MJ,2
90167375,Colombo S,3
90167375,Ricci R,4
90167375,Bianchi NB,5
10877879,Lee KH,1
10877879,van den Berg G,2
10877879,Lee P,3
10877879,Walsh M,4
89687826,Almeida CH,1
89687826,Oliveira SD,2
89687826,Oliveira H,3
89687826,Silva TY,4
42375770,de Vries L,1
42375770,Bos GK,2
42375770,Bakker N,3
42375770,de Vries E,4
42375770,Smit KK,5
42375770,van Dijk E,6
42375770,de Jong B,7
93507041,Jansen J,1
93507041,Bakker N,2
93507041,de Jong B,3
82763526,Rodriguez J,1
82763526,Sanchez S,2
82763526,Perez M,3
82763526,Lopez JE,4
82763526,Martinez G,5
53648790,Harris DD,1
79788950,Claes F,1
79788950,Goossens N,2
79788950,Maes PB,3
79788950,Jacobs A,4
79788950,Willems MK,5
39960727,Kim G,1
39960727,Kang D,2
39960727,Jung VS,3
44338247,Lima A,1
44338247,Silva H,2
44338247,Silva TY,3
44338247,Thompson K,4
44338247,Silva MS,5
44338247,Pereira S,6
85825319,Mercier D,1
85825319,Petit NK,2
85825319,Bonnet MY,3
85825319,Simon N,4
74682084,Ryan G,1
74682084,Ryan A,2
74682084,O'Brien Y,3
32725951,Wood LV,1
32725951,Hill T,2
62839751,Bos SS,1
62839751,Ricci TK,2
62839751,Meijer TV,3
62839751,Bos GK,4
57452453,Reddy A,1
57452453,Reddy CL,2
57452453,Singh L,3
57452453,Rao AR,4
57452453,Sharma M,5
57452453,Singh FD,6
57452453,Gupta F,7
61975490,Keller M,1
61975490,Costa R,2
61975490,Michel KD,3
89591117,Blanc L,1
89591117,Garcia E,2
89591117,Roux D,3
89591117,Martin L,4
89591117,Simon C,5
89591117,Russo DN,6
89591117,Fournier R,7
64319367,Romano NY,1
64319367,Ricci H,2
64319367,Gallo R,3
74278512,Kumar PP,1
74278512,Kumar C,2
74278512,Singh H,3
74278512,Joshi H,4
74278512,Gupta M,5
85555997,Yamamoto VD,1
85555997,Nakamura H,2
85555997,Nakamura S,3
85555997,Ito DV,4
39402227,Nakamura F,1
39402227,Yoshida E,2
39402227,Watanabe MG,3
39402227,Yamada VH,4
39402227,Takahashi T,5
39402227,Kato M,6
39402227,Takahashi SH,7
25768551,Moore P,1
25768551,Taylor HG,2
25768551,Lewis KK,3
25768551,Jackson K,4
25768551,White J,5
25768551,Joshi J,6
25768551,Harris DD,7
97795998,Rezaei HV,1
97795998,Karimi A,2
97795998,Mohammadi CE,3
25525262,Ferrari SV,1
25525262,Esposito R,2
25525262,Ricci RP,3
25525262,Russo JE,4
25525262,Greco S,5
25525262,Ferrari KG,6
25525262,Colombo H,7
25525262,Russo DN,8
63400701,Laurent K,1
63400701,Iyer YA,2
63400701,Lefebvre KV,3
63400701,David R,4
63400701,Bertrand N,5
63400701,Laurent TF,6
13272982,Thomas NK,1
13272982,Anderson A,2
13272982,Davis R,3
13272982,Davis B,4
29454566,Yilmaz NL,1
29454566,Yildiz BJ,2
29454566,Ozturk H,3
23118828,Ozturk CB,1
23118828,Yilmaz B,2
23118828,Celik M,3
23118828,Sahin H,4
23118828,Sahin C,5
23118828,Demir M,6
23118828,Sahin FB,7
82390993,Bakker FM,1
82390993,Meijer PP,2
82390993,Mulder G,3
82390993,de Boer PN,4
82390993,Bos GK,5
73850564,Wood J,1
73850564,Harris ND,2
73850564,Walker K,3
73850564,Lewis FR,4
13286522,Lavoie M,1
13286522,Ferrari N,2
13286522,Campbell A,3
13286522,Morin G,4
50237717,Kowalski B,1
50237717,Yang G,2
50237717,Kowalski TV,3
50237717,Wisniewski Y,4
50237717,Nowak H,5
50237717,Kaminski FT,6
50237717,Nowak J,7
52758844,Fernandez J,1
52758844,Diaz P,2
52758844,Lopez F,3
52758844,Hu T,4
52758844,Ruiz S,5
62396633,Ferrari A,1
62396633,Bruno H,2
62396633,Ricci RP,3
74566593,Mueller YJ,1
94285184,Anderson B,1
94285184,Anderson R,2
94285184,Scott Y,3
94285184,Allen D,4
93553839,Karimi A,1
93553839,Ahmadi JN,2
93553839,Mohammadi GY,3
93553839,Li LG,4
93553839,Karimi J,5
93553839,Fischer NK,6
93553839,Ahmadi EN,7
93553839,Mohammadi CE,8
94941696,Joshi J,1
94941696,Gupta P,2
94941696,Patel B,3
94941696,Sharma M,4
94941696,Rao AR,5
94941696,Gupta EY,6
94941696,Sharma EH,7
94941696,Joshi T,8
94941696,Patel EH,9
94941696,Gupta F,10
94714659,Ricci RP,1
70971500,Zhu D,1
70971500,Hu J,2
70971500,Zhou E,3
70971500,Wu S,4
70971500,Xu KT,5
70971500,Zhang P,6
70971500,Chen PE,7
29020222,van Dijk C,1
29020222,Gagnon E,2
29020222,Mulder G,3
29020222,Mulder K,4
29020222,Jansen A,5
29020222,Meijer Y,6
29020222,Bakker FM,7
29020222,Bos GK,8
36457457,Bernard LT,1
36457457,Vincent DG,2
36457457,David F,3
36457457,Mercier MK,4
36457457,Mercier DE,5
36457457,Garcia T,6
36457457,Roux T,7
36457457,Garcia S,8
36457457,Simon V,9
36457457,Girard D,10
36457457,Mercier F,11
36457457,Bernard FF,12
81257493,Gupta JA,1
81257493,Nair T,2
81257493,Liu S,3
81257493,Sharma NS,4
81257493,Sharma DJ,5
81257493,Rao Y,6
81257493,Reddy S,7
81257493,Patel B,8
89954681,Yilmaz S,1
89954681,Yildiz TG,2
89954681,Sahin D,3
89954681,Ozturk A,4
89954681,Yilmaz NL,5
89954681,Kaya K,6
41309835,Baker A,1
41309835,Baker P,2
41309835,Wright BD,3
41309835,Wright V,4
41309835,Lewis Y,5
41309835,Wright MM,6
41309835,Taylor MY,7
45205232,Taylor S,1
45205232,Walker TB,2
72053798,Russo L,1
72053798,Colombo L,2
91788093,Alvarez L,1
91788093,Ruiz F,2
91788093,Diaz G,3
44023090,Yamamoto N,1
44023090,Tanaka G,2
44023090,Yoshida S,3
44023090,Takahashi N,4
44023090,Ito DV,5
47085807,Rossi KA,1
47085807,Russo MJ,2
47085807,Ferrari A,3
47085807,Russo RS,4
47085807,Greco F,5
47085807,Ferrari SV,6
47085807,Ricci RP,7
75611804,Sahin D,1
75611804,Yildiz TG,2
75611804,Aydin A,3
75611804,Kaya K,4
98601026,Bruno F,1
98601026,Ricci T,2
98601026,Bruno SS,3
98601026,Colombo L,4
37761540,Huber Y,1
37761540,Gerber V,2
36272004,Jackson B,1
36272004,Brown F,2
36272004,Smith N,3
28173032,Murphy KP,1
28173032,White E,2
28173032,Sato B,3
28173032,Allen D,4
48946072,Roy C,1
48946072,Cote KY,2
48946072,Gagnon D,3
48946072,Fortin Y,4
48946072,Lavoie B,5
48946072,Gauthier JN,6
19678564,Taylor P,1
19678564,Johnson L,2
19678564,Johnson DP,3
46363599,Wilson M,1
46363599,Allen S,2
46363599,Thomas V,3
46363599,Allen T,4
46363599,Lewis Y,5
46363599,Moore R,6
46363599,Taylor MY,7
72968831,Johnson SR,1
72968831,Wilson F,2
72968831,Kowalski L,3
72968831,Harris R,4
14733532,Yildiz BJ,1
14733532,Celik K,2
14733532,Kaya K,3
14733532,Sahin BP,4
14733532,Yilmaz S,5
95444346,Patel J,1
95444346,Celik HJ,2
95444346,Fortin DN,3
95444346,Nair A,4
95444346,Joshi H,5
95444346,Sharma T,6
51570481,Schulz JA,1
51570481,Richter V,2
51570481,Schulz K,3
51570481,Wolf C,4
51570481,Mueller L,5
51570481,Richter AB,6
56443549,Thompson T,1
56443549,Walsh T,2
56443549,Lee V,3
45959555,Xu G,1
45959555,Simon N,2
84930109,Fischer R,1
84930109,Becker P,2
84930109,Klein HY,3
84930109,Joshi L,4
84930109,Richter G,5
84930109,Weber Y,6
95624394,Gerber DH,1
95624394,Fernandez M,2
95624394,Gerber EH,3
95624394,Meier S,4
88760952,Morris M,1
88760952,Wood CL,2
88760952,Morris HP,3
88760952,Green SH,4
42963517,Silva K,1
42963517,Pereira G,2
42963517,Rodrigues J,3
28850188,Yamada K,1
28850188,Yoshida P,2
81878672,Kobayashi Y,1
81878672,Sato P,2
53064953,Bertrand AC,1
53064953,David G,2
53064953,Leroy AK,3
53064953,Durand PT,4
53064953,Bertrand RR,5
53064953,Bertrand S,6
53064953,David A,7
53064953,Simon F,8
71878411,Martinez HR,1
71878411,Ruiz L,2
71878411,Gerber CP,3
71878411,Lopez JE,4
71878411,Martinez R,5
71878411,Fortin SV,6
71878411,Martinez G,7
78144445,Ito GB,1
78144445,Takahashi PV,2
78144445,Suzuki K,3
78144445,Watanabe J,4
78144445,Sato ME,5
73920399,Goossens N,1
73920399,Maes PB,2
73920399,Willems L,3
73920399,Jacobs V,4
73920399,Goossens F,5
73920399,Jacobs N,6
73920399,Willems MK,7
83934609,Andersson E,1
83934609,Eriksson C,2
83934609,Johansson P,3
76420544,Perez CH,1
76420544,Martinez R,2
76420544,Alvarez L,3
76420544,Rodriguez TB,4
76420544,Lopez K,5
76420544,Lopez H,6
76420544,King G,7
76420544,Gonzalez D,8
76420544,Lopez M,9
76420544,Diaz G,10
25657040,Wright S,1
25657040,Harris B,2
25657040,Johnson L,3
25657040,Johnson DP,4
12834301,Sato A,1
12834301,Sato S,2
12834301,Ito GB,3
12834301,Suzuki S,4
12834301,Watanabe EC,5
12834301,Suzuki K,6
12834301,Sato ME,7
74699071,Mueller K,1
74699071,Mueller H,2
74699071,Schneider VC,3
74699071,Kowalski LG,4
74699071,Fischer H,5
95552362,Russo DN,1
95552362,Davis E,2
95552362,Clark KN,3
95552362,Brown F,4
95552362,Taylor JV,5
95552362,Baker YD,6
95552362,Johnson P,7
95552362,Brown MR,8
28929568,Wright V,1
28929568,Anderson RH,2
28929568,Anderson T,3
28929568,Anderson P,4
28929568,Yoon J,5
28929568,Lewis V,6
28929568,Thomas V,7
28929568,Baker P,8
28929568,Smith K,9
28929568,Taylor MY,10
92710432,Fernandez M,1
92710432,Diaz F,2
92710432,Moreno F,3
92710432,Ruiz S,4
17425677,Jansen P,1
17425677,de Jong VS,2
17425677,van Dijk T,3
17425677,van Dijk F,4
17425677,de Vries AN,5
86610610,Brown BF,1
86610610,Clark HC,2
86610610,White CM,3
86610610,Scott PS,4
86610610,Scott Y,5
86610610,Allen D,6
36592672,Steiner M,1
36592672,Gerber B,2
36592672,Steiner C,3
36592672,Gerber T,4
36592672,Gerber CP,5
55915902,Taylor HM,1
55915902,Harris R,2
35495475,Girard RP,1
35495475,Bonnet G,2
35495475,Simon D,3
35495475,Petit Y,4
35495475,Simon N,5
55169647,Scott JY,1
55169647,Wright GF,2
55169647,Davis N,3
55169647,Davis EK,4
44464945,Mertens E,1
44464945,Jacobs A,2
44464945,Maes K,3
44464945,Jacobs KC,4
44464945,Jacobs T,5
44464945,Mertens FV,6
44464945,Mertens NH,7
61192440,Martin G,1
61192440,Michel K,2
61192440,Bertrand AC,3
61192440,Roux RT,4
61192440,Petit D,5
49458948,Sun JK,1
49458948,Zhou MC,2
49458948,Sun B,3
55053052,Hu JN,1
55053052,Zhang V,2
55053052,Yang J,3
55053052,Wu A,4
55053052,Zhang R,5
55053052,Zhu S,6
55053052,Ma N,7
55053052,Yang PR,8
33617551,Jang C,1
33617551,Lim K,2
33617551,Jung FV,3
33617551,Han B,4
33617551,Cho H,5
33617551,Jang B,6
53841611,Moreno F,1
53841611,Lopez F,2
53841611,Diaz YY,3
53841611,Fernandez J,4
53841611,Ruiz S,5
78570960,de Boer M,1
78570960,van den Berg YA,2
78570960,van Dijk CR,3
78570960,Bos P,4
78570960,Smit D,5
65747314,Rao V,1
65747314,Kumar BB,2
65747314,Singh N,3
65747314,Gupta M,4
69871353,Mitchell S,1
69871353,Steiner H,2
69871353,Murphy YF,3
69871353,Mitchell GG,4
69871353,Mitchell D,5
69871353,Lee R,6
69871353,King J,7
28431951,Hu D,1
28431951,Hughes HJ,2
28431951,Li LG,3
28431951,Wu V,4
28431951,Zhang E,5
28431951,Wu R,6
28431951,Yang J,7
79731302,Lewis H,1
79731302,Davis GE,2
79731302,Johnson DP,3
73210415,Johnson S,1
73210415,Thomas AA,2
73210415,Bernard MN,3
73210415,Anderson FY,4
73210415,Brown HH,5
73210415,Baker M,6
73210415,Taylor GM,7
73210415,Clark MG,8
73210415,Anderson M,9
73210415,Smith R,10
56763094,Greco ES,1
56763094,Gallo HM,2
56763094,Karlsson KM,3
56763094,Gallo R,4
27215044,Roy C,1
27215044,Greco N,2
27215044,Tremblay D,3
18802702,Hu J,1
18802702,Xu KT,2
18802702,Zhang PH,3
18802702,Zhu D,4
18802702,Chen PE,5
14050811,Evans H,1
14050811,Ward G,2
14050811,O'Brien Y,3
14050811,Suzuki BV,4
14050811,Wood DM,5
14050811,Wood JP,6
14050811,Edwards TE,7
14050811,Hughes N,8
91840231,Moore N,1
91840231,Thomas MT,2
67685054,Claes CV,1
67685054,Jacobs T,2
86305827,Turner B,1
86305827,Wagner A,2
86305827,Green SH,3
59107717,Fournier FN,1
59107717,David YT,2
59107717,Bonnet A,3
59107717,Simon D,4
59107717,Simon N,5
12941935,Bruno H,1
12941935,Russo BD,2
12941935,Romano T,3
12941935,Ricci RP,4
18056576,Rossi N,1
18056576,Ferrari Y,2
18056576,Rossi H,3
35520753,Russo H,1
35520753,Greco S,2
35520753,Romano A,3
35520753,Colombo PC,4
35520753,Marino E,5
35520753,Russo DN,6
98699359,Jones R,1
98699359,Hughes J,2
98699359,Wood KA,3
98699359,Green B,4
46084567,Schulz R,1
46084567,Becker T,2
46084567,Wagner L,3
46084567,Rezaei C,4
46084567,Fischer H,5
99000938,Smit K,1
99000938,Visser D,2
99000938,Bos G,3
99000938,Bos GK,4
32674802,Bertrand RR,1
32674802,David G,2
32674802,Bernard B,3
32674802,Fournier DH,4
32674802,Simon F,5
67467325,Nakamura PJ,1
67467325,Yoshida K,2
67467325,Sato VN,3
67467325,Suzuki BV,4
67467325,Kato J,5
67467325,Watanabe Y,6
67467325,Watanabe N,7
52716392,Jansen P,1
52716392,Mulder S,2
52716392,van den Berg VB,3
52716392,Meijer Y,4
80220981,Greco D,1
80220981,Colombo PC,2
80220981,Rossi H,3
27143058,Richter H,1
27143058,Weber DD,2
27143058,Wagner VY,3
39966665,Iyer GF,1
39966665,Patel NL,2
39966665,Gupta JA,3
39966665,Patel B,4
53056411,Xu VN,1
53056411,Wu EA,2
53056411,Wang MR,3
53056411,Zhang P,4
53056411,Liu AA,5
53056411,Hu T,6
59538877,Jung FV,1
59538877,Han B,2
59538877,Jang B,3
40314483,Johnson KT,1
40314483,Harris NM,2
25685395,Blanc E,1
25685395,Bertrand V,2
25685395,Bonnet J,3
25685395,Simon F,4
25685395,Patel J,5
25685395,Bertrand H,6
25685395,Lefebvre KV,7
25685395,Laurent TF,8
13225501,Klein HY,1
13225501,Fischer R,2
13225501,Schneider YH,3
13225501,Weber Y,4
27295374,Mitchell GG,1
27295374,Murphy K,2
27295374,O'Brien AT,3
27295374,Thompson T,4
27295374,Mitchell V,5
27295374,King F,6
52473028,de Jong VS,1
52473028,de Vries AN,2
84537425,Young J,1
84537425,Scott PS,2
84537425,Allen D,3
76742198,Durand V,1
76742198,Lefebvre DJ,2
75212505,David L,1
75212505,Moreau M,2
75212505,David G,3
75212505,Vincent DG,4
75212505,Garcia B,5
75212505,David F,6
75212505,Bernard FF,7
70763467,Zhang PH,1
70763467,Huang VN,2
70763467,Zhao TF,3
70763467,Zhao R,4
70763467,Hu J,5
70763467,Lee L,6
70763467,Zhao BG,7
70763467,Chen PE,8
99989898,Walker TB,1
99989898,Zielinski R,2
99989898,White D,3
99989898,Allen FM,4
99989898,Clark RP,5
99989898,Clark GG,6
99989898,Allen V,7
99989898,Young CM,8
99989898,Lewis AV,9
99989898,Allen RM,10
71925510,Clark PY,1
71925510,Smith S,2
71925510,Clark Y,3
71925510,Allen N,4
71925510,Clark T,5
71925510,Walker A,6
71925510,Moore RE,7
71925510,Thomas MT,8
99870760,Blanc L,1
99870760,Durand MV,2
99870760,Fournier R,3
86572255,Hill J,1
86572255,Turner GB,2
86572255,Hughes HJ,3
86572255,Edwards TE,4
86572255,Turner Y,5
86572255,Hughes N,6
40388029,Morin L,1
40388029,Schulz TR,2
40388029,Schneider PL,3
55812510,Gerber CP,1
55812510,Steiner N,2
43708345,Gerber CP,1
91397380,Gerber P,1
91397380,Simon D,2
91397380,Petit B,3
91397380,Simon N,4
25162817,David PY,1
25162817,Garcia D,2
25162817,Simon P,3
25162817,Girard H,4
25162817,Simon F,5
25162817,Martin MF,6
25162817,Michel KD,7
25162817,Simon NJ,8
13147306,Becker G,1
13147306,Meyer H,2
13147306,Wagner VY,3
10690731,Alvarez F,1
10690731,Ruiz AR,2
10690731,Cho M,3
10690731,Moreno E,4
10690731,Martinez G,5
38602466,Martin L,1
38602466,Schneider L,2
38602466,Bernard N,3
38602466,Fournier R,4
81726539,Fournier F,1
81726539,Michel N,2
81726539,Lefebvre NN,3
81726539,Michel K,4
81726539,Guo NH,5
81726539,Garcia S,6
81726539,Petit D,7
32836369,Tanaka V,1
32836369,Takahashi D,2
32836369,Nakamura F,3
32836369,Suzuki L,4
32836369,Kato H,5
32836369,Kato TT,6
32836369,Yoshida E,7
32836369,Takahashi SH,8
55868625,Li GK,1
55868625,Wang L,2
55868625,Wu R,3
55868625,He G,4
55868625,Hu V,5
55868625,Ma HS,6
55868625,Ma ET,7
41182775,Peeters M,1
41182775,Cho AT,2
41182775,Cho VR,3
41182775,Kim V,4
44722610,Kim A,1
44722610,Willems MK,2
44722610,Jang BD,3
44722610,Kang BV,4
44722610,Kang F,5
44722610,Choi ES,6
44722610,Jung H,7
44722610,Han PS,8
70993446,Laurent TF,1
71698236,Kato EL,1
71698236,Watanabe EC,2
71698236,Yamada CL,3
71698236,Sato ME,4
47993469,Esposito MH,1
47993469,Bianchi NB,2
62438516,Takahashi N,1
62438516,Ito T,2
62438516,Yoshida F,3
62438516,Tanaka N,4
79823369,Fortin TF,1
79823369,Fortin Y,2
79823369,Fortin M,3
79823369,Roy YD,4
79823369,Lavoie YG,5
79823369,Cote YF,6
79823369,MacDonald R,7
79823369,Gauthier JN,8
52998312,Hall BT,1
52998312,Roberts VM,2
52998312,Hughes HJ,3
79920652,Young CM,1
79920652,Walker P,2
79920652,Allen V,3
79920652,Walker T,4
79920652,Mohammadi T,5
79920652,Allen D,6
79920652,Gagnon PA,7
79920652,Allen RM,8
93780531,Mueller EA,1
93780531,Meyer Y,2
93780531,Richter D,3
93780531,Becker DE,4
93780531,Richter G,5
93780531,Wolf F,6
93780531,Klein HY,7
93780531,Weber Y,8
51611649,Weber E,1
51611649,Wolf AC,2
51611649,Richter S,3
51611649,Wolf GY,4
51611649,Wolf C,5
51611649,Richter AB,6
81495431,Gupta F,1
43432782,Richter G,1
43432782,Koch EF,2
43432782,Schulz K,3
43432782,Wolf C,4
43432782,Weber E,5
43432782,Richter S,6
43432782,Richter AB,7
73883155,Ma Y,1
73883155,Hu V,2
73883155,Li VM,3
73883155,He G,4
73883155,Huang VN,5
73883155,He P,6
73883155,Wu V,7
73883155,Ma ET,8
72984538,Meier M,1
72984538,Schmid S,2
72984538,Steiner N,3
49784728,Fournier A,1
49784728,Fournier R,2
42771277,Mitchell P,1
42771277,King TE,2
42771277,Lee P,3
45262492,Mueller L,1
45262492,Mueller YJ,2
45262492,Fischer NF,3
45262492,Schulz K,4
45262492,Wolf L,5
45262492,Richter AB,6
44785907,Cote M,1
44785907,Rahimi B,2
44785907,Blanc T,3
44785907,Blanc L,4
44785907,Durand MV,5
44785907,Fournier JB,6
44785907,Lefebvre NN,7
44785907,Fournier R,8
45429935,Mitchell C,1
45429935,Petit D,2
45429935,Murphy B,3
45429935,Walsh M,4
81688802,Ryan G,1
81688802,O'Brien F,2
81688802,Mitchell C,3
81688802,Walsh M,4
81688802,O'Brien Y,5
60148384,Campbell EJ,1
60148384,Roy YD,2
60148384,Gagnon A,3
60148384,Gagnon K,4
60148384,Cote M,5
60148384,Morin HH,6
95000382,Davis S,1
95000382,Scott HD,2
95000382,White HE,3
95000382,Lewis D,4
80837863,Miller S,1
80837863,Johnson L,2
80837863,Anderson F,3
80837863,Scott KN,4
80837863,Johnson DP,5
61074087,Singh L,1
61074087,Patel V,2
61074087,Singh K,3
61074087,Gupta F,4
85406971,Mueller YJ,1
35834413,Mitchell C,1
35834413,Gerber EH,2
35834413,Lee C,3
35834413,Robinson EL,4
35834413,Lee V,5
46714687,Patel EH,1
46714687,Walker TB,2
46714687,Taylor H,3
46714687,Thomas V,4
46714687,Smith K,5
46714687,Baker P,6
46714687,Harris DD,7
46714687,Miller A,8
46714687,Anderson T,9
46714687,Taylor MY,10
30087369,Hill J,1
30087369,Hall JM,2
30087369,Edwards TE,3
30087369,Williams S,4
30087369,Ward G,5
30087369,Green P,6
30087369,Hughes N,7
35542531,Bruno B,1
35542531,Esposito Y,2
35542531,Esposito J,3
61454735,Bernard F,1
61454735,Laurent LD,2
61454735,Sahin J,3
61454735,Lefebvre DJ,4
99791567,Murphy B,1
99791567,Robinson J,2
99791567,Lee P,3
99429248,Hu T,1
99429248,Zhang C,2
99429248,de Vries H,3
99429248,Lin T,4
99429248,Zhang VY,5
27148380,Eriksson V,1
27148380,Eriksson HJ,2
27148380,Eriksson C,3
27148380,Eriksson K,4
27148380,Karlsson KM,5
27148380,Eriksson NR,6
27148380,Olsson S,7
79470736,Bakker C,1
79470736,van Dijk AL,2
79470736,van Dijk F,3
79470736,Jansen E,4
79470736,van Dijk NF,5
79470736,Meijer J,6
79470736,Bakker A,7
79470736,Meijer Y,8
20449699,Celik HJ,1
20449699,Sahin J,2
20449699,Yildiz F,3
20449699,Yilmaz A,4
20449699,Kaya K,5
84290825,Vincent EV,1
84290825,Durand MV,2
84290825,Bonnet MT,3
84290825,Garcia E,4
84290825,Fournier JB,5
84290825,Moreau MK,6
84290825,Leroy A,7
84290825,Fournier R,8
29371273,Hughes H,1
29371273,Wood LV,2
29371273,Evans YY,3
29371273,Hill T,4
21112050,Thomas MT,1
40153018,Roberts C,1
40153018,Cooper V,2
40153018,Wood JP,3
40153018,Kaya K,4
40153018,Hughes N,5
95725199,Moore CJ,1
95725199,MacDonald T,2
95725199,Thomas PL,3
52243045,Wilson HG,1
52243045,Baker C,2
52243045,Anderson NN,3
52243045,Thomas PL,4
52243045,Thomas S,5
48325823,Wolf D,1
48325823,Wolf YG,2
48325823,Wolf J,3
48325823,Meyer D,4
48325823,Schulz VS,5
48325823,Schmidt SP,6
48325823,Klein R,7
48325823,Hoffmann V,8
48325823,Richter M,9
48325823,Schmidt JA,10
85736862,Zhao LY,1
85736862,Sun B,2
33021678,Simon D,1
33021678,Simon N,2
14731380,Lopez F,1
14731380,Ruiz FL,2
14731380,Martinez JH,3
14731380,Martinez SA,4
14731380,Rodriguez H,5
14731380,Perez B,6
14731380,Diaz P,7
14731380,Ruiz S,8
24892845,Allen P,1
24892845,Wilson HA,2
24892845,Allen RM,3
16564682,Leroy R,1
16564682,Bertrand TD,2
16564682,Simon N,3
80943510,Eriksson T,1
80943510,Larsson FF,2
80943510,Nilsson SE,3
80943510,Olsson V,4
80943510,Eriksson NR,5
80943510,Nilsson KF,6
80943510,Eriksson HJ,7
80943510,Johansson P,8
28334076,Lopez JE,1
28334076,Rodriguez HM,2
28334076,Martinez D,3
28334076,Martinez G,4
56024114,de Vries J,1
56024114,Jansen V,2
56024114,Jansen P,3
56024114,Jang BD,4
56024114,Mulder SP,5
56024114,Jansen E,6
56024114,Mulder K,7
56024114,Meijer Y,8
38703801,Ahmadi JN,1
38703801,Rezaei KN,2
38703801,Mohammadi CE,3
59421807,Marino B,1
59421807,Greco MT,2
59421807,Ferrari N,3
24622155,Morris RL,1
24622155,Williams JP,2
24622155,Edwards NJ,3
24622155,Hughes L,4
24622155,Wood P,5
24622155,Hill C,6
57676873,Weber LK,1
57676873,Schmid S,2
57676873,Keller P,3
57676873,Meier J,4
57676873,Gerber T,5
57676873,Keller JK,6
57676873,Gerber CP,7
85219833,Roux G,1
85219833,Girard H,2
85219833,Simon NJ,3
87628850,Takahashi M,1
87628850,Yamamoto P,2
87628850,Takahashi D,3
87628850,Sato B,4
45064958,Sharma T,1
73145681,Murphy F,1
73145681,Thompson VP,2
73145681,Mitchell P,3
73145681,Lee P,4
81820404,Ward GJ,1
19107365,Gupta M,1
69797876,Schmid AS,1
69797876,Huber C,2
69797876,Gerber J,3
69797876,Mueller B,4
69797876,Gerber DH,5
23737446,Mulder J,1
23737446,de Jong MK,2
23737446,Jansen J,3
23737446,de Jong B,4
98056719,Sahin FB,1
98056719,Sahin B,2
98056719,Aydin PS,3
98056719,Kaya K,4
98056719,Sahin N,5
98056719,Yilmaz A,6
98056719,Yilmaz S,7
30750424,Lin A,1
30750424,Xu P,2
30750424,Lin J,3
30750424,Wang T,4
30750424,Chen Y,5
30750424,Li P,6
30750424,Zhu R,7
64379030,Celik FV,1
64379030,Clark T,2
64379030,Allen D,3
64379030,Allen MN,4
64379030,Davis B,5
64379030,Anderson N,6
64379030,Brown H,7
64379030,Jackson D,8
64379030,Walker AG,9
64379030,Thomas MT,10
64379030,Brown L,11
64379030,Smith N,12
53866858,Hall HA,1
53866858,Ward T,2
53866858,Ward GJ,3
70211450,Fournier A,1
70211450,Leroy R,2
70211450,Lefebvre KV,3
70211450,Leroy SH,4
70211450,Laurent TF,5
35760249,Aydin AS,1
35760249,Celik R,2
35760249,Gomez E,3
35760249,Aydin K,4
35760249,Ozturk H,5
53766943,Smith L,1
53766943,Allen D,2
27165679,Yang V,1
27165679,He H,2
27165679,Wu TH,3
27165679,Zhao G,4
27165679,Yang E,5
27165679,Ma EV,6
10828938,Hill J,1
10828938,Hill C,2
10828938,Hall Y,3
10828938,Hughes N,4
69848751,Peeters BF,1
79780033,Gerber S,1
79780033,Schmid AS,2
79780033,Gerber CP,3
79780033,Steiner H,4
79780033,Meier L,5
79780033,Weber MN,6
79780033,Keller E,7
79780033,Gerber V,8
30961598,Sharma L,1
30961598,Reddy S,2
30961598,Iyer B,3
30961598,Patel B,4
62930816,Girard V,1
62930816,Durand MV,2
62930816,Yilmaz N,3
62930816,Bonnet R,4
62930816,Bernard LG,5
62930816,Bernard ME,6
62930816,Garcia E,7
62930816,Blanc L,8
62930816,Simon C,9
62930816,Lefebvre F,10
62930816,Michel V,11
62930816,Fournier R,12
40219695,Wagner F,1
40219695,Schneider SV,2
40219695,Thomas S,3
40219695,Schulz DM,4
40219695,Koch RC,5
40219695,Fischer H,6
60074568,Wilson H,1
60074568,Cooper F,2
60074568,Roberts C,3
60074568,Evans CP,4
60074568,Hall Y,5
60074568,Wood D,6
60074568,Wood GE,7
60074568,Hill T,8
60074568,Cooper AE,9
60074568,Edwards GS,10
23793216,Suzuki BJ,1
23793216,Nakamura HS,2
23793216,Nakamura P,3
23793216,Tanaka PT,4
23793216,Suzuki PP,5
23793216,Nakamura D,6
23793216,Ito P,7
15271605,White MA,1
15271605,Clark AH,2
15271605,Smith N,3
45180280,Sato P,1
45180280,Watanabe N,2
98942214,Celik M,1
98942214,Demir A,2
98942214,Kaya PB,3
98942214,Sahin FB,4
90800456,Costa AB,1
90800456,Nascimento BT,2
90800456,Costa L,3
80412571,Bianchi H,1
80412571,Gallo HF,2
80412571,Gallo R,3
80412571,Bruno BK,4
80412571,Bruno E,5
80412571,Romano T,6
80412571,Ferrari H,7
52822894,Baker F,1
52822894,Anderson SN,2
52822894,Anderson L,3
52822894,Miller L,4
52822894,Lewis YG,5
52822894,Clark TF,6
52822894,Thomas S,7
29299912,Schmid CB,1
29299912,Steiner R,2
29299912,Weber HH,3
29299912,Weber R,4
29299912,Mueller RY,5
29299912,Campbell EJ,6
29299912,Gerber DH,7
22359527,Maes B,1
22359527,Willems G,2
22359527,Willems MK,3
26892934,Harris R,1
26892934,Davis R,2
26892934,Davis B,3
12521304,Walker A,1
12521304,Taylor PM,2
12521304,Harris CE,3
12521304,Davis H,4
11814307,Lin G,1
11814307,Baker FD,2
11814307,Zhu C,3
11814307,Yang J,4
94026342,Wagner L,1
94026342,Schulz DM,2
94026342,Fischer H,3
94270731,Fernandez PL,1
94270731,Karlsson JT,2
94270731,Olsson T,3
94270731,Karlsson S,4
94270731,Olsson V,5
60263546,Miller H,1
60263546,Lewis YG,2
96196375,Oliveira H,1
96196375,Lima D,2
96196375,Pereira S,3
96196375,Lima GE,4
96196375,Costa PS,5
96196375,Silva TY,6
56984947,Gallo P,1
56984947,Ferrari N,2
91408687,Ahmadi JN,1
91408687,Rezaei DE,2
91408687,Moradi HA,3
91408687,Jafari L,4
91408687,Karimi A,5
91408687,Mohammadi GY,6
91408687,Rezaei C,7
91408687,Karimi C,8
91408687,Ahmadi PM,9
91408687,Mohammadi CE,10
40448625,Aydin AS,1
40448625,Aydin HJ,2
40448625,Sahin P,3
40448625,Ozturk H,4
80288928,Roy P,1
80288928,Tremblay E,2
80288928,Cote D,3
80288928,Lavoie H,4
80288928,Cote M,5
25059824,Souza P,1
25059824,Rodrigues DH,2
25059824,Nascimento BT,3
67238618,Rossi A,1
67238618,Bruno P,2
67238618,Marino B,3
67238618,Ricci TK,4
67238618,Gallo NC,5
67238618,Ferrari N,6
95211599,Johnson SR,1
95211599,Young FG,2
95211599,Harris R,3
23145875,Simon V,1
23145875,Leroy R,2
23145875,Bernard FF,3
93448413,Hu F,1
93448413,Zhou MC,2
93448413,Sun B,3
85754481,Schmid AS,1
85754481,Huber Y,2
85754481,Mueller AK,3
85754481,Gerber V,4
82505024,Gomez J,1
82505024,Ruiz T,2
82505024,Martinez SA,3
38261877,Mertens FE,1
38261877,Maes B,2
38261877,Willems MK,3
57685632,Suzuki D,1
57685632,Suzuki T,2
57685632,Takahashi SH,3
84641182,Robinson C,1
84641182,O'Brien G,2
84641182,Lee KH,3
84641182,Thompson R,4
84641182,Mitchell C,5
84641182,Walsh M,6
17721668,Nakamura M,1
17721668,Sato H,2
17721668,Tanaka V,3
17721668,Takahashi SH,4
73947602,Morin J,1
73947602,de Jong JN,2
73947602,Rodrigues JP,3
73947602,Silva H,4
73947602,Santos S,5
73947602,Williams S,6
73947602,Lima A,7
73947602,Costa AB,8
73947602,Almeida L,9
73947602,Pereira S,10
87075641,Alvarez B,1
87075641,Ruiz FL,2
46402935,Sahin N,1
46402935,Sahin FE,2
46402935,Demir C,3
46402935,Yildiz BJ,4
46402935,Yildiz S,5
46402935,Yilmaz S,6
40116541,Allen J,1
40116541,Anderson AD,2
40116541,Baker MR,3
40116541,Harris CE,4
40116541,Lewis YG,5
18110945,Kim G,1
18110945,Kang A,2
18110945,Jung VS,3
69322344,Weber HH,1
69322344,Keller E,2
69322344,Schmid AS,3
69322344,Mueller C,4
69322344,Schmid NA,5
69322344,Gerber V,6
34080830,Lee KH,1
34080830,Walsh T,2
34080830,Walsh M,3
57116271,Lavoie B,1
57116271,Tremblay N,2
57116271,Gagnon G,3
57116271,Tremblay D,4
55247426,Choi A,1
55247426,Park C,2
55247426,Jang B,3
20661888,de Boer M,1
20661888,van Dijk G,2
20661888,de Vries L,3
20661888,de Jong E,4
20661888,Smit D,5
27700266,Ryan J,1
27700266,Kelly L,2
27700266,King J,3
27700266,Murphy KP,4
27700266,King CA,5
27700266,Walsh M,6
27700266,Walsh L,7
27700266,Lee V,8
14908188,Janssens T,1
14908188,Willems H,2
14908188,Liu B,3
14908188,Mertens FV,4
14908188,Goossens FB,5
14908188,Peeters B,6
14908188,Mertens MJ,7
14908188,de Vries AN,8
14908188,Jacobs KC,9
14908188,Mertens NH,10
82102328,Murphy K,1
82102328,Ryan E,2
82102328,Walsh L,3
82102328,O'Brien AT,4
82102328,Thompson T,5
82102328,King F,6
25338449,Reddy S,1
25338449,Rao Y,2
25338449,Patel B,3
68196020,Lee FR,1
68196020,Walsh K,2
68196020,Ryan A,3
68196020,Steiner C,4
68196020,Walsh M,5
68196020,Ryan G,6
68196020,O'Brien Y,7
60487188,Patel D,1
60487188,Gupta EY,2
60487188,Patel V,3
60487188,Sharma M,4
60487188,Rao V,5
60487188,Sharma EH,6
60487188,Singh K,7
60487188,Kumar D,8
60487188,Iyer YK,9
60487188,Singh L,10
60487188,Kumar J,11
60487188,Gupta F,12
98697466,Jung FV,1
98697466,Yoon F,2
98697466,Wagner VY,3
98697466,Park N,4
98697466,Jang B,5
66163868,Ito A,1
66163868,Watanabe J,2
66163868,Tanaka N,3
25236947,de Jong N,1
25236947,van Dijk F,2
25236947,van Dijk T,3
25236947,van Dijk D,4
25236947,de Vries AN,5
79066510,Zhao A,1
79066510,Green B,2
32575879,Watanabe MG,1
32575879,Suzuki D,2
32575879,Sato B,3
20717435,Rodriguez B,1
20717435,Durand PT,2
20717435,Girard G,3
20717435,Simon F,4
95989390,Andersson N,1
95989390,Nilsson G,2
95989390,Karlsson CL,3
95989390,Eriksson HJ,4
95989390,Persson B,5
95989390,Zielinski C,6
95989390,Olsson V,7
13425421,Ricci T,1
13425421,Marino R,2
13425421,Romano A,3
13425421,Greco D,4
13425421,Colombo L,5
17078019,Han JD,1
17078019,Lim C,2
17078019,Han B,3
17078019,Lim S,4
17078019,Park C,5
17078019,Yoon H,6
17078019,Jang B,7
19328722,Gagnon B,1
19328722,Campbell B,2
19328722,Campbell Y,3
19328722,Fortin DN,4
19328722,Morin G,5
52906208,Nowak BP,1
52906208,Laurent V,2
52906208,Scott N,3
52906208,Thomas TS,4
52906208,Young AM,5
52906208,Thomas AA,6
52906208,Johnson SR,7
52906208,Huber C,8
52906208,Brown V,9
52906208,Harris R,10
55956973,Celik K,1
55956973,Yilmaz LG,2
55956973,Yilmaz N,3
55956973,Yilmaz S,4
64736226,Campbell C,1
64736226,Gagne KK,2
64736226,Morin G,3
97989241,Davis NR,1
97989241,Chen CL,2
97989241,Liu P,3
97989241,Sun J,4
97989241,Guo NH,5
25120973,Guo E,1
25120973,Wang L,2
25120973,Yang N,3
25120973,Ma ET,4
29291456,Kaminski AR,1
29291456,Kaminski GS,2
29291456,Wisniewski T,3
29291456,Wisniewski GN,4
29291456,Wojcik T,5
84573953,Richter SV,1
84573953,Hoffmann KM,2
84573953,Klein KV,3
84573953,Klein K,4
84573953,Fischer NF,5
29525649,Wilson DA,1
29525649,Allen BR,2
29525649,Baker VM,3
29525649,Davis EH,4
29525649,Anderson RY,5
12011046,de Jong JN,1
12011046,de Boer L,2
12011046,Meijer PL,3
12011046,Blanc T,4
12011046,van den Berg FM,5
12011046,de Vries L,6
98051872,Weber SC,1
98051872,Gerber CP,2
98051872,Gerber V,3
59497591,Williams JP,1
59497591,Hughes L,2
59497591,Hill MK,3
59497591,Morris RL,4
59497591,Lopez K,5
59497591,Hill C,6
84522313,Murphy G,1
84522313,Mitchell P,2
84522313,Kelly B,3
84522313,Murphy B,4
84522313,Walsh M,5
70360839,Lewis B,1
70360839,Anderson FY,2
70360839,Brown TT,3
70360839,Miller H,4
70360839,Allen J,5
70360839,Smith S,6
70360839,Johnson H,7
70360839,Lewis YG,8
34657293,Anderson LP,1
34657293,Allen PC,2
34657293,Anderson Y,3
34657293,Thomas MT,4
34657293,Johnson F,5
34657293,Jackson K,6
47577331,Gonzalez B,1
47577331,Lefebvre KV,2
47577331,Fournier JY,3
47577331,Mercier M,4
47577331,Laurent TF,5
20036135,Mueller L,1
20036135,Hoffmann R,2
20036135,Richter S,3
20036135,Weber E,4
20036135,Wolf VC,5
20036135,Richter AB,6
99847563,Suzuki D,1
99847563,Watanabe J,2
99847563,Takahashi SH,3
99847563,Tanaka J,4
99847563,Watanabe G,5
99847563,Sato B,6
69811708,Kim A,1
69811708,Han PS,2
30056629,Klein HY,1
30056629,Wolf HE,2
30056629,Richter G,3
30056629,Richter D,4
30056629,Weber Y,5
12074344,Allen FM,1
12074344,Allen RM,2
10370842,Becker F,1
10370842,Fischer PK,2
10370842,Schneider P,3
10370842,Hoffmann YD,4
10370842,Wolf F,5
11022571,Gallo M,1
11022571,Gallo FC,2
11022571,Ricci T,3
11022571,Romano NY,4
11022571,Colombo L,5
26655626,Wagner P,1
26655626,Han V,2
26655626,Wagner F,3
26655626,Schulz DM,4
26655626,Becker A,5
26655626,Wagner L,6
26655626,Wagner BS,7
26655626,Mueller H,8
26655626,Mueller F,9
26655626,Fischer H,10
36866665,MacDonald S,1
36866665,Roy P,2
36866665,Gagne BM,3
36866665,Cote M,4
98406158,Young M,1
98406158,Johnson JS,2
98406158,Wright MM,3
98406158,Moore C,4
98406158,Wilson TH,5
98406158,Davis M,6
78543607,Fischer B,1
78543607,Oliveira H,2
78543607,Richter D,3
78543607,Young NJ,4
78543607,Richter N,5
78543607,Weber Y,6
96678587,Lima EP,1
96678587,Santos S,2
96678587,Nascimento YG,3
96678587,Costa Y,4
96678587,Almeida BD,5
96678587,Pereira S,6
25014254,Laurent K,1
25014254,Durand GE,2
25014254,Michel TK,3
25014254,Fournier DH,4
25014254,Laurent R,5
25014254,David T,6
25014254,Simon F,7
45474197,Fortin DN,1
45474197,MacDonald B,2
45474197,MacDonald R,3
25726959,Davis EK,1
25726959,Taylor JV,2
25726959,Young D,3
25726959,Wilson RF,4
25726959,Scott DA,5
25726959,Baker YD,6
25726959,White CG,7
25726959,Wright R,8
25726959,Wilson SD,9
25726959,Scott R,10
25726959,Johnson P,11
25726959,Brown MR,12
40294793,Meier S,1
40294793,Weber C,2
40294793,Schmid S,3
40294793,Meier DK,4
40294793,Steiner N,5
13495734,Bertrand N,1
13495734,Mercier D,2
13495734,Bernard AY,3
19311690,Olsson T,1
19311690,Karlsson JT,2
19311690,Nilsson Y,3
19311690,Olsson E,4
19311690,Olsson S,5
19311690,Olsson V,6
55872150,Wang F,1
55872150,Zhang C,2
55872150,Wu S,3
39856357,Hughes V,1
39856357,Hughes L,2
39856357,Williams JP,3
39856357,Roberts PN,4
39856357,Hughes K,5
39856357,Morris RL,6
39856357,Hill C,7
12123399,Wojcik N,1
12123399,Nowak HR,2
12123399,Wojcik T,3
83173004,Fortin D,1
83173004,Fortin VM,2
83173004,Tremblay M,3
83173004,Tremblay N,4
83173004,Tremblay D,5
58272354,Mercier F,1
58272354,Durand B,2
58272354,Bernard FF,3
44994830,He B,1
44994830,Zhang V,2
44994830,Guo KP,3
44994830,Wood LD,4
44994830,Zhu S,5
44994830,Liu SF,6
44994830,Zhang T,7
44994830,Nair A,8
44994830,Zhao GH,9
44994830,Yang PR,10
66967321,Cho AT,1
66967321,Jung S,2
66967321,Yoon H,3
66967321,Choi PE,4
66967321,Park LT,5
66967321,Kim V,6
32977420,Eriksson K,1
32977420,Singh D,2
32977420,Yildiz C,3
32977420,Kaya K,4
32977420,Ozturk H,5
64094852,Wagner L,1
64094852,Klein S,2
64094852,Nair G,3
64094852,Mueller F,4
64094852,Fischer H,5
24216730,Wood LV,1
24216730,Hill MG,2
13091208,Walker A,1
13091208,Allen D,2
13091208,Morin G,3
13091208,Davis H,4
55409440,Allen S,1
55409440,Moore L,2
55409440,Taylor MY,3
88872955,Han V,1
88872955,Cho M,2
88872955,Han PS,3
32279046,Zhao MY,1
32279046,Huang T,2
32279046,Xu P,3
32279046,Zhao G,4
32279046,Chen M,5
32279046,Guo E,6
32279046,Peeters C,7
32279046,He P,8
18357452,Fournier RJ,1
18357452,Bertrand ER,2
18357452,Bernard DL,3
18357452,Lefebvre KV,4
18357452,Laurent E,5
18357452,Laurent TF,6
22755077,Patel V,1
22755077,Gupta RR,2
22755077,Patel JY,3
22755077,Gupta M,4
40250739,Fortin Y,1
40250739,Gagne SN,2
40250739,King T,3
40250739,Fortin S,4
40250739,Cote KY,5
40250739,Lavoie L,6
40250739,Gauthier JN,7
36908819,Fischer R,1
36908819,Schneider L,2
36908819,Meyer D,3
36908819,Schneider P,4
36908819,Weber Y,5
61618515,Murphy HH,1
61618515,Lee LJ,2
61618515,Murphy H,3
61618515,Lee FR,4
61618515,Mitchell H,5
61618515,Mitchell D,6
61618515,Ryan LB,7
61618515,Walsh YD,8
61618515,Kelly G,9
61618515,de Vries D,10
61618515,Murphy YF,11
61618515,King J,12
99327153,Wagner VY,1
39488499,MacDonald Y,1
39488499,Gauthier CA,2
39488499,Morin J,3
39488499,Tremblay D,4
93585114,Becker MH,1
93585114,Becker S,2
93585114,Meyer E,3
93585114,Weber Y,4
27581704,Taylor EB,1
27581704,Lewis H,2
27581704,Chen VH,3
27581704,Young YA,4
27581704,Anderson LP,5
27581704,Jackson K,6
94086847,Girard JV,1
94086847,Moreau NV,2
94086847,Bernard DL,3
42591946,Patel B,1
42591946,Gupta M,2
94197748,He MB,1
94197748,Gupta RR,2
94197748,Guo NH,3
10768164,Anderson AD,1
10768164,Harris K,2
10768164,Miller E,3
10768164,Walker A,4
10768164,Davis H,5
64502065,Ruiz Y,1
64502065,Lopez D,2
64502065,Moreno YM,3
16597475,Han PD,1
16597475,Jung R,2
16597475,Jang BD,3
16597475,Han PS,4
12171238,Esposito C,1
12171238,Wolf J,2
12171238,Koch EF,3
12171238,Schneider E,4
12171238,Schmidt JA,5
12390700,Kobayashi B,1
12390700,Kobayashi FN,2
12390700,Yamamoto A,3
12390700,Watanabe N,4
12390700,Yamada V,5
12390700,Kobayashi A,6
12390700,Nakamura PJ,7
12390700,Yoshida P,8
92039490,Ferrari G,1
92039490,Ricci RP,2
27088364,Davis B,1
27088364,Taylor HG,2
27088364,Miller J,3
27088364,Lewis KK,4
27088364,Johnson DV,5
27088364,Baker CE,6
27088364,Harris DD,7
91712917,Meyer H,1
91712917,Larsson TP,2
91712917,Wagner VY,3
14609759,Rezaei KN,1
14609759,Jafari S,2
14609759,Mohammadi NJ,3
14609759,Moradi G,4
14609759,Jafari A,5
80360618,Johnson L,1
80360618,Walker AG,2
80360618,Johnson DP,3
89736935,Bakker C,1
89736935,Bakker A,2
71101038,Willems D,1
71101038,Claes CY,2
71101038,Peeters B,3
71101038,Janssens R,4
71101038,Claes NC,5
71101038,Maes T,6
71101038,Janssens JM,7
71101038,Peeters BF,8
46954279,Greco PR,1
46954279,Greco F,2
46954279,Romano AS,3
46954279,Romano R,4
46954279,Gallo F,5
46954279,Greco D,6
46954279,Rossi H,7
33710629,Anderson R,1
33710629,White CG,2
21942759,Yamada AP,1
21942759,Sato V,2
21942759,Yoshida FK,3
21942759,Nakamura S,4
21942759,Sato ME,5
71973865,Takahashi D,1
71973865,Rao Y,2
71973865,Nakamura VK,3
71973865,Takahashi SH,4
63768346,Vincent G,1
63768346,Leroy K,2
63768346,Michel G,3
63768346,Blanc T,4
13678193,Johnson SR,1
13678193,Taylor JV,2
13678193,Davis M,3
13678193,Anderson E,4
13678193,Young FG,5
13678193,Smith CG,6
13678193,Taylor HM,7
13678193,Harris R,8
75718300,Durand B,1
75718300,Bernard N,2
75718300,Petit D,3
75718300,Blanc T,4
75718300,David F,5
75718300,Girard YD,6
75718300,Bernard FF,7
95991961,Ryan A,1
95991961,O'Brien Y,2
93413203,White J,1
93413203,Harris DD,2
99019889,Baker YD,1
99019889,Kato G,2
99019889,Harris P,3
99019889,Taylor JV,4
99019889,Wilson HA,5
99019889,Brown MR,6
43355452,Sato P,1
43355452,Kobayashi FN,2
43355452,Yamada V,3
43355452,Watanabe N,4
43355452,Kobayashi B,5
43355452,Yoshida P,6
81180640,Bertrand RR,1
81180640,Durand C,2
81180640,Blanc T,3
81180640,Petit F,4
81180640,Simon F,5
32624601,Baker CE,1
32624601,White CM,2
32624601,Walker S,3
32624601,Taylor HG,4
32624601,Lewis L,5
32624601,Clark RP,6
32624601,Harris NY,7
32624601,Mueller A,8
32624601,Miller J,9
32624601,Lewis GJ,10
32624601,Miller PK,11
32624601,Harris DD,12
96175678,Wu S,1
96175678,Wu TH,2
96175678,Zhou E,3
96175678,Pereira LV,4
96175678,Yang N,5
96175678,Rao Y,6
96175678,Ma HS,7
96175678,Wang L,8
96175678,Hu V,9
96175678,Ma ET,10
16601483,Gupta JA,1
16601483,Gupta D,2
16601483,Rao Y,3
16601483,Patel B,4
86125559,Brown B,1
86125559,Davis K,2
86125559,Davis B,3
73911228,Hosseini S,1
73911228,Walsh HB,2
73911228,Mohammadi T,3
73911228,Mohammadi SN,4
73911228,Karimi D,5
73911228,Jafari R,6
73911228,Jafari A,7
28270658,Kang Y,1
28270658,Moreno Y,2
28270658,Han PS,3
48668960,Ricci TK,1
48668960,Colombo PC,2
48668960,Rossi JD,3
48668960,Ward T,4
48668960,Bianchi F,5
48668960,Ferrari N,6
82107553,Lin R,1
82107553,Lim K,2
82107553,Park T,3
82107553,Zhang H,4
82107553,Huang CA,5
82107553,Huang L,6
82107553,Wu S,7
69548938,Jansen LE,1
69548938,Meijer D,2
69548938,Meijer LP,3
69548938,Bakker A,4
35580466,Costa M,1
35580466,Bertrand YN,2
35580466,Silva K,3
35580466,Oliveira L,4
35580466,Rodrigues J,5
33190497,Lewis Y,1
33190497,Young PN,2
33190497,Davis DM,3
33190497,Walker RR,4
33190497,Jackson KH,5
33190497,Taylor S,6
33190497,Walker G,7
33190497,Wilson V,8
30314231,Simon N,1
11184681,Baker P,1
11184681,Lewis L,2
11184681,Johnson DP,3
11184681,Taylor MY,4
31591534,Taylor J,1
31591534,Wilson F,2
31591534,White S,3
31591534,Lewis FM,4
67545204,Yang T,1
67545204,Bianchi SJ,2
67545204,Lin A,3
67545204,Xu G,4
67545204,Chen PE,5
67545204,Liu N,6
67545204,Jones H,7
67545204,Zhu R,8
52895538,Ferrari Y,1
52895538,Greco D,2
52895538,Gallo N,3
52895538,Colombo PC,4
52895538,Ferrari L,5
52895538,Gallo TE,6
52895538,Rossi H,7
97433219,Garcia EH,1
97433219,Garcia SS,2
97433219,Bertrand H,3
97433219,David B,4
97433219,Girard Y,5
97433219,Laurent TF,6
88529305,Smith JB,1
88529305,Miller RC,2
88529305,Taylor GM,3
88529305,Scott KM,4
88529305,Walker TB,5
43521081,Green C,1
43521081,Green G,2
43521081,Hill LG,3
43521081,Roberts F,4
43521081,Turner G,5
43521081,Turner Y,6
95789207,Sato DK,1
95789207,Watanabe T,2
95789207,Gauthier JN,3
95789207,Tanaka L,4
95789207,Suzuki PP,5
95789207,Yamamoto MK,6
95789207,Yamada AP,7
95789207,Nakamura HS,8
95789207,Nakamura D,9
95789207,Ito P,10
87633245,Kang D,1
87633245,Park T,2
87633245,Jung P,3
87633245,Choi A,4
87633245,Kim G,5
87633245,Park YF,6
87633245,Jung VS,7
70674030,Russo RS,1
70674030,Russo BD,2
70674030,Ricci RP,3
27483464,Lima A,1
27483464,Santos S,2
27483464,Silva TY,3
27483464,Pereira S,4
58166546,Ruiz AR,1
58166546,Diaz DK,2
58166546,Rodriguez Y,3
58166546,Lopez JE,4
58166546,Martinez G,5
36985738,Ryan G,1
36985738,O'Brien F,2
36985738,King J,3
36985738,O'Brien Y,4
78575315,Willems GJ,1
78575315,Jacobs V,2
78575315,Jacobs A,3
78575315,Lewis D,4
78575315,Janssens LD,5
78575315,Goossens TA,6
78575315,Janssens JM,7
78575315,Goossens PR,8
78575315,Morin B,9
78575315,Janssens N,10
78575315,Petit JE,11
78575315,Willems MK,12
10033430,Demir A,1
10033430,Demir C,2
10033430,Demir M,3
10033430,Celik M,4
10033430,Yilmaz S,5
10033430,Sahin M,6
10033430,Kaya PB,7
10033430,Sahin FB,8
76441871,Karimi H,1
76441871,Hosseini LD,2
76441871,Rahimi ET,3
76441871,Hosseini F,4
76441871,Rezaei KN,5
26031772,Huber DC,1
26031772,Schmid S,2
26031772,Schmid AS,3
26031772,Keller E,4
26031772,Steiner HC,5
26031772,Steiner N,6
36815791,Nilsson JT,1
36815791,Eriksson NR,2
36815791,Karlsson P,3
36815791,Ferrari N,4
36815791,Larsson TP,5
36815791,Fournier A,6
36815791,Karlsson KM,7
36815791,Eriksson C,8
36815791,Eriksson JN,9
36815791,Olsson S,10
73608370,Hill S,1
73608370,Cooper J,2
73608370,Hall N,3
73608370,Green SH,4
79953742,Gagnon PA,1
79953742,Gagnon AL,2
79953742,Fortin DN,3
79953742,Cote N,4
79953742,MacDonald B,5
79953742,Roy N,6
79953742,MacDonald R,7
15212109,Lewis P,1
15212109,Kowalski S,2
15212109,White D,3
15212109,Miller RC,4
15212109,Allen V,5
15212109,Johnson T,6
15212109,Johnson H,7
15212109,Allen RM,8
44987446,Lewis KK,1
44987446,Allen KR,2
44987446,Miller J,3
44987446,Harris DD,4
11201782,Hill S,1
11201782,Roy PN,2
11201782,Morris M,3
11201782,Green SH,4
50726236,Nilsson KF,1
50726236,Eriksson T,2
50726236,Persson G,3
50726236,Larsson FF,4
50726236,Johansson P,5
36023599,Russo N,1
36023599,Ferrari SV,2
36023599,Ricci RP,3
58296465,Mueller RY,1
58296465,Weber R,2
58296465,Schmid A,3
58296465,Meier DN,4
58296465,Gerber DH,5
34303095,Wagner L,1
34303095,Richter D,2
34303095,Klein AB,3
34303095,Murphy DH,4
34303095,Fischer H,5
80329188,Girard V,1
80329188,Durand MV,2
80329188,Leroy SH,3
80329188,Bertrand S,4
80329188,Garcia E,5
80329188,Vincent ES,6
80329188,Fournier R,7
85856917,Johnson DP,1
85856917,Walker RR,2
85856917,Walker V,3
85856917,Davis DM,4
85856917,Smith S,5
85856917,Davis R,6
85856917,Young PA,7
85856917,Thomas TS,8
85856917,Anderson A,9
85856917,Davis B,10
65642992,Bertrand V,1
65642992,Martin S,2
65642992,Blanc E,3
65642992,Blanc T,4
50172658,Weber SC,1
50172658,Mueller B,2
50172658,Ryan ND,3
50172658,Schmid AS,4
50172658,Meier DN,5
50172658,Gerber V,6
60554851,Sun B,1
60554851,Wu S,2
21299351,Laurent MA,1
21299351,Lefebvre DJ,2
21299351,Bertrand ER,3
21299351,Garcia SS,4
21299351,Laurent TF,5
44257280,Huang C,1
44257280,Guo E,2
76300927,Schmid S,1
76300927,Weber KF,2
76300927,Gerber EH,3
76300927,Weber HN,4
76300927,Meier S,5
65743696,Gonzalez HB,1
65743696,Russo JE,2
65743696,Lee V,3
65743696,Esposito J,4
75806414,van den Berg S,1
75806414,Mulder SP,2
75806414,Meijer Y,3
38675234,Hall Y,1
38675234,Wood GE,2
38675234,Wood D,3
38675234,Edwards GS,4
59464628,Klein V,1
59464628,Jansen N,2
59464628,Meijer J,3
59464628,van Dijk A,4
59464628,de Jong B,5
79340395,Wolf C,1
79340395,Mueller YJ,2
79340395,Mueller L,3
79340395,Richter AB,4
52771011,Russo JE,1
52771011,Romano R,2
52771011,Bianchi NB,3
52771011,Russo DN,4
28309438,Yoshida L,1
28309438,Cote YF,2
28309438,Fortin DN,3
28309438,Tremblay D,4
28309438,Gagnon PA,5
28309438,Tremblay CL,6
28309438,Gagnon AL,7
28309438,Roy N,8
28309438,MacDonald B,9
28309438,MacDonald R,10
14745329,Thompson Y,1
14745329,Kelly NK,2
14745329,Murphy LG,3
14745329,King BM,4
14745329,Murphy G,5
14745329,Walsh M,6
23999163,Gagnon K,1
23999163,Gagne M,2
23999163,Roy YD,3
23999163,Morin HH,4
41183593,Takahashi MS,1
41183593,Yamada L,2
41183593,Watanabe Y,3
41183593,Sato P,4
52211914,Ozturk TH,1
52211914,Roux EP,2
52211914,Schulz C,3
52211914,Becker N,4
52211914,Fischer NF,5
83295658,Mueller AK,1
83295658,Meier AF,2
83295658,Keller H,3
83295658,Schmid KJ,4
83295658,Keller D,5
83295658,Meier S,6
88852063,Murphy K,1
88852063,Lee K,2
88852063,Murphy H,3
88852063,Lee R,4
88852063,Lee L,5
88852063,King F,6
20991989,Schulz NR,1
20991989,Becker T,2
20991989,Schneider D,3
20991989,Mueller YJ,4
16455093,Steiner HC,1
16455093,Steiner N,2
53972421,Yamamoto MB,1
53972421,Kobayashi CK,2
53972421,Yoshida H,3
53972421,Sato P,4
51009840,Gomez BY,1
51009840,Martinez D,2
51009840,Sanchez YN,3
51009840,Sanchez C,4
51009840,Ruiz A,5
51009840,Lopez E,6
51009840,Gomez YN,7
51009840,Diaz C,8
95026617,Guo NH,1
30782225,Wang MR,1
30782225,Wu EA,2
30782225,Liu RJ,3
30782225,Huang RV,4
30782225,Hu T,5
24521221,Yoshida E,1
24521221,Rodriguez F,2
24521221,Takahashi SH,3
82890242,Guo CS,1
82890242,Wu VS,2
82890242,Xu L,3
82890242,He MB,4
82890242,Guo NH,5
34197384,Bakker C,1
34197384,van den Berg D,2
34197384,Gerber V,3
34197384,Bakker A,4
92530927,Murphy K,1
92530927,Ryan N,2
92530927,King P,3
92530927,Mitchell GG,4
92530927,Murphy YA,5
92530927,King F,6
62982601,Hoffmann F,1
62982601,Koch RH,2
62982601,Schmidt JA,3
94986282,Rodriguez B,1
94986282,Thomas MV,2
94986282,Baker N,3
94986282,Davis R,4
94986282,Anderson A,5
94986282,Wilson NB,6
94986282,Davis B,7
14946513,Lavoie V,1
14946513,Morin D,2
14946513,Gauthier JN,3
15463059,Gerber J,1
15463059,Gerber DH,2
21045820,Lima D,1
21045820,Nascimento JT,2
21045820,Smith R,3
21045820,Silva TY,4
60781963,Sharma T,1
60781963,Nair EC,2
60781963,Rao V,3
60781963,Singh M,4
60781963,Iyer YY,5
60781963,Patel V,6
60781963,Sharma PK,7
60781963,Gupta M,8
77364120,Ahmadi NG,1
77364120,Karimi A,2
77364120,Mohammadi GY,3
77364120,Karimi D,4
77364120,Patel B,5
77364120,Ahmadi JN,6
77364120,Mohammadi CE,7
86681442,Brown V,1
86681442,Anderson E,2
86681442,Johnson SR,3
86681442,Taylor HM,4
86681442,Young S,5
86681442,Young AM,6
86681442,Harris R,7
51694427,He G,1
51694427,Wu LC,2
51694427,Sun B,3
29487783,Chen N,1
29487783,Hu HM,2
43163946,Rao Y,1
43163946,Reddy JN,2
43163946,Sharma M,3
43163946,Singh D,4
43163946,Rao AR,5
43163946,Gupta F,6
60491337,Green R,1
60491337,Hall BB,2
60491337,Roberts K,3
60491337,Morris TG,4
60491337,Evans R,5
60491337,Hill MG,6
70253422,Sato J,1
70253422,Watanabe V,2
70253422,Yoshida H,3
70253422,Yoshida SB,4
70253422,Watanabe Y,5
70253422,Sato P,6
47770758,Moore R,1
47770758,Jackson M,2
47770758,Anderson RY,3
63029051,Lavoie V,1
63029051,Gauthier JN,2
39797911,Edwards YB,1
39797911,Evans J,2
39797911,Hughes HJ,3
59497567,Hosseini V,1
59497567,Moradi A,2
59497567,Mohammadi T,3
59497567,Rezaei KN,4
35388481,Marino CK,1
35388481,Marino R,2
35388481,Romano NY,3
35388481,Colombo L,4
83794463,Walsh L,1
83794463,Jackson D,2
83794463,Brown L,3
83794463,Fischer FK,4
83794463,Young LV,5
83794463,Thomas CT,6
83794463,Gerber C,7
83794463,Smith N,8
32079517,Watanabe P,1
32079517,Takahashi F,2
32079517,Suzuki PP,3
32079517,Yamada EC,4
32079517,Nakamura P,5
32079517,Takahashi H,6
32079517,Ito P,7
73706852,Anderson H,1
73706852,Jackson B,2
73706852,Baker M,3
73706852,Davis GE,4
73706852,Perez FF,5
73706852,White J,6
73706852,Harris DD,7
50523111,Persson E,1
50523111,Olsson E,2
50523111,Olsson V,3
82476565,Baker TS,1
82476565,Clark LB,2
82476565,Anderson AD,3
82476565,Lewis FR,4
14237170,Huber C,1
14237170,Weber R,2
14237170,Keller B,3
14237170,Keller S,4
14237170,Meier DK,5
14237170,Gerber L,6
14237170,Gerber DH,7
30712714,van Dijk F,1
30712714,Smit D,2
30712714,Mulder S,3
30712714,de Vries AN,4
79701858,Park C,1
79701858,Jang AV,2
79701858,Lim S,3
79701858,Han M,4
79701858,Jang B,5
87259284,Marino B,1
87259284,Greco PR,2
87259284,Esposito F,3
87259284,Bianchi NB,4
79166158,Gerber EH,1
79166158,Schmid AS,2
79166158,Keller JK,3
79166158,Keller E,4
79166158,Gerber V,5
28119397,Eriksson NR,1
28119397,Karlsson CL,2
28119397,Larsson K,3
28119397,Alvarez N,4
28119397,Olsson S,5
62210172,Han PD,1
62210172,Kang F,2
62210172,Jang D,3
62210172,Han PS,4
36004817,Maes K,1
36004817,Goossens FB,2
36004817,Willems D,3
36004817,Mertens NH,4
88768149,Allen D,1
88768149,Smith N,2
82447962,Huang JJ,1
82447962,Hu NG,2
82447962,Lewis C,3
82447962,He H,4
82447962,Zhang VY,5
34633894,Huber Y,1
34633894,Gerber V,2
45021196,Huang JJ,1
45021196,Wu YM,2
45021196,Zhang VY,3
95773562,de Jong Y,1
95773562,de Jong B,2
34118912,Allen MN,1
34118912,Baker AL,2
34118912,Walker T,3
34118912,Allen A,4
34118912,Wright LG,5
34118912,Miller C,6
34118912,Taylor DV,7
34118912,Anderson VF,8
34118912,Young N,9
34118912,White CG,10
63095985,Wilson V,1
77757427,Taylor HG,1
77757427,Brown CA,2
77757427,Miller J,3
77757427,Miller R,4
77757427,Jackson N,5
77757427,Anderson T,6
77757427,Souza B,7
77757427,Baker CE,8
77757427,Smith M,9
77757427,Harris DD,10
94777946,Nakamura F,1
94777946,Tanaka L,2
94777946,Sato GE,3
94777946,Yoshida FK,4
94777946,Nakamura HS,5
94777946,Ito P,6
93961402,Smit VR,1
93961402,de Boer N,2
93961402,Meijer D,3
93961402,Gauthier V,4
93961402,Bos J,5
93961402,Visser D,6
93961402,Meijer LP,7
93961402,van den Berg D,8
93961402,Visser H,9
93961402,Steiner BJ,10
93961402,Bakker C,11
93961402,Bakker A,12
84422595,Perez FF,1
84422595,Fernandez V,2
84422595,Diaz B,3
84422595,Moreno FK,4
56254391,Weber SC,1
56254391,Huber Y,2
56254391,Gerber B,3
56254391,Schmid AS,4
56254391,Gerber V,5
48485444,Fortin DN,1
48485444,Gagnon AL,2
48485444,MacDonald R,3
89910431,Lee V,1
89910431,O'Brien AT,2
89910431,O'Brien Y,3
52405524,Rossi H,1
52405524,Garcia E,2
52405524,Fournier R,3
66615913,Schmid KJ,1
66615913,Keller S,2
66615913,Meier S,3
34040042,Sato V,1
34040042,Watanabe Y,2
34040042,Ito P,3
35157635,Santos HV,1
35157635,Silva YE,2
35157635,Souza S,3
35157635,Almeida A,4
35157635,Pereira LV,5
94606128,Sharma NS,1
94606128,Joshi Y,2
94606128,Weber Y,3
94606128,Gupta D,4
94606128,Singh L,5
94606128,Gupta F,6
68890143,Diaz YY,1
68890143,Ruiz M,2
68890143,Diaz S,3
68890143,Fernandez LR,4
68890143,Rodriguez B,5
68890143,Moreno YM,6
25498660,Green P,1
25498660,Roberts VM,2
25498660,Edwards YB,3
25498660,Wolf F,4
25498660,Morris DP,5
25498660,Hughes HJ,6
63929739,Mulder NB,1
63929739,de Jong FH,2
63929739,van Dijk NF,3
63929739,Jansen K,4
63929739,Bakker NF,5
63929739,de Boer AF,6
63929739,Jansen V,7
63929739,de Vries J,8
63929739,Yildiz M,9
63929739,Visser M,10
63929739,de Jong B,11
63929739,Meijer Y,12
88266578,Evans J,1
88266578,Green S,2
88266578,Turner YR,3
88266578,Hall BT,4
88266578,Edwards GS,5
88266578,Hughes HJ,6
52510892,King TE,1
52510892,Mitchell C,2
52510892,Mitchell S,3
52510892,Lee P,4
56760841,Taylor S,1
56760841,Lewis C,2
56760841,Harris NM,3
56760841,Walker TB,4
32393426,Olsson TT,1
32393426,Larsson FF,2
32393426,Johansson P,3
64294302,Park Y,1
64294302,Jung JV,2
64294302,Choi R,3
64294302,Han FT,4
64294302,Kim V,5
64294302,Kang S,6
64294302,Jang YE,7
43531336,Sharma DJ,1
43531336,Gupta D,2
43531336,Iyer P,3
43531336,Nair T,4
43531336,Gupta JA,5
43531336,Reddy S,6
43531336,Singh FD,7
43531336,Patel B,8
53086398,Jacobs N,1
53086398,Willems A,2
53086398,Mertens NH,3
54248901,van den Berg S,1
54248901,Bakker BF,2
54248901,de Jong VS,3
54248901,Bos N,4
54248901,Meijer PP,5
54248901,de Jong N,6
54248901,de Vries AN,7
28097248,de Jong JN,1
28097248,de Vries AN,2
28097248,Jansen K,3
28097248,de Vries L,4
51891342,Roy P,1
51891342,Cote D,2
51891342,MacDonald B,3
51891342,Cote M,4
30831772,Laurent CK,1
30831772,Laurent K,2
30831772,Garcia S,3
30831772,Simon V,4
30831772,Garcia EH,5
30831772,Bernard FF,6
96041944,Gonzalez F,1
96041944,Singh M,2
96041944,Gomez YN,3
96041944,Ruiz D,4
96041944,Gonzalez R,5
96041944,Ruiz A,6
96041944,Ruiz C,7
96041944,Fernandez JB,8
96041944,Ruiz S,9
96041944,Moreno FK,10
49842488,Mercier P,1
49842488,Laurent G,2
49842488,Simon NJ,3
82975671,Edwards PH,1
82975671,Green B,2
50355765,Celik FV,1
50355765,Kaya K,2
50355765,Sahin FB,3
50355765,Yildiz S,4
50355765,Celik G,5
50355765,Yildiz BJ,6
50355765,Aydin F,7
50355765,Yilmaz S,8
89888085,Costa AB,1
89888085,Rodrigues DH,2
89888085,Pereira J,3
89888085,Thomas S,4
89888085,Silva PS,5
89888085,Lima S,6
89888085,Nascimento BT,7
11282412,Guo E,1
11282412,Huang L,2
11282412,Xu E,3
11282412,Chen VH,4
11282412,Wu S,5
52906384,Allen RM,1
52906384,Lewis FR,2
24005378,Weber LK,1
24005378,Schmid F,2
24005378,Gerber M,3
24005378,Huber K,4
24005378,Gerber CP,5
22812166,Rao C,1
22812166,Joshi H,2
22812166,Kowalski S,3
22812166,Rao DH,4
22812166,Gupta EY,5
59560982,Zhang H,1
59560982,Ma ET,2
59560982,Wu S,3
81664439,Sanchez T,1
81664439,Gonzalez GS,2
81664439,Sanchez PC,3
81664439,Gomez DD,4
81664439,Alvarez B,5
81664439,Sanchez FJ,6
81664439,Ruiz FL,7
91162756,Tremblay E,1
91162756,Cote M,2
12719909,MacDonald N,1
12719909,Gagnon K,2
12719909,Roy YD,3
12719909,Gagnon YK,4
12719909,Gagne K,5
12719909,Morin HH,6
99967267,Fournier DH,1
99967267,Girard G,2
99967267,Oliveira G,3
99967267,Simon F,4
13841423,Roy P,1
13841423,Bouchard PC,2
13841423,Lavoie AS,3
13841423,Gauthier P,4
13841423,Cote M,5
99722642,Williams D,1
99722642,Williams EH,2
99722642,Evans R,3
99722642,Hill MG,4
64576555,Thomas SY,1
64576555,Scott Y,2
64576555,Allen PC,3
64576555,Lewis K,4
64576555,Thomas PL,5
64576555,Allen D,6
46239115,Gonzalez HB,1
46239115,Patel V,2
46239115,Gupta M,3
99937319,Mueller K,1
99937319,Richter Y,2
99937319,Colombo CS,3
99937319,Koch G,4
99937319,Koch RC,5
99937319,Klein KV,6
99937319,Koch NG,7
39531713,Schulz A,1
39531713,Richter N,2
39531713,Koch H,3
39531713,Wolf F,4
43917018,Suzuki T,1
43917018,Nakamura Y,2
43917018,Tanaka V,3
43917018,Watanabe M,4
43917018,Takahashi SH,5
31053995,Lin H,1
31053995,Wang RD,2
31053995,He P,3
74679389,Peeters K,1
74679389,Jacobs S,2
74679389,Goossens AT,3
74679389,Janssens BH,4
74679389,Goossens H,5
74679389,Peeters S,6
74679389,Goossens M,7
74679389,Wright M,8
74679389,Goossens PR,9
74679389,Maes M,10
74679389,Goossens G,11
74679389,Mertens GM,12
68657280,Singh L,1
68657280,Hu GS,2
68657280,He E,3
68657280,Zhou H,4
68657280,Yang J,5
76682156,Yamamoto DJ,1
76682156,Lefebvre E,2
76682156,Watanabe T,3
76682156,Sato B,4
64808626,Larsson H,1
64808626,Zielinski RV,2
64808626,Kowalski FR,3
23231825,Xu MG,1
23231825,Zhao MY,2
23231825,Huang T,3
23231825,Huang FA,4
23231825,Yang AS,5
23231825,Hu J,6
23231825,Zhang VY,7
23231825,He P,8
52904014,Lefebvre KV,1
52904014,Blanc T,2
52904014,Lavoie V,3
52904014,Vincent BH,4
52904014,Bernard F,5
52904014,David T,6
52904014,Vincent VF,7
52904014,Laurent TF,8
92957730,Bernard MN,1
92957730,Bernard DL,2
75554605,Durand MV,1
75554605,Turner Y,2
75554605,Simon C,3
75554605,Martin L,4
75554605,Fournier R,5
94187248,Wilson M,1
94187248,Moradi T,2
94187248,Anderson LP,3
94187248,Jackson K,4
63262248,Larsson R,1
63262248,Johansson C,2
63262248,Meier S,3
63262248,Persson AH,4
63262248,Larsson FF,5
63262248,Roy PN,6
63262248,Johansson A,7
63262248,Eriksson T,8
63262248,Nilsson KF,9
63262248,Johansson P,10
97525281,Eriksson JN,1
97525281,Olsson TT,2
97525281,Eriksson T,3
97525281,Olsson S,4
97525281,Johansson P,5
18306053,Gerber R,1
18306053,Schmid S,2
18306053,Davis BK,3
18306053,Meier L,4
18306053,Steiner N,5
28470298,Taylor HG,1
28470298,Moore C,2
28470298,Anderson KB,3
28470298,Scott KN,4
28470298,Clark PY,5
28470298,Harris DD,6
18311217,Kaminski R,1
18311217,Kowalczyk T,2
18311217,Kowalski D,3
18311217,Wisniewski N,4
18311217,Wisniewski H,5
18311217,Kaminski HS,6
18311217,Kowalczyk SH,7
18311217,Kowalski FR,8
38888102,Silva YE,1
38888102,Nascimento BT,2
38888102,Santos S,3
38888102,Nascimento YK,4
38888102,Lima E,5
38888102,Silva N,6
38888102,Lima A,7
38888102,Pereira S,8
41421996,Hoffmann S,1
41421996,Wolf L,2
41421996,Schmidt JA,3
25745386,Brown BF,1
25745386,Jackson B,2
25745386,Jackson PB,3
25745386,Johnson N,4
25745386,Jackson TC,5
25745386,Davis NR,6
25745386,Harris NM,7
29952496,Joshi SP,1
29952496,Kumar D,2
29952496,Iyer L,3
29952496,Nair A,4
29952496,Sharma T,5
40830972,Rahimi ET,1
40830972,Rezaei DE,2
40830972,Lefebvre K,3
40830972,Ahmadi L,4
40830972,Karimi FE,5
40830972,Mohammadi G,6
36235155,Greco F,1
36235155,Romano H,2
36235155,Ricci H,3
36235155,Esposito MH,4
36235155,Gallo R,5
45623816,Oliveira HR,1
45623816,Rodrigues J,2
97159330,Allen RM,1
97159330,Turner Y,2
54900947,Bertrand RR,1
54900947,Mercier F,2
54900947,Vincent DG,3
54900947,Roux T,4
54900947,Bernard FF,5
61130478,Jung FV,1
61130478,Jang MD,2
61130478,Han B,3
61130478,Jang B,4
85903677,Xu M,1
85903677,Hu HM,2
77580721,Demir C,1
77580721,Sahin N,2
77580721,Celik K,3
77580721,Kaya P,4
77580721,Yilmaz S,5
18015887,Suzuki K,1
18015887,Yamada H,2
18015887,Watanabe Y,3
18015887,Ito A,4
18015887,Sato S,5
18015887,Sato ME,6
38340914,Cooper T,1
38340914,Gupta RR,2
38340914,Kumar PP,3
38340914,Gupta M,4
37521396,Allen N,1
37521396,Clark HC,2
37521396,Thomas MT,3
48397719,Weber V,1
48397719,Schneider VC,2
48397719,Fischer B,3
48397719,Fischer NF,4
14779732,Kaminski HS,1
14779732,Tanaka N,2
14779732,Kowalczyk T,3
14779732,Lewandowski S,4
14779732,Wisniewski M,5
14779732,Zielinski RV,6
14779732,Kowalski FR,7
55909685,White CG,1
63259835,Ricci CN,1
63259835,Bernard AY,2
63259835,Bernard FF,3
62651484,Colombo PC,1
62651484,Colombo E,2
62651484,Russo K,3
62651484,Esposito FV,4
62651484,Rossi H,5
29416581,Lewis F,1
29416581,Clark D,2
29416581,Smith R,3
29416581,Brown TV,4
29416581,Baker VM,5
29416581,Baker EK,6
29416581,Walker EG,7
29416581,Davis A,8
29416581,Claes R,9
29416581,Smith KJ,10
29416581,Walker T,11
29416581,Lewis YG,12
80951092,Tanaka PT,1
80951092,Kobayashi MC,2
80951092,Kobayashi FN,3
80951092,Kobayashi B,4
80951092,Takahashi E,5
80951092,Ito YH,6
80951092,Takahashi HP,7
80951092,Colombo T,8
80951092,Watanabe D,9
80951092,Kobayashi AA,10
80951092,Yamada V,11
80951092,Yoshida P,12
22844387,Andersson SM,1
22844387,Eriksson HJ,2
22844387,Olsson TR,3
22844387,Karlsson P,4
22844387,Olsson S,5
92127702,Hall P,1
92127702,Turner N,2
92127702,Morris A,3
92127702,Jones K,4
92127702,Green SH,5
52201381,Garcia D,1
52201381,David G,2
52201381,Kumar J,3
52201381,Bernard B,4
52201381,Bernard GF,5
52201381,Fournier DH,6
52201381,Laurent LT,7
52201381,Jang YE,8
52201381,Bertrand RR,9
52201381,Simon F,10
56231456,Wojcik C,1
56231456,Wojcik FG,2
56231456,Kowalski A,3
56231456,Kaminski BT,4
56231456,Nowak J,5
66201683,Ozturk LB,1
66201683,Aydin V,2
66201683,Sahin H,3
66201683,Yildiz M,4
66201683,Yildiz BJ,5
66201683,Sahin A,6
66201683,Yilmaz B,7
66201683,Kaya K,8
31193766,Moreno E,1
31193766,Ruiz S,2
76488127,Steiner HC,1
76488127,Weber CG,2
76488127,Schmid S,3
76488127,Steiner N,4
48189756,Huber DC,1
48189756,Schmid G,2
48189756,Weber SC,3
48189756,Huber Y,4
48189756,Schmid AS,5
48189756,Keller E,6
48189756,Gerber V,7
74085692,Richter AB,1
74085692,Hoffmann Y,2
74085692,Fischer FK,3
74085692,Schneider PL,4
35478341,Wojcik T,1
35478341,Sun J,2
35478341,Girard GT,3
83406821,Brown T,1
83406821,Young SC,2
83406821,Schmidt JA,3
83406821,Taylor SB,4
83406821,Brown L,5
83406821,Lewis FM,6
94601038,Kato P,1
94601038,Scott P,2
35330287,Bruno SJ,1
35330287,Bianchi GP,2
35330287,Russo L,3
35330287,Ricci T,4
35330287,Colombo L,5
51977406,Mueller G,1
51977406,Wagner VY,2
51977406,Wolf AC,3
51977406,Ruiz GT,4
51977406,de Vries AN,5
51977406,Fischer NF,6
18389056,Ricci LL,1
18389056,Gallo M,2
18389056,Romano H,3
18389056,Gallo PJ,4
18389056,Esposito CM,5
18389056,Ricci H,6
18389056,Marino TA,7
18389056,Colombo R,8
18389056,Gallo HC,9
18389056,Gallo R,10
84513050,Hill T,1
84513050,Hughes J,2
84513050,Edwards PH,3
84513050,Green B,4
76113127,Cote M,1
76113127,Roy P,2
76113127,Morin D,3
76113127,Tremblay D,4
76113127,Fortin TF,5
76113127,Gagne Y,6
76113127,Tremblay J,7
76113127,Gauthier JN,8
13350812,Clark C,1
13350812,Clark Y,2
13350812,Johnson M,3
13350812,Taylor J,4
13350812,Lewis FM,5
24919263,Watanabe F,1
24919263,Yamamoto T,2
24919263,Yamada P,3
24919263,Suzuki T,4
24919263,Tanaka N,5
99651542,Gomez M,1
99651542,Fernandez PL,2
99651542,Lopez K,3
99651542,Gonzalez R,4
99651542,Perez S,5
99651542,Martinez SA,6
15590847,Claes CV,1
15590847,Maes B,2
15590847,Claes F,3
15590847,Willems MK,4
69380786,Davis J,1
69380786,Harris CE,2
69380786,Johnson E,3
69380786,Davis H,4
89800741,Kelly K,1
89800741,Hu T,2
89800741,Lin R,3
89800741,Wu S,4
85927569,Sun B,1
41092117,Huber NS,1
41092117,Weber LK,2
41092117,Huber K,3
41092117,Huber KA,4
41092117,Keller A,5
41092117,Gerber CP,6
79317103,Guo CS,1
79317103,He MB,2
79317103,Zhang K,3
79317103,Wu VS,4
79317103,Zhu VK,5
79317103,Huang RV,6
79317103,Guo NH,7
57563984,Mitchell B,1
57563984,Murphy YA,2
57563984,Mitchell D,3
57563984,Murphy YF,4
57563984,King J,5
25687549,Ward T,1
25687549,Morris V,2
25687549,Green H,3
25687549,Hall HA,4
25687549,Ward GJ,5
75495128,Singh TK,1
75495128,Gupta JA,2
75495128,Patel B,3
41462463,Jung R,1
41462463,Jang YE,2
41462463,Kang A,3
41462463,Ozturk V,4
41462463,Karimi MK,5
41462463,Lima P,6
41462463,Jung S,7
41462463,Kim V,8
35855789,Willems SK,1
35855789,Claes F,2
35855789,Goossens PR,3
35855789,Maes B,4
35855789,Goossens H,5
35855789,Peeters YC,6
35855789,Willems MK,7
29996268,Costa M,1
29996268,Oliveira L,2
29996268,Costa T,3
29996268,Almeida CH,4
29996268,Rodrigues J,5
71858385,Jones R,1
71858385,Edwards PH,2
71858385,Wood JP,3
71858385,Hill M,4
71858385,Wood KA,5
71858385,Green B,6
87579320,Guo R,1
87579320,Liu CA,2
87579320,Wang MR,3
87579320,Hu T,4
15686569,Ruiz PR,1
15686569,Martinez D,2
15686569,Gomez HT,3
15686569,Fernandez M,4
15686569,Diaz B,5
15686569,Schmid M,6
15686569,Moreno YM,7
15686569,Moreno FK,8
81061154,Alvarez N,1
81061154,Gonzalez FL,2
81061154,Gomez YN,3
81061154,Rodriguez HM,4
81061154,Diaz G,5
29191767,Li YH,1
29191767,Wu EA,2
29191767,Guo P,3
29191767,He M,4
29191767,Guo NH,5
29191767,Zhu R,6
29191767,Wu S,7
29191767,Wang YC,8
29191767,Wang MR,9
29191767,Zhou H,10
29191767,Zhang M,11
29191767,Hu T,12
77549482,Vincent ES,1
77549482,Simon D,2
77549482,Leroy R,3
77549482,Bertrand TD,4
77549482,Leroy P,5
77549482,Simon N,6
91144150,Karimi D,1
91144150,Rezaei KN,2
91144150,Lopez K,3
91144150,Jafari A,4
55000081,Koch T,1
55000081,Klein KV,2
55000081,Schulz DM,3
55000081,Becker T,4
55000081,Weber DD,5
55000081,Schneider AN,6
55000081,Fischer H,7
67186601,Yoshida H,1
67186601,Yamamoto KP,2
67186601,Tanaka N,3
67186601,Kaminski J,4
67186601,Yoshida SB,5
67186601,Watanabe Y,6
67186601,Takahashi MS,7
67186601,Sato P,8
93922847,He MB,1
93922847,Murphy B,2
93922847,Zhu VK,3
93922847,Wu T,4
93922847,Guo NH,5
74498474,Walker G,1
74498474,Brown K,2
74498474,Clark FV,3
74498474,Wilson V,4
63012646,Mueller F,1
63012646,Klein A,2
63012646,Celik T,3
63012646,Fischer FK,4
63012646,Wagner VY,5
63012646,Schneider PL,6
99731092,Sharma M,1
99731092,Gagnon PA,2
99731092,Gupta F,3
21722135,Jung FV,1
21722135,Jang EC,2
21722135,Sato ME,3
21722135,Jang B,4
44194583,Jackson F,1
44194583,Scott DA,2
44194583,Scott C,3
44194583,Lewis LR,4
44194583,Johnson L,5
44194583,Johnson DP,6
48222228,Tanaka L,1
48222228,Nakamura HS,2
48222228,Yamamoto K,3
48222228,Keller H,4
48222228,Ito P,5
23993166,Eriksson K,1
23993166,Larsson D,2
23993166,Olsson P,3
23993166,Eriksson V,4
23993166,Larsson TP,5
23993166,Eriksson HJ,6
23993166,Karlsson JT,7
23993166,Persson P,8
23993166,Cote F,9
23993166,Larsson AF,10
23993166,Olsson V,11
23993166,Olsson S,12
52879985,Yamamoto KP,1
52879985,Tanaka G,2
52879985,Kobayashi A,3
52879985,Yamamoto K,4
52879985,Watanabe G,5
52879985,Ito DV,6
13437266,David P,1
13437266,Lefebvre KV,2
13437266,Michel KD,3
51338645,Oliveira G,1
51338645,Costa AB,2
51338645,Pereira LV,3
62872591,Hoffmann Y,1
62872591,Fischer FK,2
62872591,Schneider PL,3
22457590,Garcia NY,1
22457590,Bonnet J,2
22457590,Petit P,3
22457590,Laurent TF,4
20512818,Taylor J,1
20512818,Johnson M,2
20512818,Lewis FM,3
64920840,King TE,1
64920840,Mitchell GG,2
64920840,Thompson VP,3
64920840,Murphy N,4
64920840,Ryan R,5
64920840,Thompson C,6
64920840,Walsh M,7
64920840,Mitchell P,8
64920840,Mitchell S,9
64920840,Lee P,10
