pmid,hla,outcome,sentence,hla_span,outcome_span,polarity,negation_trigger,sentence_idx
10466177,HLA-DPB1*01,DGF,Recipients carrying HLA-DPB1*01 showed a higher incidence of delayed graft function in this cohort.,HLA-DPB1*01,delayed graft function,positive,,1
10466177,HLA-DQB1*06,acute_rejection,Recipients carrying HLA-DQB1*06 showed a higher incidence of acute rejection in this cohort.,HLA-DQB1*06,acute rejection,positive,,0
10702802,HLA-B*07:01,acute_rejection,Recipients carrying HLA-B*07:01 showed a higher incidence of acute rejection in this cohort.,HLA-B*07:01,acute rejection,positive,,8
10702802,HLA-DRB1*04,eGFR,Recipients carrying HLA-DRB1*04 showed a higher incidence of eGFR decline in this cohort.,HLA-DRB1*04,eGFR decline,positive,,1
10751945,HLA-A*01,graft_survival,Recipients carrying HLA-A*01 showed a higher incidence of death-censored graft survival in this cohort.,HLA-A*01,death-censored graft survival,positive,,6
10884169,HLA-DPB1*04,complement_activation,Recipients carrying HLA-DPB1*04 showed a higher incidence of C4d deposition in this cohort.,HLA-DPB1*04,C4d deposition,positive,,7
12012537,HLA-A*02,graft_loss,Recipients carrying HLA-A*02 showed a higher incidence of allograft failure in this cohort.,HLA-A*02,allograft failure,positive,,4
12097866,HLA-A*02,CMV,Recipients carrying HLA-A*02 showed a higher incidence of CMV infection in this cohort.,HLA-A*02,CMV infection,positive,,7
12658997,HLA-DQB1*02,DSA,Recipients carrying HLA-DQB1*02 showed a higher incidence of de novo DSA in this cohort.,HLA-DQB1*02,de novo DSA,positive,,6
12658997,HLA-DRB1*03,DGF,Recipients carrying HLA-DRB1*03 showed a higher incidence of delayed graft function in this cohort.,HLA-DRB1*03,delayed graft function,positive,,0
12658997,HLA-DRB1*15,DGF,Recipients carrying HLA-DRB1*15 showed a higher incidence of delayed graft function in this cohort.,HLA-DRB1*15,delayed graft function,positive,,7
12894515,HLA-B*07:01,acute_rejection,Recipients carrying HLA-B*07:01 showed a higher incidence of acute rejection in this cohort.,HLA-B*07:01,acute rejection,positive,,4
12894515,HLA-DPB1*04,HLA_mismatch_outcome,Recipients carrying HLA-DPB1*04 showed a higher incidence of antigen mismatch in this cohort.,HLA-DPB1*04,antigen mismatch,positive,,0
12984525,HLA-A*01,graft_survival,Recipients carrying HLA-A*01 showed a higher incidence of graft survival in this cohort.,HLA-A*01,graft survival,positive,,3
12984525,HLA-B*07,graft_loss,Recipients carrying HLA-B*07 showed a higher incidence of allograft failure in this cohort.,HLA-B*07,allograft failure,positive,,1
13031322,HLA-A*01:02,acute_rejection,Recipients carrying HLA-A*01:02 showed a higher incidence of biopsy-proven acute rejection in this cohort.,HLA-A*01:02,biopsy-proven acute rejection,positive,,9
13031322,HLA-DRB1*04,acute_rejection,Recipients carrying HLA-DRB1*04 showed a higher incidence of acute rejection in this cohort.,HLA-DRB1*04,acute rejection,positive,,3
13031322,HLA-mismatch,acute_rejection,Recipients carrying HLA-mismatch showed a higher incidence of acute rejection in this cohort.,HLA-mismatch,acute rejection,positive,,0
13221342,HLA-DQB1*02:01,graft_loss,Recipients carrying HLA-DQB1*02:01 showed a higher incidence of graft loss in this cohort.,HLA-DQB1*02:01,graft loss,positive,,0
13228867,HLA-A*01,graft_survival,Recipients carrying HLA-A*01 showed a higher incidence of graft survival in this cohort.,HLA-A*01,graft survival,positive,,0
13228867,HLA-eplet,DSA,We found no significant association between HLA-eplet and de novo DSA in this cohort.,HLA-eplet,de novo DSA,negated,no significant,5
13764654,HLA-A*01,complement_activation,Recipients carrying HLA-A*01 showed a higher incidence of C1q-binding DSA in this cohort.,HLA-A*01,C1q-binding DSA,positive,,0
13764654,HLA-DQB1*02,acute_rejection,Recipients carrying HLA-DQB1*02 showed a higher incidence of biopsy-proven acute rejection in this cohort.,HLA-DQB1*02,biopsy-proven acute rejection,positive,,1
13922081,HLA-A*02:01,DGF,Recipients carrying HLA-A*02:01 showed a higher incidence of DGF in this cohort.,HLA-A*02:01,DGF,positive,,3
13922081,HLA-A*02:02,acute_rejection,We found no significant association between HLA-A*02:02 and acute rejection in this cohort.,HLA-A*02:02,acute rejection,negated,no significant,4
13922081,HLA-DPB1*04,chronic_rejection,Recipients carrying HLA-DPB1*04 showed a higher incidence of chronic rejection in this cohort.,HLA-DPB1*04,chronic rejection,positive,,5
13922081,HLA-DRB1*03,acute_rejection,Recipients carrying HLA-DRB1*03 showed a higher incidence of biopsy-proven acute rejection in this cohort.,HLA-DRB1*03,biopsy-proven acute rejection,positive,,8
13930993,HLA-mismatch,acute_rejection,We found no significant association between HLA-mismatch and biopsy-proven acute rejection in this cohort.,HLA-mismatch,biopsy-proven acute rejection,negated,no significant,0
14346684,HLA-B*08,DGF,Recipients carrying HLA-B*08 showed a higher incidence of delayed graft function in this cohort.,HLA-B*08,delayed graft function,positive,,9
14346684,HLA-DPB1*04,eGFR,Recipients carrying HLA-DPB1*04 showed a higher incidence of impaired eGFR in this cohort.,HLA-DPB1*04,impaired eGFR,positive,,1
14346684,HLA-DQB1*02,DGF,Recipients carrying HLA-DQB1*02 showed a higher incidence of delayed graft function in this cohort.,HLA-DQB1*02,delayed graft function,positive,,7
14346684,HLA-DRB1*03,acute_rejection,We found no significant association between HLA-DRB1*03 and acute rejection in this cohort.,HLA-DRB1*03,acute rejection,negated,no significant,3
14475312,HLA-A*01,complement_activation,Recipients carrying HLA-A*01 showed a higher incidence of C4d deposition in this cohort.,HLA-A*01,C4d deposition,positive,,7
14475312,HLA-A*01,eGFR,Recipients carrying HLA-A*01 showed a higher incidence of impaired eGFR in this cohort.,HLA-A*01,impaired eGFR,positive,,0
14475312,HLA-DRB1*04,CMV,We found no significant association between HLA-DRB1*04 and CMV viremia in this cohort.,HLA-DRB1*04,CMV viremia,negated,no significant,9
14962052,HLA-A*01:01,acute_rejection,Recipients carrying HLA-A*01:01 showed a higher incidence of biopsy-proven acute rejection in this cohort.,HLA-A*01:01,biopsy-proven acute rejection,positive,,4
14962052,HLA-DRB1*03,ABMR,Recipients carrying HLA-DRB1*03 showed a higher incidence of antibody-mediated rejection in this cohort.,HLA-DRB1*03,antibody-mediated rejection,positive,,1
14962052,HLA-mismatch,acute_rejection,We found no significant association between HLA-mismatch and acute rejection in this cohort.,HLA-mismatch,acute rejection,negated,no significant,2
15149455,HLA-A*01,chronic_rejection,Recipients carrying HLA-A*01 showed a higher incidence of chronic rejection in this cohort.,HLA-A*01,chronic rejection,positive,,4
15149455,HLA-A*01,graft_survival,Recipients carrying HLA-A*01 showed a higher incidence of death-censored graft survival in this cohort.,HLA-A*01,death-censored graft survival,positive,,6
15149455,HLA-DPB1*01,acute_rejection,Recipients carrying HLA-DPB1*01 showed a higher incidence of acute rejection in this cohort.,HLA-DPB1*01,acute rejection,positive,,5
15149455,HLA-DQB1*02:01,ABMR,We found no significant association between HLA-DQB1*02:01 and acute ABMR in this cohort.,HLA-DQB1*02:01,acute ABMR,negated,no significant,0
15167621,HLA-A*01,chronic_rejection,We found no significant association between HLA-A*01 and IFTA in this cohort.,HLA-A*01,IFTA,negated,no significant,6
15167621,HLA-DQB1*02,DSA,Recipients carrying HLA-DQB1*02 showed a higher incidence of donor-specific antibodies in this cohort.,HLA-DQB1*02,donor-specific antibodies,positive,,5
15167621,HLA-DQB1*06,graft_loss,We found no significant association between HLA-DQB1*06 and death-censored graft loss in this cohort.,HLA-DQB1*06,death-censored graft loss,negated,no significant,4
15505975,HLA-B*07,graft_loss,Recipients carrying HLA-B*07 showed a higher incidence of death-censored graft loss in this cohort.,HLA-B*07,death-censored graft loss,positive,,2
15505975,HLA-DPB1*04,chronic_rejection,Recipients carrying HLA-DPB1*04 showed a higher incidence of IFTA in this cohort.,HLA-DPB1*04,IFTA,positive,,6
15973820,HLA-B*08:01,PTLD,Recipients carrying HLA-B*08:01 showed a higher incidence of PTLD in this cohort.,HLA-B*08:01,PTLD,positive,,1
15973820,HLA-DQB1*02:01,DSA,Recipients carrying HLA-DQB1*02:01 showed a higher incidence of donor-specific antibodies in this cohort.,HLA-DQB1*02:01,donor-specific antibodies,positive,,2
15988382,HLA-DRB1*04,chronic_rejection,Recipients carrying HLA-DRB1*04 showed a higher incidence of IFTA in this cohort.,HLA-DRB1*04,IFTA,positive,,8
16052535,HLA-A*01,graft_survival,Recipients carrying HLA-A*01 showed a higher incidence of death-censored graft survival in this cohort.,HLA-A*01,death-censored graft survival,positive,,7
16052535,HLA-DQB1*03,DGF,Recipients carrying HLA-DQB1*03 showed a higher incidence of DGF in this cohort.,HLA-DQB1*03,DGF,positive,,5
16351040,HLA-A*01:02,acute_rejection,We found no significant association between HLA-A*01:02 and biopsy-proven acute rejection in this cohort.,HLA-A*01:02,biopsy-proven acute rejection,negated,no significant,5
16351040,HLA-DRB1*15,DGF,Recipients carrying HLA-DRB1*15 showed a higher incidence of delayed graft function in this cohort.,HLA-DRB1*15,delayed graft function,positive,,8
16531664,HLA-A*01,graft_survival,We found no significant association between HLA-A*01 and graft survival in this cohort.,HLA-A*01,graft survival,negated,no significant,6
16531664,HLA-A*02:01,acute_rejection,Recipients carrying HLA-A*02:01 showed a higher incidence of biopsy-proven acute rejection in this cohort.,HLA-A*02:01,biopsy-proven acute rejection,positive,,9
16531664,HLA-B*08,acute_rejection,Recipients carrying HLA-B*08 showed a higher incidence of acute rejection in this cohort.,HLA-B*08,acute rejection,positive,,5
16531664,HLA-DPB1*01,graft_loss,Recipients carrying HLA-DPB1*01 showed a higher incidence of graft loss in this cohort.,HLA-DPB1*01,graft loss,positive,,1
16588161,HLA-A*01,CMV,We found no significant association between HLA-A*01 and CMV viremia in this cohort.,HLA-A*01,CMV viremia,negated,no significant,8
16588161,HLA-DQB1*02:01,graft_loss,Recipients carrying HLA-DQB1*02:01 showed a higher incidence of graft loss in this cohort.,HLA-DQB1*02:01,graft loss,positive,,4
16588161,HLA-DRB1*15,DGF,Recipients carrying HLA-DRB1*15 showed a higher incidence of DGF in this cohort.,HLA-DRB1*15,DGF,positive,,3
16693632,HLA-A*01,complement_activation,Recipients carrying HLA-A*01 showed a higher incidence of complement activation in this cohort.,HLA-A*01,complement activation,positive,,3
16772091,HLA-B*08,graft_loss,Recipients carrying HLA-B*08 showed a higher incidence of graft loss in this cohort.,HLA-B*08,graft loss,positive,,7
17014171,HLA-A*01,HLA_mismatch_outcome,Recipients carrying HLA-A*01 showed a higher incidence of antigen mismatch in this cohort.,HLA-A*01,antigen mismatch,positive,,7
17014171,HLA-B*07:01,graft_loss,Recipients carrying HLA-B*07:01 showed a higher incidence of allograft failure in this cohort.,HLA-B*07:01,allograft failure,positive,,4
17195581,HLA-A*02,DGF,Recipients carrying HLA-A*02 showed a higher incidence of DGF in this cohort.,HLA-A*02,DGF,positive,,7
17195581,HLA-B*08,graft_loss,We found no significant association between HLA-B*08 and allograft failure in this cohort.,HLA-B*08,allograft failure,negated,no significant,9
17207013,HLA-B*07:01,acute_rejection,Recipients carrying HLA-B*07:01 showed a higher incidence of acute rejection in this cohort.,HLA-B*07:01,acute rejection,positive,,4
17207013,HLA-DRB1*03,acute_rejection,Recipients carrying HLA-DRB1*03 showed a higher incidence of biopsy-proven acute rejection in this cohort.,HLA-DRB1*03,biopsy-proven acute rejection,positive,,1
17207013,HLA-DRB1*15,graft_loss,Recipients carrying HLA-DRB1*15 showed a higher incidence of death-censored graft loss in this cohort.,HLA-DRB1*15,death-censored graft loss,positive,,2
17294228,HLA-A*01,graft_survival,Recipients carrying HLA-A*01 showed a higher incidence of graft survival in this cohort.,HLA-A*01,graft survival,positive,,0
17294228,HLA-B*07:01,DGF,Recipients carrying HLA-B*07:01 showed a higher incidence of delayed graft function in this cohort.,HLA-B*07:01,delayed graft function,positive,,2
17294228,HLA-DQB1*02:01,graft_loss,We found no significant association between HLA-DQB1*02:01 and allograft failure in this cohort.,HLA-DQB1*02:01,allograft failure,negated,no significant,7
17522634,HLA-DRB1*04,complement_activation,We found no significant association between HLA-DRB1*04 and C1q-binding DSA in this cohort.,HLA-DRB1*04,C1q-binding DSA,negated,no significant,4
17604050,HLA-B*07,complement_activation,Recipients carrying HLA-B*07 showed a higher incidence of C4d deposition in this cohort.,HLA-B*07,C4d deposition,positive,,8
18163847,HLA-A*01,sensitization,We found no significant association between HLA-A*01 and broad sensitization in this cohort.,HLA-A*01,broad sensitization,negated,no significant,6
18163847,HLA-DQB1*06,acute_rejection,Recipients carrying HLA-DQB1*06 showed a higher incidence of acute rejection in this cohort.,HLA-DQB1*06,acute rejection,positive,,1
18730772,HLA-A*02:02,acute_rejection,Recipients carrying HLA-A*02:02 showed a higher incidence of acute rejection in this cohort.,HLA-A*02:02,acute rejection,positive,,6
18730772,HLA-DQB1*06,acute_rejection,Recipients carrying HLA-DQB1*06 showed a higher incidence of acute rejection in this cohort.,HLA-DQB1*06,acute rejection,positive,,8
18730772,HLA-DRB1*04,graft_survival,We found no significant association between HLA-DRB1*04 and death-censored graft survival in this cohort.,HLA-DRB1*04,death-censored graft survival,negated,no significant,3
19099261,HLA-A*01,chronic_rejection,Recipients carrying HLA-A*01 showed a higher incidence of chronic rejection in this cohort.,HLA-A*01,chronic rejection,positive,,0
19099261,HLA-DPB1*01,acute_rejection,Recipients carrying HLA-DPB1*01 showed a higher incidence of acute rejection in this cohort.,HLA-DPB1*01,acute rejection,positive,,2
19099261,HLA-DPB1*01:01,NODAT,Recipients carrying HLA-DPB1*01:01 showed a higher incidence of new-onset diabetes after transplantation in this cohort.,HLA-DPB1*01:01,new-onset diabetes after transplantation,positive,,1
20050169,HLA-DQB1*06,graft_loss,We found no significant association between HLA-DQB1*06 and death-censored graft loss in this cohort.,HLA-DQB1*06,death-censored graft loss,negated,no significant,6
20071990,HLA-B*08,acute_rejection,Recipients carrying HLA-B*08 showed a higher incidence of biopsy-proven acute rejection in this cohort.,HLA-B*08,biopsy-proven acute rejection,positive,,4
20071990,HLA-DQB1*06,DGF,We found no significant association between HLA-DQB1*06 and delayed graft function in this cohort.,HLA-DQB1*06,delayed graft function,negated,no significant,3
20071990,HLA-DRB1*15,DGF,Recipients carrying HLA-DRB1*15 showed a higher incidence of DGF in this cohort.,HLA-DRB1*15,DGF,positive,,1
20272170,HLA-A*02:01,graft_loss,Recipients carrying HLA-A*02:01 showed a higher incidence of allograft failure in this cohort.,HLA-A*02:01,allograft failure,positive,,8
20272170,HLA-B*07:01,DGF,Recipients carrying HLA-B*07:01 showed a higher incidence of delayed graft function in this cohort.,HLA-B*07:01,delayed graft function,positive,,2
20272170,HLA-DPB1*04,CMV,Recipients carrying HLA-DPB1*04 showed a higher incidence of CMV infection in this cohort.,HLA-DPB1*04,CMV infection,positive,,7
20331687,HLA-DQB1*02,DGF,Recipients carrying HLA-DQB1*02 showed a higher incidence of delayed graft function in this cohort.,HLA-DQB1*02,delayed graft function,positive,,6
20331687,HLA-eplet,DSA,Recipients carrying HLA-eplet showed a higher incidence of donor-specific antibodies in this cohort.,HLA-eplet,donor-specific antibodies,positive,,5
20602300,HLA-A*01:02,DGF,Recipients carrying HLA-A*01:02 showed a higher incidence of delayed graft function in this cohort.,HLA-A*01:02,delayed graft function,positive,,6
20602300,HLA-DRB1*04,DGF,Recipients carrying HLA-DRB1*04 showed a higher incidence of DGF in this cohort.,HLA-DRB1*04,DGF,positive,,2
21173109,HLA-A*01:01,acute_rejection,We found no significant association between HLA-A*01:01 and biopsy-proven acute rejection in this cohort.,HLA-A*01:01,biopsy-proven acute rejection,negated,no significant,9
21328172,HLA-A*01:02,DGF,Recipients carrying HLA-A*01:02 showed a higher incidence of delayed graft function in this cohort.,HLA-A*01:02,delayed graft function,positive,,8
21328172,HLA-DPB1*04,complement_activation,Recipients carrying HLA-DPB1*04 showed a higher incidence of C4d deposition in this cohort.,HLA-DPB1*04,C4d deposition,positive,,7
21328172,HLA-DRB1*03,DGF,Recipients carrying HLA-DRB1*03 showed a higher incidence of DGF in this cohort.,HLA-DRB1*03,DGF,positive,,9
21328172,HLA-mismatch,acute_rejection,We found no significant association between HLA-mismatch and biopsy-proven acute rejection in this cohort.,HLA-mismatch,biopsy-proven acute rejection,negated,no significant,6
21970652,HLA-DRB1*03,graft_loss,Recipients carrying HLA-DRB1*03 showed a higher incidence of allograft failure in this cohort.,HLA-DRB1*03,allograft failure,positive,,6
22031000,HLA-A*01,sensitization,Recipients carrying HLA-A*01 showed a higher incidence of broad sensitization in this cohort.,HLA-A*01,broad sensitization,positive,,7
22031000,HLA-DPB1*04,graft_survival,Recipients carrying HLA-DPB1*04 showed a higher incidence of death-censored graft survival in this cohort.,HLA-DPB1*04,death-censored graft survival,positive,,4
22031000,HLA-DQB1*02:01,ABMR,Recipients carrying HLA-DQB1*02:01 showed a higher incidence of antibody-mediated rejection in this cohort.,HLA-DQB1*02:01,antibody-mediated rejection,positive,,3
22031000,HLA-DRB1*03,ABMR,We found no significant association between HLA-DRB1*03 and antibody-mediated rejection in this cohort.,HLA-DRB1*03,antibody-mediated rejection,negated,no significant,6
22098465,HLA-A*01,complement_activation,Recipients carrying HLA-A*01 showed a higher incidence of complement activation in this cohort.,HLA-A*01,complement activation,positive,,9
22098465,HLA-A*01:02,acute_rejection,Recipients carrying HLA-A*01:02 showed a higher incidence of acute rejection in this cohort.,HLA-A*01:02,acute rejection,positive,,3
22098465,HLA-DRB1*15,acute_rejection,Recipients carrying HLA-DRB1*15 showed a higher incidence of biopsy-proven acute rejection in this cohort.,HLA-DRB1*15,biopsy-proven acute rejection,positive,,0
22507745,HLA-A*01,CMV,Recipients carrying HLA-A*01 showed a higher incidence of CMV viremia in this cohort.,HLA-A*01,CMV viremia,positive,,1
22507745,HLA-DPB1*04,graft_survival,Recipients carrying HLA-DPB1*04 showed a higher incidence of graft survival in this cohort.,HLA-DPB1*04,graft survival,positive,,4
22507745,HLA-DQB1*03,acute_rejection,Recipients carrying HLA-DQB1*03 showed a higher incidence of acute rejection in this cohort.,HLA-DQB1*03,acute rejection,positive,,0
22507745,HLA-DRB1*15,acute_rejection,Recipients carrying HLA-DRB1*15 showed a higher incidence of acute rejection in this cohort.,HLA-DRB1*15,acute rejection,positive,,6
22925420,HLA-B*07:02,sensitization,Recipients carrying HLA-B*07:02 showed a higher incidence of broad sensitization in this cohort.,HLA-B*07:02,broad sensitization,positive,,8
23068017,HLA-B*07,graft_loss,Recipients carrying HLA-B*07 showed a higher incidence of death-censored graft loss in this cohort.,HLA-B*07,death-censored graft loss,positive,,5
23068017,HLA-DPB1*01,acute_rejection,We found no significant association between HLA-DPB1*01 and acute rejection in this cohort.,HLA-DPB1*01,acute rejection,negated,no significant,8
23068017,HLA-DRB1*04,complement_activation,We found no significant association between HLA-DRB1*04 and C1q-binding DSA in this cohort.,HLA-DRB1*04,C1q-binding DSA,negated,no significant,9
23068017,HLA-DRB1*15,DGF,We found no significant association between HLA-DRB1*15 and DGF in this cohort.,HLA-DRB1*15,DGF,negated,no significant,1
23078988,HLA-A*01:02,acute_rejection,Recipients carrying HLA-A*01:02 showed a higher incidence of biopsy-proven acute rejection in this cohort.,HLA-A*01:02,biopsy-proven acute rejection,positive,,6
23078988,HLA-DPB1*04,sensitization,Recipients carrying HLA-DPB1*04 showed a higher incidence of HLA sensitization in this cohort.,HLA-DPB1*04,HLA sensitization,positive,,7
24645711,HLA-A*02,DGF,Recipients carrying HLA-A*02 showed a higher incidence of DGF in this cohort.,HLA-A*02,DGF,positive,,6
24645711,HLA-B*07:01,DGF,Recipients carrying HLA-B*07:01 showed a higher incidence of DGF in this cohort.,HLA-B*07:01,DGF,positive,,2
24645711,HLA-DRB1*03,DGF,Recipients carrying HLA-DRB1*03 showed a higher incidence of delayed graft function in this cohort.,HLA-DRB1*03,delayed graft function,positive,,1
24645711,HLA-DRB1*15,DGF,Recipients carrying HLA-DRB1*15 showed a higher incidence of delayed graft function in this cohort.,HLA-DRB1*15,delayed graft function,positive,,0
24723458,HLA-DQB1*06,DGF,Recipients carrying HLA-DQB1*06 showed a higher incidence of DGF in this cohort.,HLA-DQB1*06,DGF,positive,,2
25098270,HLA-A*01,graft_survival,Recipients carrying HLA-A*01 showed a higher incidence of graft survival in this cohort.,HLA-A*01,graft survival,positive,,4
25174194,HLA-A*01,sensitization,Recipients carrying HLA-A*01 showed a higher incidence of broad sensitization in this cohort.,HLA-A*01,broad sensitization,positive,,5
25174194,HLA-DPB1*04,chronic_rejection,Recipients carrying HLA-DPB1*04 showed a higher incidence of interstitial fibrosis and tubular atrophy in this cohort.,HLA-DPB1*04,interstitial fibrosis and tubular atrophy,positive,,7
25174194,HLA-DRB1*04,chronic_rejection,Recipients carrying HLA-DRB1*04 showed a higher incidence of chronic rejection in this cohort.,HLA-DRB1*04,chronic rejection,positive,,9
25174194,HLA-DRB1*04:02,mixed_rejection,We found no significant association between HLA-DRB1*04:02 and mixed rejection in this cohort.,HLA-DRB1*04:02,mixed rejection,negated,no significant,0
25395963,HLA-A*01,graft_survival,We found no significant association between HLA-A*01 and graft survival in this cohort.,HLA-A*01,graft survival,negated,no significant,6
25395963,HLA-A*01:01,DGF,Recipients carrying HLA-A*01:01 showed a higher incidence of DGF in this cohort.,HLA-A*01:01,DGF,positive,,9
25544987,HLA-B*07:01,graft_loss,Recipients carrying HLA-B*07:01 showed a higher incidence of death-censored graft loss in this cohort.,HLA-B*07:01,death-censored graft loss,positive,,7
25544987,HLA-B*08,sensitization,Recipients carrying HLA-B*08 showed a higher incidence of broad sensitization in this cohort.,HLA-B*08,broad sensitization,positive,,0
25583513,HLA-A*01,CMV,Recipients carrying HLA-A*01 showed a higher incidence of CMV infection in this cohort.,HLA-A*01,CMV infection,positive,,2
25583513,HLA-DQB1*02,DGF,Recipients carrying HLA-DQB1*02 showed a higher incidence of delayed graft function in this cohort.,HLA-DQB1*02,delayed graft function,positive,,3
25583513,HLA-DRB1*15,graft_loss,Recipients carrying HLA-DRB1*15 showed a higher incidence of death-censored graft loss in this cohort.,HLA-DRB1*15,death-censored graft loss,positive,,7
25878730,HLA-DRB1*03,ABMR,Recipients carrying HLA-DRB1*03 showed a higher incidence of ABMR in this cohort.,HLA-DRB1*03,ABMR,positive,,4
26205010,HLA-DPB1*04,CMV,Recipients carrying HLA-DPB1*04 showed a higher incidence of CMV disease in this cohort.,HLA-DPB1*04,CMV disease,positive,,8
26205010,HLA-DRB1*04,complement_activation,Recipients carrying HLA-DRB1*04 showed a higher incidence of complement activation in this cohort.,HLA-DRB1*04,complement activation,positive,,1
26301180,HLA-DRB1*04,HLA_mismatch_outcome,Recipients carrying HLA-DRB1*04 showed a higher incidence of antigen mismatch in this cohort.,HLA-DRB1*04,antigen mismatch,positive,,9
26306114,HLA-A*01:02,DGF,Recipients carrying HLA-A*01:02 showed a higher incidence of delayed graft function in this cohort.,HLA-A*01:02,delayed graft function,positive,,9
26306114,HLA-DRB1*03,acute_rejection,Recipients carrying HLA-DRB1*03 showed a higher incidence of acute rejection in this cohort.,HLA-DRB1*03,acute rejection,positive,,6
26306114,HLA-DRB1*15,DGF,Recipients carrying HLA-DRB1*15 showed a higher incidence of DGF in this cohort.,HLA-DRB1*15,DGF,positive,,0
26306114,HLA-DRB1*15,acute_rejection,Recipients carrying HLA-DRB1*15 showed a higher incidence of biopsy-proven acute rejection in this cohort.,HLA-DRB1*15,biopsy-proven acute rejection,positive,,7
26684124,HLA-A*01,HLA_mismatch_outcome,Recipients carrying HLA-A*01 showed a higher incidence of antigen mismatch in this cohort.,HLA-A*01,antigen mismatch,positive,,0
26684124,HLA-DPB1*01,complement_activation,Recipients carrying HLA-DPB1*01 showed a higher incidence of C4d deposition in this cohort.,HLA-DPB1*01,C4d deposition,positive,,3
26684124,HLA-DRB1*04,complement_activation,Recipients carrying HLA-DRB1*04 showed a higher incidence of complement activation in this cohort.,HLA-DRB1*04,complement activation,positive,,2
26800072,HLA-A*01:02,acute_rejection,Recipients carrying HLA-A*01:02 showed a higher incidence of biopsy-proven acute rejection in this cohort.,HLA-A*01:02,biopsy-proven acute rejection,positive,,7
26800072,HLA-DPB1*04,complement_activation,Recipients carrying HLA-DPB1*04 showed a higher incidence of C1q-binding DSA in this cohort.,HLA-DPB1*04,C1q-binding DSA,positive,,8
26809078,HLA-A*01:01,DGF,Recipients carrying HLA-A*01:01 showed a higher incidence of DGF in this cohort.,HLA-A*01:01,DGF,positive,,8
26809078,HLA-A*01:01,acute_rejection,Recipients carrying HLA-A*01:01 showed a higher incidence of acute rejection in this cohort.,HLA-A*01:01,acute rejection,positive,,3
27021671,HLA-DQB1*02:01,ABMR,Recipients carrying HLA-DQB1*02:01 showed a higher incidence of antibody-mediated rejection in this cohort.,HLA-DQB1*02:01,antibody-mediated rejection,positive,,8
27439215,HLA-DPB1*04,HLA_mismatch_outcome,Recipients carrying HLA-DPB1*04 showed a higher incidence of antigen mismatch in this cohort.,HLA-DPB1*04,antigen mismatch,positive,,7
27439215,HLA-DQB1*06,DGF,Recipients carrying HLA-DQB1*06 showed a higher incidence of delayed graft function in this cohort.,HLA-DQB1*06,delayed graft function,positive,,0
27521857,HLA-DQB1*02:01,graft_loss,We found no significant association between HLA-DQB1*02:01 and death-censored graft loss in this cohort.,HLA-DQB1*02:01,death-censored graft loss,negated,no significant,2
27812995,HLA-DPB1*04,eGFR,Recipients carrying HLA-DPB1*04 showed a higher incidence of impaired eGFR in this cohort.,HLA-DPB1*04,impaired eGFR,positive,,7
27812995,HLA-DQB1*06,acute_rejection,Recipients carrying HLA-DQB1*06 showed a higher incidence of biopsy-proven acute rejection in this cohort.,HLA-DQB1*06,biopsy-proven acute rejection,positive,,4
27978165,HLA-A*02,CMV,Recipients carrying HLA-A*02 showed a higher incidence of CMV viremia in this cohort.,HLA-A*02,CMV viremia,positive,,5
28022414,HLA-DRB1*04,graft_survival,Recipients carrying HLA-DRB1*04 showed a higher incidence of graft survival in this cohort.,HLA-DRB1*04,graft survival,positive,,7
28026223,HLA-B*07,DGF,Recipients carrying HLA-B*07 showed a higher incidence of delayed graft function in this cohort.,HLA-B*07,delayed graft function,positive,,4
28026223,HLA-B*07:01,graft_loss,Recipients carrying HLA-B*07:01 showed a higher incidence of allograft failure in this cohort.,HLA-B*07:01,allograft failure,positive,,3
28026223,HLA-DPB1*04,CMV,Recipients carrying HLA-DPB1*04 showed a higher incidence of CMV viremia in this cohort.,HLA-DPB1*04,CMV viremia,positive,,9
28036919,HLA-B*07,graft_loss,We found no significant association between HLA-B*07 and graft loss in this cohort.,HLA-B*07,graft loss,negated,no significant,9
28036919,HLA-DQB1*02,acute_rejection,Recipients carrying HLA-DQB1*02 showed a higher incidence of biopsy-proven acute rejection in this cohort.,HLA-DQB1*02,biopsy-proven acute rejection,positive,,0
28036919,HLA-DQB1*06,graft_loss,Recipients carrying HLA-DQB1*06 showed a higher incidence of graft loss in this cohort.,HLA-DQB1*06,graft loss,positive,,3
28420515,HLA-A*02,graft_loss,Recipients carrying HLA-A*02 showed a higher incidence of death-censored graft loss in this cohort.,HLA-A*02,death-censored graft loss,positive,,5
28531242,HLA-A*01:02,acute_rejection,Recipients carrying HLA-A*01:02 showed a higher incidence of biopsy-proven acute rejection in this cohort.,HLA-A*01:02,biopsy-proven acute rejection,positive,,7
28531242,HLA-DPB1*01,graft_loss,We found no significant association between HLA-DPB1*01 and death-censored graft loss in this cohort.,HLA-DPB1*01,death-censored graft loss,negated,no significant,6
28531242,HLA-DQB1*06,DGF,Recipients carrying HLA-DQB1*06 showed a higher incidence of DGF in this cohort.,HLA-DQB1*06,DGF,positive,,3
28781020,HLA-A*01,chronic_rejection,Recipients carrying HLA-A*01 showed a higher incidence of IFTA in this cohort.,HLA-A*01,IFTA,positive,,7
28781020,HLA-A*02:02,DGF,Recipients carrying HLA-A*02:02 showed a higher incidence of DGF in this cohort.,HLA-A*02:02,DGF,positive,,8
28781020,HLA-B*08,graft_loss,Recipients carrying HLA-B*08 showed a higher incidence of death-censored graft loss in this cohort.,HLA-B*08,death-censored graft loss,positive,,6
28781020,HLA-DPB1*01,DGF,Recipients carrying HLA-DPB1*01 showed a higher incidence of DGF in this cohort.,HLA-DPB1*01,DGF,positive,,5
29289997,HLA-B*08,DGF,We found no significant association between HLA-B*08 and DGF in this cohort.,HLA-B*08,DGF,negated,no significant,8
29780216,HLA-DPB1*04,chronic_rejection,We found no significant association between HLA-DPB1*04 and chronic rejection in this cohort.,HLA-DPB1*04,chronic rejection,negated,no significant,9
30041488,HLA-DQB1*02:01,ABMR,Recipients carrying HLA-DQB1*02:01 showed a higher incidence of acute ABMR in this cohort.,HLA-DQB1*02:01,acute ABMR,positive,,0
30703455,HLA-A*01:02,acute_rejection,Recipients carrying HLA-A*01:02 showed a higher incidence of acute rejection in this cohort.,HLA-A*01:02,acute rejection,positive,,2
30703455,HLA-B*08:02,skin_cancer,Recipients carrying HLA-B*08:02 showed a higher incidence of skin cancer in this cohort.,HLA-B*08:02,skin cancer,positive,,5
30703455,HLA-DPB1*01,graft_loss,We found no significant association between HLA-DPB1*01 and death-censored graft loss in this cohort.,HLA-DPB1*01,death-censored graft loss,negated,no significant,4
31050667,HLA-A*01,sensitization,We found no significant association between HLA-A*01 and HLA sensitization in this cohort.,HLA-A*01,HLA sensitization,negated,no significant,0
31050667,HLA-A*01:01,DGF,Recipients carrying HLA-A*01:01 showed a higher incidence of DGF in this cohort.,HLA-A*01:01,DGF,positive,,4
31050667,HLA-B*08,acute_rejection,Recipients carrying HLA-B*08 showed a higher incidence of biopsy-proven acute rejection in this cohort.,HLA-B*08,biopsy-proven acute rejection,positive,,1
31050667,HLA-DRB1*04,complement_activation,Recipients carrying HLA-DRB1*04 showed a higher incidence of C1q-binding DSA in this cohort.,HLA-DRB1*04,C1q-binding DSA,positive,,2
31071231,HLA-A*02:01,HLA_mismatch_outcome,Recipients carrying HLA-A*02:01 showed a higher incidence of antigen mismatch in this cohort.,HLA-A*02:01,antigen mismatch,positive,,0
31071231,HLA-DRB1*04,CMV,We found no significant association between HLA-DRB1*04 and CMV viremia in this cohort.,HLA-DRB1*04,CMV viremia,negated,no significant,3
31071231,HLA-DRB1*04:02,NODAT,Recipients carrying HLA-DRB1*04:02 showed a higher incidence of new-onset diabetes after transplantation in this cohort.,HLA-DRB1*04:02,new-onset diabetes after transplantation,positive,,1
31337593,HLA-B*07:02,sensitization,Recipients carrying HLA-B*07:02 showed a higher incidence of broad sensitization in this cohort.,HLA-B*07:02,broad sensitization,positive,,9
31520919,HLA-DPB1*01,DGF,Recipients carrying HLA-DPB1*01 showed a higher incidence of DGF in this cohort.,HLA-DPB1*01,DGF,positive,,8
31553261,HLA-A*02:01,acute_rejection,Recipients carrying HLA-A*02:01 showed a higher incidence of acute rejection in this cohort.,HLA-A*02:01,acute rejection,positive,,8
31567333,HLA-B*08,graft_loss,Recipients carrying HLA-B*08 showed a higher incidence of allograft failure in this cohort.,HLA-B*08,allograft failure,positive,,7
31567333,HLA-DQB1*03:01,IgA_nephropathy,Recipients carrying HLA-DQB1*03:01 showed a higher incidence of IgA nephropathy in this cohort.,HLA-DQB1*03:01,IgA nephropathy,positive,,0
31755769,HLA-DPB1*01,graft_loss,Recipients carrying HLA-DPB1*01 showed a higher incidence of allograft failure in this cohort.,HLA-DPB1*01,allograft failure,positive,,4
31983567,HLA-DPB1*01,DGF,Recipients carrying HLA-DPB1*01 showed a higher incidence of DGF in this cohort.,HLA-DPB1*01,DGF,positive,,7
31983567,HLA-DQB1*02,acute_rejection,Recipients carrying HLA-DQB1*02 showed a higher incidence of acute rejection in this cohort.,HLA-DQB1*02,acute rejection,positive,,4
31983567,HLA-DRB1*04,chronic_rejection,Recipients carrying HLA-DRB1*04 showed a higher incidence of IFTA in this cohort.,HLA-DRB1*04,IFTA,positive,,3
32256467,HLA-DPB1*04,complement_activation,We found no significant association between HLA-DPB1*04 and complement activation in this cohort.,HLA-DPB1*04,complement activation,negated,no significant,4
32256467,HLA-DPB1*04,graft_survival,We found no significant association between HLA-DPB1*04 and graft survival in this cohort.,HLA-DPB1*04,graft survival,negated,no significant,7
32442197,HLA-DRB1*03,graft_loss,Recipients carrying HLA-DRB1*03 showed a higher incidence of allograft failure in this cohort.,HLA-DRB1*03,allograft failure,positive,,2
32645646,HLA-DQB1*02,acute_rejection,Recipients carrying HLA-DQB1*02 showed a higher incidence of biopsy-proven acute rejection in this cohort.,HLA-DQB1*02,biopsy-proven acute rejection,positive,,6
33260196,HLA-A*01:01,graft_loss,Recipients carrying HLA-A*01:01 showed a higher incidence of allograft failure in this cohort.,HLA-A*01:01,allograft failure,positive,,7
33260196,HLA-A*02:02,DGF,Recipients carrying HLA-A*02:02 showed a higher incidence of delayed graft function in this cohort.,HLA-A*02:02,delayed graft function,positive,,8
33260196,HLA-DRB1*03,acute_rejection,Recipients carrying HLA-DRB1*03 showed a higher incidence of biopsy-proven acute rejection in this cohort.,HLA-DRB1*03,biopsy-proven acute rejection,positive,,5
33574794,HLA-A*01:02,acute_rejection,We found no significant association between HLA-A*01:02 and acute rejection in this cohort.,HLA-A*01:02,acute rejection,negated,no significant,5
33574794,HLA-DPB1*04,eGFR,Recipients carrying HLA-DPB1*04 showed a higher incidence of eGFR decline in this cohort.,HLA-DPB1*04,eGFR decline,positive,,9
33574794,HLA-DRB1*15,graft_loss,Recipients carrying HLA-DRB1*15 showed a higher incidence of graft loss in this cohort.,HLA-DRB1*15,graft loss,positive,,6
33732951,HLA-A*02:02,graft_loss,Recipients carrying HLA-A*02:02 showed a higher incidence of allograft failure in this cohort.,HLA-A*02:02,allograft failure,positive,,0
34452059,HLA-DPB1*01,graft_loss,Recipients carrying HLA-DPB1*01 showed a higher incidence of graft loss in this cohort.,HLA-DPB1*01,graft loss,positive,,5
34800912,HLA-A*02:01,graft_loss,Recipients carrying HLA-A*02:01 showed a higher incidence of death-censored graft loss in this cohort.,HLA-A*02:01,death-censored graft loss,positive,,0
34804490,HLA-DRB1*03,ABMR,Recipients carrying HLA-DRB1*03 showed a higher incidence of ABMR in this cohort.,HLA-DRB1*03,ABMR,positive,,0
35429494,HLA-mismatch,acute_rejection,Recipients carrying HLA-mismatch showed a higher incidence of acute rejection in this cohort.,HLA-mismatch,acute rejection,positive,,0
35554877,HLA-A*02:01,acute_rejection,Recipients carrying HLA-A*02:01 showed a higher incidence of acute rejection in this cohort.,HLA-A*02:01,acute rejection,positive,,7
35554877,HLA-DQB1*02,DSA,We found no significant association between HLA-DQB1*02 and donor-specific antibodies in this cohort.,HLA-DQB1*02,donor-specific antibodies,negated,no significant,2
35554877,HLA-DQB1*02:01,DSA,We found no significant association between HLA-DQB1*02:01 and DSA in this cohort.,HLA-DQB1*02:01,DSA,negated,no significant,3
35554877,HLA-DRB1*04,graft_survival,Recipients carrying HLA-DRB1*04 showed a higher incidence of graft survival in this cohort.,HLA-DRB1*04,graft survival,positive,,4
35578773,HLA-A*02:01,graft_loss,Recipients carrying HLA-A*02:01 showed a higher incidence of death-censored graft loss in this cohort.,HLA-A*02:01,death-censored graft loss,positive,,2
35578773,HLA-DQB1*03:02,graft_loss,Recipients carrying HLA-DQB1*03:02 showed a higher incidence of graft loss in this cohort.,HLA-DQB1*03:02,graft loss,positive,,5
36229153,HLA-A*01,CMV,We found no significant association between HLA-A*01 and CMV infection in this cohort.,HLA-A*01,CMV infection,negated,no significant,4
36229153,HLA-A*02:01,graft_loss,Recipients carrying HLA-A*02:01 showed a higher incidence of graft loss in this cohort.,HLA-A*02:01,graft loss,positive,,0
36229153,HLA-DPB1*01,DGF,Recipients carrying HLA-DPB1*01 showed a higher incidence of delayed graft function in this cohort.,HLA-DPB1*01,delayed graft function,positive,,8
36261929,HLA-DRB1*03:02,recurrent_GN,We found no significant association between HLA-DRB1*03:02 and GN recurrence in this cohort.,HLA-DRB1*03:02,GN recurrence,negated,no significant,0
36268513,HLA-DQB1*03,acute_rejection,Recipients carrying HLA-DQB1*03 showed a higher incidence of acute rejection in this cohort.,HLA-DQB1*03,acute rejection,positive,,7
36268513,HLA-DRB1*15,graft_loss,Recipients carrying HLA-DRB1*15 showed a higher incidence of death-censored graft loss in this cohort.,HLA-DRB1*15,death-censored graft loss,positive,,3
36268513,HLA-eplet,DSA,Recipients carrying HLA-eplet showed a higher incidence of de novo DSA in this cohort.,HLA-eplet,de novo DSA,positive,,6
36610839,HLA-DQB1*02:01,ABMR,Recipients carrying HLA-DQB1*02:01 showed a higher incidence of antibody-mediated rejection in this cohort.,HLA-DQB1*02:01,antibody-mediated rejection,positive,,3
36724061,HLA-A*01:01,DGF,Recipients carrying HLA-A*01:01 showed a higher incidence of DGF in this cohort.,HLA-A*01:01,DGF,positive,,9
36724061,HLA-DQB1*02:01,DSA,Recipients carrying HLA-DQB1*02:01 showed a higher incidence of DSA in this cohort.,HLA-DQB1*02:01,DSA,positive,,0
36741208,HLA-DPB1*04,CMV,We found no significant association between HLA-DPB1*04 and CMV disease in this cohort.,HLA-DPB1*04,CMV disease,negated,no significant,0
36741208,HLA-DQB1*02:01,graft_loss,Recipients carrying HLA-DQB1*02:01 showed a higher incidence of death-censored graft loss in this cohort.,HLA-DQB1*02:01,death-censored graft loss,positive,,9
36741208,HLA-DRB1*04,HLA_mismatch_outcome,Recipients carrying HLA-DRB1*04 showed a higher incidence of eplet mismatch load in this cohort.,HLA-DRB1*04,eplet mismatch load,positive,,6
36830448,HLA-A*01,complement_activation,Recipients carrying HLA-A*01 showed a higher incidence of complement activation in this cohort.,HLA-A*01,complement activation,positive,,5
36830448,HLA-A*01:01,sensitization,Recipients carrying HLA-A*01:01 showed a higher incidence of broad sensitization in this cohort.,HLA-A*01:01,broad sensitization,positive,,6
36830448,HLA-DQB1*03,acute_rejection,Recipients carrying HLA-DQB1*03 showed a higher incidence of biopsy-proven acute rejection in this cohort.,HLA-DQB1*03,biopsy-proven acute rejection,positive,,0
36830448,HLA-DRB1*03:01,mixed_rejection,Recipients carrying HLA-DRB1*03:01 showed a higher incidence of mixed rejection in this cohort.,HLA-DRB1*03:01,mixed rejection,positive,,1
36957830,HLA-B*07,BK_nephropathy,Recipients carrying HLA-B*07 showed a higher incidence of BK virus nephropathy in this cohort.,HLA-B*07,BK virus nephropathy,positive,,1
36957830,HLA-DPB1*04,HLA_mismatch_outcome,Recipients carrying HLA-DPB1*04 showed a higher incidence of HLA mismatch in this cohort.,HLA-DPB1*04,HLA mismatch,positive,,4
36957830,HLA-DQB1*03,acute_rejection,We found no significant association between HLA-DQB1*03 and biopsy-proven acute rejection in this cohort.,HLA-DQB1*03,biopsy-proven acute rejection,negated,no significant,7
36957830,HLA-eplet,DSA,Recipients carrying HLA-eplet showed a higher incidence of de novo DSA in this cohort.,HLA-eplet,de novo DSA,positive,,3
36962876,HLA-A*01:01,acute_rejection,We found no significant association between HLA-A*01:01 and acute rejection in this cohort.,HLA-A*01:01,acute rejection,negated,no significant,6
36962876,HLA-DRB1*15,DGF,Recipients carrying HLA-DRB1*15 showed a higher incidence of DGF in this cohort.,HLA-DRB1*15,DGF,positive,,0
38329117,HLA-DQB1*03,acute_rejection,Recipients carrying HLA-DQB1*03 showed a higher incidence of biopsy-proven acute rejection in this cohort.,HLA-DQB1*03,biopsy-proven acute rejection,positive,,9
38351344,HLA-A*01:01,DGF,Recipients carrying HLA-A*01:01 showed a higher incidence of delayed graft function in this cohort.,HLA-A*01:01,delayed graft function,positive,,5
38375916,HLA-A*01,chronic_rejection,Recipients carrying HLA-A*01 showed a higher incidence of interstitial fibrosis and tubular atrophy in this cohort.,HLA-A*01,interstitial fibrosis and tubular atrophy,positive,,6
38375916,HLA-A*01,graft_survival,Recipients carrying HLA-A*01 showed a higher incidence of graft survival in this cohort.,HLA-A*01,graft survival,positive,,5
38375916,HLA-DRB1*04,acute_rejection,Recipients carrying HLA-DRB1*04 showed a higher incidence of biopsy-proven acute rejection in this cohort.,HLA-DRB1*04,biopsy-proven acute rejection,positive,,1
39009803,HLA-DRB1*03,graft_loss,Recipients carrying HLA-DRB1*03 showed a higher incidence of allograft failure in this cohort.,HLA-DRB1*03,allograft failure,positive,,1
39158087,HLA-A*01:01,acute_rejection,Recipients carrying HLA-A*01:01 showed a higher incidence of acute rejection in this cohort.,HLA-A*01:01,acute rejection,positive,,4
39246218,HLA-DPB1*04,DGF,We found no significant association between HLA-DPB1*04 and DGF in this cohort.,HLA-DPB1*04,DGF,negated,no significant,8
39246218,HLA-DPB1*04,graft_survival,We found no significant association between HLA-DPB1*04 and death-censored graft survival in this cohort.,HLA-DPB1*04,death-censored graft survival,negated,no significant,5
39246218,HLA-DQB1*06,DGF,Recipients carrying HLA-DQB1*06 showed a higher incidence of DGF in this cohort.,HLA-DQB1*06,DGF,positive,,6
39369404,HLA-B*08,DGF,Recipients carrying HLA-B*08 showed a higher incidence of DGF in this cohort.,HLA-B*08,DGF,positive,,9
39386729,HLA-B*08:01,graft_survival,Recipients carrying HLA-B*08:01 showed a higher incidence of graft survival in this cohort.,HLA-B*08:01,graft survival,positive,,8
39448924,HLA-DRB1*04,chronic_rejection,We found no significant association between HLA-DRB1*04 and chronic rejection in this cohort.,HLA-DRB1*04,chronic rejection,negated,no significant,7
39448924,HLA-DRB1*04,complement_activation,Recipients carrying HLA-DRB1*04 showed a higher incidence of complement activation in this cohort.,HLA-DRB1*04,complement activation,positive,,3
39709238,HLA-B*08:01,graft_survival,Recipients carrying HLA-B*08:01 showed a higher incidence of graft survival in this cohort.,HLA-B*08:01,graft survival,positive,,5
39826611,HLA-A*01:01,acute_rejection,Recipients carrying HLA-A*01:01 showed a higher incidence of biopsy-proven acute rejection in this cohort.,HLA-A*01:01,biopsy-proven acute rejection,positive,,8
39826611,HLA-DPB1*04,graft_survival,Recipients carrying HLA-DPB1*04 showed a higher incidence of death-censored graft survival in this cohort.,HLA-DPB1*04,death-censored graft survival,positive,,7
39826611,HLA-DRB1*04,graft_survival,Recipients carrying HLA-DRB1*04 showed a higher incidence of graft survival in this cohort.,HLA-DRB1*04,graft survival,positive,,0
40314047,HLA-DRB1*03,ABMR,Recipients carrying HLA-DRB1*03 showed a higher incidence of ABMR in this cohort.,HLA-DRB1*03,ABMR,positive,,8
40314047,HLA-DRB1*04,complement_activation,Recipients carrying HLA-DRB1*04 showed a higher incidence of complement activation in this cohort.,HLA-DRB1*04,complement activation,positive,,5
40410305,HLA-A*01,eGFR,Recipients carrying HLA-A*01 showed a higher incidence of eGFR decline in this cohort.,HLA-A*01,eGFR decline,positive,,0
40655922,HLA-DRB1*04,eGFR,Recipients carrying HLA-DRB1*04 showed a higher incidence of eGFR decline in this cohort.,HLA-DRB1*04,eGFR decline,positive,,5
41717008,HLA-A*02:01,acute_rejection,Recipients carrying HLA-A*02:01 showed a higher incidence of biopsy-proven acute rejection in this cohort.,HLA-A*02:01,biopsy-proven acute rejection,positive,,3
41717008,HLA-B*07,acute_rejection,Recipients carrying HLA-B*07 showed a higher incidence of biopsy-proven acute rejection in this cohort.,HLA-B*07,biopsy-proven acute rejection,positive,,2
41717008,HLA-DQB1*06,graft_loss,Recipients carrying HLA-DQB1*06 showed a higher incidence of death-censored graft loss in this cohort.,HLA-DQB1*06,death-censored graft loss,positive,,8
42327067,HLA-DQB1*02:01,graft_loss,Recipients carrying HLA-DQB1*02:01 showed a higher incidence of death-censored graft loss in this cohort.,HLA-DQB1*02:01,death-censored graft loss,positive,,9
42327067,HLA-DRB1*15,graft_loss,Recipients carrying HLA-DRB1*15 showed a higher incidence of allograft failure in this cohort.,HLA-DRB1*15,allograft failure,positive,,8
42420888,HLA-A*01,HLA_mismatch_outcome,Recipients carrying HLA-A*01 showed a higher incidence of HLA mismatch in this cohort.,HLA-A*01,HLA mismatch,positive,,6
42528051,HLA-DQB1*03,acute_rejection,Recipients carrying HLA-DQB1*03 showed a higher incidence of acute rejection in this cohort.,HLA-DQB1*03,acute rejection,positive,,6
42528051,HLA-DQB1*06,DGF,Recipients carrying HLA-DQB1*06 showed a higher incidence of delayed graft function in this cohort.,HLA-DQB1*06,delayed graft function,positive,,8
42547451,HLA-A*01:01,graft_loss,We found no significant association between HLA-A*01:01 and graft loss in this cohort.,HLA-A*01:01,graft loss,negated,no significant,0
42688154,HLA-DPB1*04,complement_activation,Recipients carrying HLA-DPB1*04 showed a higher incidence of complement activation in this cohort.,HLA-DPB1*04,complement activation,positive,,4
42776746,HLA-DPB1*04,graft_survival,Recipients carrying HLA-DPB1*04 showed a higher incidence of death-censored graft survival in this cohort.,HLA-DPB1*04,death-censored graft survival,positive,,0
43059986,HLA-B*08,sensitization,Recipients carrying HLA-B*08 showed a higher incidence of HLA sensitization in this cohort.,HLA-B*08,HLA sensitization,positive,,7
43252079,HLA-A*02:02,graft_loss,We found no significant association between HLA-A*02:02 and death-censored graft loss in this cohort.,HLA-A*02:02,death-censored graft loss,negated,no significant,3
43382936,HLA-B*07:01,acute_rejection,Recipients carrying HLA-B*07:01 showed a higher incidence of acute rejection in this cohort.,HLA-B*07:01,acute rejection,positive,,6
43382936,HLA-eplet,DSA,Recipients carrying HLA-eplet showed a higher incidence of de novo DSA in this cohort.,HLA-eplet,de novo DSA,positive,,4
43808923,HLA-A*01,complement_activation,Recipients carrying HLA-A*01 showed a higher incidence of C4d deposition in this cohort.,HLA-A*01,C4d deposition,positive,,4
43808923,HLA-DQB1*02,acute_rejection,Recipients carrying HLA-DQB1*02 showed a higher incidence of acute rejection in this cohort.,HLA-DQB1*02,acute rejection,positive,,5
44619354,HLA-A*02:01,acute_rejection,Recipients carrying HLA-A*02:01 showed a higher incidence of acute rejection in this cohort.,HLA-A*02:01,acute rejection,positive,,0
45014869,HLA-DPB1*04,sensitization,Recipients carrying HLA-DPB1*04 showed a higher incidence of sensitization in this cohort.,HLA-DPB1*04,sensitization,positive,,8
45328305,HLA-A*01:02,acute_rejection,Recipients carrying HLA-A*01:02 showed a higher incidence of biopsy-proven acute rejection in this cohort.,HLA-A*01:02,biopsy-proven acute rejection,positive,,8
45328305,HLA-DPB1*01,acute_rejection,We found no significant association between HLA-DPB1*01 and biopsy-proven acute rejection in this cohort.,HLA-DPB1*01,biopsy-proven acute rejection,negated,no significant,7
45349744,HLA-A*01,NODAT,We found no significant association between HLA-A*01 and new-onset diabetes after transplantation in this cohort.,HLA-A*01,new-onset diabetes after transplantation,negated,no significant,0
45349744,HLA-A*01:01,acute_rejection,Recipients carrying HLA-A*01:01 showed a higher incidence of acute rejection in this cohort.,HLA-A*01:01,acute rejection,positive,,5
45349744,HLA-DPB1*01,graft_loss,Recipients carrying HLA-DPB1*01 showed a higher incidence of allograft failure in this cohort.,HLA-DPB1*01,allograft failure,positive,,7
46307023,HLA-DPB1*04,complement_activation,Recipients carrying HLA-DPB1*04 showed a higher incidence of C4d deposition in this cohort.,HLA-DPB1*04,C4d deposition,positive,,6
46738721,HLA-A*02,CMV,Recipients carrying HLA-A*02 showed a higher incidence of CMV viremia in this cohort.,HLA-A*02,CMV viremia,positive,,8
46738721,HLA-DPB1*04,chronic_rejection,Recipients carrying HLA-DPB1*04 showed a higher incidence of interstitial fibrosis and tubular atrophy in this cohort.,HLA-DPB1*04,interstitial fibrosis and tubular atrophy,positive,,9
46738721,HLA-DQB1*02:01,graft_loss,Recipients carrying HLA-DQB1*02:01 showed a higher incidence of graft loss in this cohort.,HLA-DQB1*02:01,graft loss,positive,,1
46849119,HLA-A*01,complement_activation,Recipients carrying HLA-A*01 showed a higher incidence of C4d deposition in this cohort.,HLA-A*01,C4d deposition,positive,,0
46849119,HLA-DPB1*04,graft_survival,Recipients carrying HLA-DPB1*04 showed a higher incidence of graft survival in this cohort.,HLA-DPB1*04,graft survival,positive,,1
46849119,HLA-DQB1*06,DGF,Recipients carrying HLA-DQB1*06 showed a higher incidence of delayed graft function in this cohort.,HLA-DQB1*06,delayed graft function,positive,,4
47216895,HLA-A*02:02,DGF,We found no significant association between HLA-A*02:02 and delayed graft function in this cohort.,HLA-A*02:02,delayed graft function,negated,no significant,0
47216895,HLA-mismatch,acute_rejection,Recipients carrying HLA-mismatch showed a higher incidence of acute rejection in this cohort.,HLA-mismatch,acute rejection,positive,,7
48019256,HLA-A*01:02,DGF,Recipients carrying HLA-A*01:02 showed a higher incidence of delayed graft function in this cohort.,HLA-A*01:02,delayed graft function,positive,,4
48019256,HLA-DRB1*03,acute_rejection,Recipients carrying HLA-DRB1*03 showed a higher incidence of acute rejection in this cohort.,HLA-DRB1*03,acute rejection,positive,,6
48063218,HLA-DRB1*04,complement_activation,Recipients carrying HLA-DRB1*04 showed a higher incidence of C1q-binding DSA in this cohort.,HLA-DRB1*04,C1q-binding DSA,positive,,2
48141360,HLA-DRB1*04,chronic_rejection,Recipients carrying HLA-DRB1*04 showed a higher incidence of IFTA in this cohort.,HLA-DRB1*04,IFTA,positive,,2
48257007,HLA-A*02:02,graft_loss,Recipients carrying HLA-A*02:02 showed a higher incidence of death-censored graft loss in this cohort.,HLA-A*02:02,death-censored graft loss,positive,,4
48257007,HLA-B*08,sensitization,Recipients carrying HLA-B*08 showed a higher incidence of sensitization in this cohort.,HLA-B*08,sensitization,positive,,5
48257007,HLA-DRB1*04,chronic_rejection,Recipients carrying HLA-DRB1*04 showed a higher incidence of chronic rejection in this cohort.,HLA-DRB1*04,chronic rejection,positive,,8
48257007,HLA-DRB1*04:02,NODAT,Recipients carrying HLA-DRB1*04:02 showed a higher incidence of new-onset diabetes after transplantation in this cohort.,HLA-DRB1*04:02,new-onset diabetes after transplantation,positive,,7
48649601,HLA-DRB1*04,complement_activation,Recipients carrying HLA-DRB1*04 showed a higher incidence of C4d deposition in this cohort.,HLA-DRB1*04,C4d deposition,positive,,6
48983895,HLA-DPB1*01,graft_loss,We found no significant association between HLA-DPB1*01 and death-censored graft loss in this cohort.,HLA-DPB1*01,death-censored graft loss,negated,no significant,0
49189370,HLA-A*01,chronic_rejection,We found no significant association between HLA-A*01 and IFTA in this cohort.,HLA-A*01,IFTA,negated,no significant,9
49189370,HLA-A*01:02,DGF,Recipients carrying HLA-A*01:02 showed a higher incidence of DGF in this cohort.,HLA-A*01:02,DGF,positive,,2
49189370,HLA-A*02,CMV,Recipients carrying HLA-A*02 showed a higher incidence of CMV viremia in this cohort.,HLA-A*02,CMV viremia,positive,,7
49586388,HLA-A*02:02,DGF,We found no significant association between HLA-A*02:02 and delayed graft function in this cohort.,HLA-A*02:02,delayed graft function,negated,no significant,6
49586388,HLA-DPB1*01,acute_rejection,Recipients carrying HLA-DPB1*01 showed a higher incidence of acute rejection in this cohort.,HLA-DPB1*01,acute rejection,positive,,5
49777260,HLA-A*02:01,DGF,Recipients carrying HLA-A*02:01 showed a higher incidence of delayed graft function in this cohort.,HLA-A*02:01,delayed graft function,positive,,9
49905650,HLA-DQB1*02:01,ABMR,Recipients carrying HLA-DQB1*02:01 showed a higher incidence of acute ABMR in this cohort.,HLA-DQB1*02:01,acute ABMR,positive,,6
49905650,HLA-DQB1*06,acute_rejection,Recipients carrying HLA-DQB1*06 showed a higher incidence of acute rejection in this cohort.,HLA-DQB1*06,acute rejection,positive,,2
49905650,HLA-DRB1*15,graft_loss,Recipients carrying HLA-DRB1*15 showed a higher incidence of allograft failure in this cohort.,HLA-DRB1*15,allograft failure,positive,,7
49920898,HLA-DPB1*01,DGF,Recipients carrying HLA-DPB1*01 showed a higher incidence of delayed graft function in this cohort.,HLA-DPB1*01,delayed graft function,positive,,4
49920898,HLA-DPB1*04,DGF,Recipients carrying HLA-DPB1*04 showed a higher incidence of DGF in this cohort.,HLA-DPB1*04,DGF,positive,,3
49922892,HLA-A*02,CMV,Recipients carrying HLA-A*02 showed a higher incidence of CMV disease in this cohort.,HLA-A*02,CMV disease,positive,,3
49922892,HLA-DQB1*02:01,ABMR,We found no significant association between HLA-DQB1*02:01 and antibody-mediated rejection in this cohort.,HLA-DQB1*02:01,antibody-mediated rejection,negated,no significant,8
50004466,HLA-A*01,CMV,Recipients carrying HLA-A*01 showed a higher incidence of CMV viremia in this cohort.,HLA-A*01,CMV viremia,positive,,2
50004466,HLA-A*01,complement_activation,We found no significant association between HLA-A*01 and C4d deposition in this cohort.,HLA-A*01,C4d deposition,negated,no significant,4
50004466,HLA-A*01:02,DGF,We found no significant association between HLA-A*01:02 and DGF in this cohort.,HLA-A*01:02,DGF,negated,no significant,8
50004466,HLA-DRB1*04,graft_survival,Recipients carrying HLA-DRB1*04 showed a higher incidence of death-censored graft survival in this cohort.,HLA-DRB1*04,death-censored graft survival,positive,,0
50213043,HLA-DPB1*04,graft_survival,We found no significant association between HLA-DPB1*04 and graft survival in this cohort.,HLA-DPB1*04,graft survival,negated,no significant,2
50213043,HLA-DQB1*02,acute_rejection,Recipients carrying HLA-DQB1*02 showed a higher incidence of biopsy-proven acute rejection in this cohort.,HLA-DQB1*02,biopsy-proven acute rejection,positive,,4
50213043,HLA-DRB1*04,CMV,Recipients carrying HLA-DRB1*04 showed a higher incidence of CMV infection in this cohort.,HLA-DRB1*04,CMV infection,positive,,6
50532800,HLA-A*02:01,DGF,Recipients carrying HLA-A*02:01 showed a higher incidence of delayed graft function in this cohort.,HLA-A*02:01,delayed graft function,positive,,9
50532800,HLA-DRB1*03,ABMR,Recipients carrying HLA-DRB1*03 showed a higher incidence of ABMR in this cohort.,HLA-DRB1*03,ABMR,positive,,4
50532800,HLA-DRB1*04,acute_rejection,Recipients carrying HLA-DRB1*04 showed a higher incidence of biopsy-proven acute rejection in this cohort.,HLA-DRB1*04,biopsy-proven acute rejection,positive,,0
50621889,HLA-A*01,sensitization,We found no significant association between HLA-A*01 and sensitization in this cohort.,HLA-A*01,sensitization,negated,no significant,0
50693207,HLA-A*02,DGF,Recipients carrying HLA-A*02 showed a higher incidence of delayed graft function in this cohort.,HLA-A*02,delayed graft function,positive,,7
51178850,HLA-DQB1*02,mixed_rejection,Recipients carrying HLA-DQB1*02 showed a higher incidence of mixed rejection in this cohort.,HLA-DQB1*02,mixed rejection,positive,,0
51178850,HLA-DQB1*03,acute_rejection,Recipients carrying HLA-DQB1*03 showed a higher incidence of acute rejection in this cohort.,HLA-DQB1*03,acute rejection,positive,,1
51178850,HLA-DRB1*03,DGF,Recipients carrying HLA-DRB1*03 showed a higher incidence of delayed graft function in this cohort.,HLA-DRB1*03,delayed graft function,positive,,8
51178850,HLA-DRB1*04,graft_survival,Recipients carrying HLA-DRB1*04 showed a higher incidence of graft survival in this cohort.,HLA-DRB1*04,graft survival,positive,,3
51308532,HLA-A*01,CMV,Recipients carrying HLA-A*01 showed a higher incidence of CMV disease in this cohort.,HLA-A*01,CMV disease,positive,,8
51629000,HLA-A*01:01,graft_loss,We found no significant association between HLA-A*01:01 and allograft failure in this cohort.,HLA-A*01:01,allograft failure,negated,no significant,4
51629000,HLA-A*02,CMV,We found no significant association between HLA-A*02 and CMV infection in this cohort.,HLA-A*02,CMV infection,negated,no significant,0
51629000,HLA-DQB1*03,graft_loss,Recipients carrying HLA-DQB1*03 showed a higher incidence of allograft failure in this cohort.,HLA-DQB1*03,allograft failure,positive,,1
51766978,HLA-A*01:02,DGF,Recipients carrying HLA-A*01:02 showed a higher incidence of delayed graft function in this cohort.,HLA-A*01:02,delayed graft function,positive,,3
51766978,HLA-B*07,graft_loss,Recipients carrying HLA-B*07 showed a higher incidence of allograft failure in this cohort.,HLA-B*07,allograft failure,positive,,4
51766978,HLA-B*07:01,graft_loss,Recipients carrying HLA-B*07:01 showed a higher incidence of death-censored graft loss in this cohort.,HLA-B*07:01,death-censored graft loss,positive,,7
51876858,HLA-B*08,sensitization,Recipients carrying HLA-B*08 showed a higher incidence of broad sensitization in this cohort.,HLA-B*08,broad sensitization,positive,,9
51970837,HLA-DRB1*03,DGF,Recipients carrying HLA-DRB1*03 showed a higher incidence of delayed graft function in this cohort.,HLA-DRB1*03,delayed graft function,positive,,6
51970837,HLA-DRB1*04,acute_rejection,Recipients carrying HLA-DRB1*04 showed a higher incidence of acute rejection in this cohort.,HLA-DRB1*04,acute rejection,positive,,7
52358553,HLA-A*01,graft_loss,Recipients carrying HLA-A*01 showed a higher incidence of allograft failure in this cohort.,HLA-A*01,allograft failure,positive,,4
52358553,HLA-DPB1*04,CMV,Recipients carrying HLA-DPB1*04 showed a higher incidence of CMV viremia in this cohort.,HLA-DPB1*04,CMV viremia,positive,,5
52358553,HLA-DRB1*04,HLA_mismatch_outcome,Recipients carrying HLA-DRB1*04 showed a higher incidence of eplet mismatch load in this cohort.,HLA-DRB1*04,eplet mismatch load,positive,,2
52431444,HLA-DQB1*02:01,DSA,Recipients carrying HLA-DQB1*02:01 showed a higher incidence of de novo DSA in this cohort.,HLA-DQB1*02:01,de novo DSA,positive,,9
52431444,HLA-DRB1*04,CMV,Recipients carrying HLA-DRB1*04 showed a higher incidence of CMV viremia in this cohort.,HLA-DRB1*04,CMV viremia,positive,,0
52773159,HLA-A*01,graft_loss,Recipients carrying HLA-A*01 showed a higher incidence of allograft failure in this cohort.,HLA-A*01,allograft failure,positive,,9
52773159,HLA-A*01:01,graft_loss,We found no significant association between HLA-A*01:01 and graft loss in this cohort.,HLA-A*01:01,graft loss,negated,no significant,4
52773159,HLA-B*07,DGF,Recipients carrying HLA-B*07 showed a higher incidence of delayed graft function in this cohort.,HLA-B*07,delayed graft function,positive,,6
52773159,HLA-DRB1*04,chronic_rejection,We found no significant association between HLA-DRB1*04 and IFTA in this cohort.,HLA-DRB1*04,IFTA,negated,no significant,1
52916049,HLA-DPB1*04,sensitization,Recipients carrying HLA-DPB1*04 showed a higher incidence of HLA sensitization in this cohort.,HLA-DPB1*04,HLA sensitization,positive,,4
52980983,HLA-A*01,chronic_rejection,Recipients carrying HLA-A*01 showed a higher incidence of IFTA in this cohort.,HLA-A*01,IFTA,positive,,4
53048774,HLA-A*01:02,graft_loss,We found no significant association between HLA-A*01:02 and allograft failure in this cohort.,HLA-A*01:02,allograft failure,negated,no significant,4
53048774,HLA-B*07:01,graft_loss,Recipients carrying HLA-B*07:01 showed a higher incidence of death-censored graft loss in this cohort.,HLA-B*07:01,death-censored graft loss,positive,,1
53048774,HLA-DRB1*04,HLA_mismatch_outcome,Recipients carrying HLA-DRB1*04 showed a higher incidence of antigen mismatch in this cohort.,HLA-DRB1*04,antigen mismatch,positive,,0
53169555,HLA-A*01:01,acute_rejection,Recipients carrying HLA-A*01:01 showed a higher incidence of acute rejection in this cohort.,HLA-A*01:01,acute rejection,positive,,8
53169555,HLA-B*07:01,DGF,Recipients carrying HLA-B*07:01 showed a higher incidence of delayed graft function in this cohort.,HLA-B*07:01,delayed graft function,positive,,7
53169555,HLA-DRB1*04:02,skin_cancer,Recipients carrying HLA-DRB1*04:02 showed a higher incidence of cutaneous squamous cell carcinoma in this cohort.,HLA-DRB1*04:02,cutaneous squamous cell carcinoma,positive,,6
53169555,HLA-DRB1*15,DGF,Recipients carrying HLA-DRB1*15 showed a higher incidence of DGF in this cohort.,HLA-DRB1*15,DGF,positive,,1
53360807,HLA-A*01:01,DGF,Recipients carrying HLA-A*01:01 showed a higher incidence of delayed graft function in this cohort.,HLA-A*01:01,delayed graft function,positive,,0
53360807,HLA-DPB1*04,NODAT,Recipients carrying HLA-DPB1*04 showed a higher incidence of NODAT in this cohort.,HLA-DPB1*04,NODAT,positive,,9
53360807,HLA-DPB1*04,sensitization,Recipients carrying HLA-DPB1*04 showed a higher incidence of sensitization in this cohort.,HLA-DPB1*04,sensitization,positive,,6
53397675,HLA-DRB1*04,CMV,Recipients carrying HLA-DRB1*04 showed a higher incidence of CMV infection in this cohort.,HLA-DRB1*04,CMV infection,positive,,9
53534095,HLA-DQB1*03,acute_rejection,Recipients carrying HLA-DQB1*03 showed a higher incidence of biopsy-proven acute rejection in this cohort.,HLA-DQB1*03,biopsy-proven acute rejection,positive,,4
53534095,HLA-eplet,DSA,We found no significant association between HLA-eplet and DSA in this cohort.,HLA-eplet,DSA,negated,no significant,3
53679307,HLA-A*02:02,acute_rejection,Recipients carrying HLA-A*02:02 showed a higher incidence of acute rejection in this cohort.,HLA-A*02:02,acute rejection,positive,,1
53737494,HLA-B*08,graft_loss,Recipients carrying HLA-B*08 showed a higher incidence of graft loss in this cohort.,HLA-B*08,graft loss,positive,,9
53737494,HLA-B*08:02,IgA_nephropathy,Recipients carrying HLA-B*08:02 showed a higher incidence of recurrent IgA nephropathy in this cohort.,HLA-B*08:02,recurrent IgA nephropathy,positive,,0
53737494,HLA-DPB1*04,graft_survival,Recipients carrying HLA-DPB1*04 showed a higher incidence of graft survival in this cohort.,HLA-DPB1*04,graft survival,positive,,2
53765651,HLA-A*01:02,DGF,Recipients carrying HLA-A*01:02 showed a higher incidence of delayed graft function in this cohort.,HLA-A*01:02,delayed graft function,positive,,0
53765651,HLA-DRB1*15,DGF,Recipients carrying HLA-DRB1*15 showed a higher incidence of DGF in this cohort.,HLA-DRB1*15,DGF,positive,,1
53765651,HLA-DRB1*15,graft_loss,Recipients carrying HLA-DRB1*15 showed a higher incidence of graft loss in this cohort.,HLA-DRB1*15,graft loss,positive,,2
53772726,HLA-A*02,graft_loss,Recipients carrying HLA-A*02 showed a higher incidence of death-censored graft loss in this cohort.,HLA-A*02,death-censored graft loss,positive,,1
53772726,HLA-B*08,DGF,We found no significant association between HLA-B*08 and DGF in this cohort.,HLA-B*08,DGF,negated,no significant,9
53772726,HLA-DRB1*04,eGFR,Recipients carrying HLA-DRB1*04 showed a higher incidence of eGFR decline in this cohort.,HLA-DRB1*04,eGFR decline,positive,,3
53947691,HLA-A*01:02,acute_rejection,Recipients carrying HLA-A*01:02 showed a higher incidence of biopsy-proven acute rejection in this cohort.,HLA-A*01:02,biopsy-proven acute rejection,positive,,1
54084020,HLA-A*01,CMV,We found no significant association between HLA-A*01 and CMV viremia in this cohort.,HLA-A*01,CMV viremia,negated,no significant,5
54084020,HLA-A*02:02,graft_loss,Recipients carrying HLA-A*02:02 showed a higher incidence of graft loss in this cohort.,HLA-A*02:02,graft loss,positive,,2
54084020,HLA-DPB1*04,complement_activation,Recipients carrying HLA-DPB1*04 showed a higher incidence of complement activation in this cohort.,HLA-DPB1*04,complement activation,positive,,8
54084020,HLA-DQB1*03,DGF,We found no significant association between HLA-DQB1*03 and DGF in this cohort.,HLA-DQB1*03,DGF,negated,no significant,3
54140102,HLA-B*08,DGF,Recipients carrying HLA-B*08 showed a higher incidence of DGF in this cohort.,HLA-B*08,DGF,positive,,7
54140102,HLA-DPB1*04,sensitization,Recipients carrying HLA-DPB1*04 showed a higher incidence of broad sensitization in this cohort.,HLA-DPB1*04,broad sensitization,positive,,2
54140102,HLA-DRB1*04,sensitization,We found no significant association between HLA-DRB1*04 and HLA sensitization in this cohort.,HLA-DRB1*04,HLA sensitization,negated,no significant,6
54462343,HLA-DQB1*02:01,graft_loss,Recipients carrying HLA-DQB1*02:01 showed a higher incidence of graft loss in this cohort.,HLA-DQB1*02:01,graft loss,positive,,8
54462343,HLA-DRB1*04,sensitization,We found no significant association between HLA-DRB1*04 and broad sensitization in this cohort.,HLA-DRB1*04,broad sensitization,negated,no significant,2
55235396,HLA-DRB1*04,graft_survival,We found no significant association between HLA-DRB1*04 and graft survival in this cohort.,HLA-DRB1*04,graft survival,negated,no significant,2
55235396,HLA-mismatch,mixed_rejection,Recipients carrying HLA-mismatch showed a higher incidence of mixed rejection in this cohort.,HLA-mismatch,mixed rejection,positive,,8
55277425,HLA-eplet,DSA,Recipients carrying HLA-eplet showed a higher incidence of DSA in this cohort.,HLA-eplet,DSA,positive,,9
55358959,HLA-DPB1*01,acute_rejection,We found no significant association between HLA-DPB1*01 and acute rejection in this cohort.,HLA-DPB1*01,acute rejection,negated,no significant,2
55358959,HLA-DQB1*02:01,graft_loss,We found no significant association between HLA-DQB1*02:01 and allograft failure in this cohort.,HLA-DQB1*02:01,allograft failure,negated,no significant,7
55358959,HLA-DQB1*06,DGF,Recipients carrying HLA-DQB1*06 showed a higher incidence of delayed graft function in this cohort.,HLA-DQB1*06,delayed graft function,positive,,6
55754284,HLA-A*01,graft_survival,We found no significant association between HLA-A*01 and death-censored graft survival in this cohort.,HLA-A*01,death-censored graft survival,negated,no significant,1
55754284,HLA-DPB1*04,sensitization,Recipients carrying HLA-DPB1*04 showed a higher incidence of broad sensitization in this cohort.,HLA-DPB1*04,broad sensitization,positive,,0
55754284,HLA-DRB1*03,acute_rejection,Recipients carrying HLA-DRB1*03 showed a higher incidence of biopsy-proven acute rejection in this cohort.,HLA-DRB1*03,biopsy-proven acute rejection,positive,,9
55783977,HLA-DPB1*01,DGF,Recipients carrying HLA-DPB1*01 showed a higher incidence of DGF in this cohort.,HLA-DPB1*01,DGF,positive,,9
55783977,HLA-DQB1*02,DSA,Recipients carrying HLA-DQB1*02 showed a higher incidence of DSA in this cohort.,HLA-DQB1*02,DSA,positive,,7
55783977,HLA-DRB1*04,chronic_rejection,Recipients carrying HLA-DRB1*04 showed a higher incidence of IFTA in this cohort.,HLA-DRB1*04,IFTA,positive,,4
55890766,HLA-B*07:01,DGF,Recipients carrying HLA-B*07:01 showed a higher incidence of DGF in this cohort.,HLA-B*07:01,DGF,positive,,8
55890766,HLA-DPB1*04,CMV,Recipients carrying HLA-DPB1*04 showed a higher incidence of CMV infection in this cohort.,HLA-DPB1*04,CMV infection,positive,,7
55890766,HLA-DRB1*03:02,recurrent_GN,Recipients carrying HLA-DRB1*03:02 showed a higher incidence of recurrent glomerulonephritis in this cohort.,HLA-DRB1*03:02,recurrent glomerulonephritis,positive,,3
55890766,HLA-DRB1*04,complement_activation,Recipients carrying HLA-DRB1*04 showed a higher incidence of C1q-binding DSA in this cohort.,HLA-DRB1*04,C1q-binding DSA,positive,,9
56324312,HLA-A*02:01,graft_loss,Recipients carrying HLA-A*02:01 showed a higher incidence of allograft failure in this cohort.,HLA-A*02:01,allograft failure,positive,,0
56324312,HLA-DQB1*03,DGF,Recipients carrying HLA-DQB1*03 showed a higher incidence of delayed graft function in this cohort.,HLA-DQB1*03,delayed graft function,positive,,8
56658526,HLA-A*01,CMV,Recipients carrying HLA-A*01 showed a higher incidence of CMV disease in this cohort.,HLA-A*01,CMV disease,positive,,0
57226789,HLA-DQB1*06,acute_rejection,Recipients carrying HLA-DQB1*06 showed a higher incidence of biopsy-proven acute rejection in this cohort.,HLA-DQB1*06,biopsy-proven acute rejection,positive,,5
57493391,HLA-DPB1*04,eGFR,We found no significant association between HLA-DPB1*04 and eGFR decline in this cohort.,HLA-DPB1*04,eGFR decline,negated,no significant,3
57493391,HLA-DQB1*02:01,DSA,Recipients carrying HLA-DQB1*02:01 showed a higher incidence of DSA in this cohort.,HLA-DQB1*02:01,DSA,positive,,4
57928328,HLA-A*01,graft_loss,Recipients carrying HLA-A*01 showed a higher incidence of graft loss in this cohort.,HLA-A*01,graft loss,positive,,0
57928328,HLA-DQB1*02:01,graft_loss,We found no significant association between HLA-DQB1*02:01 and graft loss in this cohort.,HLA-DQB1*02:01,graft loss,negated,no significant,7
58034735,HLA-DPB1*01,graft_loss,We found no significant association between HLA-DPB1*01 and allograft failure in this cohort.,HLA-DPB1*01,allograft failure,negated,no significant,1
58173202,HLA-DQB1*02:01,DSA,Recipients carrying HLA-DQB1*02:01 showed a higher incidence of donor-specific antibodies in this cohort.,HLA-DQB1*02:01,donor-specific antibodies,positive,,6
58173202,HLA-DRB1*15,graft_survival,Recipients carrying HLA-DRB1*15 showed a higher incidence of death-censored graft survival in this cohort.,HLA-DRB1*15,death-censored graft survival,positive,,5
58412365,HLA-A*01,graft_survival,Recipients carrying HLA-A*01 showed a higher incidence of graft survival in this cohort.,HLA-A*01,graft survival,positive,,4
58412365,HLA-A*01,sensitization,We found no significant association between HLA-A*01 and HLA sensitization in this cohort.,HLA-A*01,HLA sensitization,negated,no significant,2
58412365,HLA-DPB1*01,graft_loss,Recipients carrying HLA-DPB1*01 showed a higher incidence of graft loss in this cohort.,HLA-DPB1*01,graft loss,positive,,8
58412365,HLA-DRB1*03,DGF,Recipients carrying HLA-DRB1*03 showed a higher incidence of delayed graft function in this cohort.,HLA-DRB1*03,delayed graft function,positive,,9
58505926,HLA-A*01,HLA_mismatch_outcome,Recipients carrying HLA-A*01 showed a higher incidence of eplet mismatch load in this cohort.,HLA-A*01,eplet mismatch load,positive,,5
58505926,HLA-DPB1*04,chronic_rejection,Recipients carrying HLA-DPB1*04 showed a higher incidence of chronic rejection in this cohort.,HLA-DPB1*04,chronic rejection,positive,,9
58556533,HLA-A*01,CMV,We found no significant association between HLA-A*01 and CMV viremia in this cohort.,HLA-A*01,CMV viremia,negated,no significant,9
59093843,HLA-A*01,chronic_rejection,Recipients carrying HLA-A*01 showed a higher incidence of chronic rejection in this cohort.,HLA-A*01,chronic rejection,positive,,8
59093843,HLA-DPB1*04,DGF,Recipients carrying HLA-DPB1*04 showed a higher incidence of delayed graft function in this cohort.,HLA-DPB1*04,delayed graft function,positive,,3
59104566,HLA-A*01,graft_loss,We found no significant association between HLA-A*01 and graft loss in this cohort.,HLA-A*01,graft loss,negated,no significant,5
59104566,HLA-A*02:02,DGF,We found no significant association between HLA-A*02:02 and DGF in this cohort.,HLA-A*02:02,DGF,negated,no significant,6
59104566,HLA-DPB1*04,HLA_mismatch_outcome,Recipients carrying HLA-DPB1*04 showed a higher incidence of antigen mismatch in this cohort.,HLA-DPB1*04,antigen mismatch,positive,,4
59104566,HLA-DRB1*04,HLA_mismatch_outcome,Recipients carrying HLA-DRB1*04 showed a higher incidence of antigen mismatch in this cohort.,HLA-DRB1*04,antigen mismatch,positive,,7
59239353,HLA-A*02:01,DGF,We found no significant association between HLA-A*02:01 and DGF in this cohort.,HLA-A*02:01,DGF,negated,no significant,0
59239353,HLA-DPB1*01,acute_rejection,Recipients carrying HLA-DPB1*01 showed a higher incidence of biopsy-proven acute rejection in this cohort.,HLA-DPB1*01,biopsy-proven acute rejection,positive,,3
59239353,HLA-DPB1*01,graft_loss,Recipients carrying HLA-DPB1*01 showed a higher incidence of graft loss in this cohort.,HLA-DPB1*01,graft loss,positive,,9
59294789,HLA-A*02,DGF,We found no significant association between HLA-A*02 and DGF in this cohort.,HLA-A*02,DGF,negated,no significant,4
59294789,HLA-DPB1*04,sensitization,Recipients carrying HLA-DPB1*04 showed a higher incidence of HLA sensitization in this cohort.,HLA-DPB1*04,HLA sensitization,positive,,9
59294789,HLA-DQB1*02,acute_rejection,Recipients carrying HLA-DQB1*02 showed a higher incidence of acute rejection in this cohort.,HLA-DQB1*02,acute rejection,positive,,2
59294789,HLA-DQB1*02:01,graft_loss,Recipients carrying HLA-DQB1*02:01 showed a higher incidence of graft loss in this cohort.,HLA-DQB1*02:01,graft loss,positive,,3
59440148,HLA-DQB1*02,DSA,Recipients carrying HLA-DQB1*02 showed a higher incidence of de novo DSA in this cohort.,HLA-DQB1*02,de novo DSA,positive,,1
59440148,HLA-DQB1*03,acute_rejection,Recipients carrying HLA-DQB1*03 showed a higher incidence of acute rejection in this cohort.,HLA-DQB1*03,acute rejection,positive,,0
59440148,HLA-DQB1*06,acute_rejection,Recipients carrying HLA-DQB1*06 showed a higher incidence of biopsy-proven acute rejection in this cohort.,HLA-DQB1*06,biopsy-proven acute rejection,positive,,3
59440148,HLA-DRB1*04,CMV,Recipients carrying HLA-DRB1*04 showed a higher incidence of CMV disease in this cohort.,HLA-DRB1*04,CMV disease,positive,,5
59449823,HLA-A*01,CMV,Recipients carrying HLA-A*01 showed a higher incidence of CMV infection in this cohort.,HLA-A*01,CMV infection,positive,,9
59449823,HLA-DQB1*02:02,DSA,Recipients carrying HLA-DQB1*02:02 showed a higher incidence of de novo DSA in this cohort.,HLA-DQB1*02:02,de novo DSA,positive,,1
59879577,HLA-DPB1*04,eGFR,Recipients carrying HLA-DPB1*04 showed a higher incidence of eGFR decline in this cohort.,HLA-DPB1*04,eGFR decline,positive,,2
59886371,HLA-A*01,complement_activation,Recipients carrying HLA-A*01 showed a higher incidence of C4d deposition in this cohort.,HLA-A*01,C4d deposition,positive,,1
59886371,HLA-A*01:01,DGF,Recipients carrying HLA-A*01:01 showed a higher incidence of DGF in this cohort.,HLA-A*01:01,DGF,positive,,5
60181152,HLA-A*02:02,acute_rejection,We found no significant association between HLA-A*02:02 and biopsy-proven acute rejection in this cohort.,HLA-A*02:02,biopsy-proven acute rejection,negated,no significant,9
60181152,HLA-B*08,sensitization,Recipients carrying HLA-B*08 showed a higher incidence of HLA sensitization in this cohort.,HLA-B*08,HLA sensitization,positive,,6
60181152,HLA-DPB1*04,chronic_rejection,Recipients carrying HLA-DPB1*04 showed a higher incidence of chronic rejection in this cohort.,HLA-DPB1*04,chronic rejection,positive,,7
60192126,HLA-DRB1*04,graft_survival,Recipients carrying HLA-DRB1*04 showed a higher incidence of graft survival in this cohort.,HLA-DRB1*04,graft survival,positive,,2
60192126,HLA-DRB1*15,graft_survival,Recipients carrying HLA-DRB1*15 showed a higher incidence of graft survival in this cohort.,HLA-DRB1*15,graft survival,positive,,0
60554391,HLA-A*01,eGFR,Recipients carrying HLA-A*01 showed a higher incidence of eGFR decline in this cohort.,HLA-A*01,eGFR decline,positive,,5
60554391,HLA-DRB1*04,sensitization,Recipients carrying HLA-DRB1*04 showed a higher incidence of sensitization in this cohort.,HLA-DRB1*04,sensitization,positive,,3
60697866,HLA-DQB1*02,DSA,Recipients carrying HLA-DQB1*02 showed a higher incidence of de novo DSA in this cohort.,HLA-DQB1*02,de novo DSA,positive,,4
60825385,HLA-DPB1*04:02,CMV,Recipients carrying HLA-DPB1*04:02 showed a higher incidence of CMV infection in this cohort.,HLA-DPB1*04:02,CMV infection,positive,,9
60825385,HLA-DQB1*02:01,skin_cancer,Recipients carrying HLA-DQB1*02:01 showed a higher incidence of cutaneous squamous cell carcinoma in this cohort.,HLA-DQB1*02:01,cutaneous squamous cell carcinoma,positive,,3
60825385,HLA-DRB1*04:02,NODAT,Recipients carrying HLA-DRB1*04:02 showed a higher incidence of NODAT in this cohort.,HLA-DRB1*04:02,NODAT,positive,,7
61023340,HLA-A*01,chronic_rejection,Recipients carrying HLA-A*01 showed a higher incidence of interstitial fibrosis and tubular atrophy in this cohort.,HLA-A*01,interstitial fibrosis and tubular atrophy,positive,,7
61023340,HLA-DPB1*04,complement_activation,Recipients carrying HLA-DPB1*04 showed a higher incidence of C4d deposition in this cohort.,HLA-DPB1*04,C4d deposition,positive,,5
61338023,HLA-B*07:01,acute_rejection,Recipients carrying HLA-B*07:01 showed a higher incidence of acute rejection in this cohort.,HLA-B*07:01,acute rejection,positive,,3
61338023,HLA-DRB1*03,graft_loss,We found no significant association between HLA-DRB1*03 and allograft failure in this cohort.,HLA-DRB1*03,allograft failure,negated,no significant,2
61471888,HLA-A*01,graft_survival,Recipients carrying HLA-A*01 showed a higher incidence of graft survival in this cohort.,HLA-A*01,graft survival,positive,,6
61544630,HLA-DRB1*04,graft_survival,Recipients carrying HLA-DRB1*04 showed a higher incidence of graft survival in this cohort.,HLA-DRB1*04,graft survival,positive,,6
61793831,HLA-DPB1*04,eGFR,Recipients carrying HLA-DPB1*04 showed a higher incidence of eGFR decline in this cohort.,HLA-DPB1*04,eGFR decline,positive,,1
61878269,HLA-DQB1*06,DGF,We found no significant association between HLA-DQB1*06 and delayed graft function in this cohort.,HLA-DQB1*06,delayed graft function,negated,no significant,2
61878269,HLA-DRB1*04,sensitization,Recipients carrying HLA-DRB1*04 showed a higher incidence of sensitization in this cohort.,HLA-DRB1*04,sensitization,positive,,5
62132722,HLA-A*01,eGFR,Recipients carrying HLA-A*01 showed a higher incidence of reduced estimated GFR in this cohort.,HLA-A*01,reduced estimated GFR,positive,,9
62132722,HLA-DPB1*04,DGF,Recipients carrying HLA-DPB1*04 showed a higher incidence of delayed graft function in this cohort.,HLA-DPB1*04,delayed graft function,positive,,3
62394739,HLA-DQB1*02,acute_rejection,Recipients carrying HLA-DQB1*02 showed a higher incidence of biopsy-proven acute rejection in this cohort.,HLA-DQB1*02,biopsy-proven acute rejection,positive,,0
62394739,HLA-DRB1*04,CMV,Recipients carrying HLA-DRB1*04 showed a higher incidence of CMV infection in this cohort.,HLA-DRB1*04,CMV infection,positive,,4
62394739,HLA-DRB1*04,complement_activation,Recipients carrying HLA-DRB1*04 showed a higher incidence of C4d deposition in this cohort.,HLA-DRB1*04,C4d deposition,positive,,2
62579931,HLA-A*02:01,acute_rejection,Recipients carrying HLA-A*02:01 showed a higher incidence of acute rejection in this cohort.,HLA-A*02:01,acute rejection,positive,,4
62579931,HLA-B*08,graft_loss,Recipients carrying HLA-B*08 showed a higher incidence of allograft failure in this cohort.,HLA-B*08,allograft failure,positive,,6
62579931,HLA-DRB1*03:02,mixed_rejection,Recipients carrying HLA-DRB1*03:02 showed a higher incidence of mixed rejection in this cohort.,HLA-DRB1*03:02,mixed rejection,positive,,0
62904575,HLA-A*01,graft_survival,Recipients carrying HLA-A*01 showed a higher incidence of graft survival in this cohort.,HLA-A*01,graft survival,positive,,2
62904575,HLA-A*01:02,DGF,Recipients carrying HLA-A*01:02 showed a higher incidence of delayed graft function in this cohort.,HLA-A*01:02,delayed graft function,positive,,1
62904575,HLA-DRB1*04,chronic_rejection,Recipients carrying HLA-DRB1*04 showed a higher incidence of IFTA in this cohort.,HLA-DRB1*04,IFTA,positive,,3
63015826,HLA-A*01:02,graft_loss,Recipients carrying HLA-A*01:02 showed a higher incidence of allograft failure in this cohort.,HLA-A*01:02,allograft failure,positive,,6
63015826,HLA-A*02:01,DGF,Recipients carrying HLA-A*02:01 showed a higher incidence of DGF in this cohort.,HLA-A*02:01,DGF,positive,,3
63283709,HLA-A*01,CMV,Recipients carrying HLA-A*01 showed a higher incidence of CMV viremia in this cohort.,HLA-A*01,CMV viremia,positive,,6
63283709,HLA-DPB1*04,DGF,We found no significant association between HLA-DPB1*04 and DGF in this cohort.,HLA-DPB1*04,DGF,negated,no significant,7
63283709,HLA-DRB1*04,eGFR,Recipients carrying HLA-DRB1*04 showed a higher incidence of reduced estimated GFR in this cohort.,HLA-DRB1*04,reduced estimated GFR,positive,,2
63283709,HLA-DRB1*15,DGF,Recipients carrying HLA-DRB1*15 showed a higher incidence of DGF in this cohort.,HLA-DRB1*15,DGF,positive,,5
63283709,HLA-DRB1*15:01,skin_cancer,Recipients carrying HLA-DRB1*15:01 showed a higher incidence of skin cancer in this cohort.,HLA-DRB1*15:01,skin cancer,positive,,4
63436961,HLA-DQB1*03,acute_rejection,Recipients carrying HLA-DQB1*03 showed a higher incidence of acute rejection in this cohort.,HLA-DQB1*03,acute rejection,positive,,2
63436961,HLA-DQB1*06,graft_loss,Recipients carrying HLA-DQB1*06 showed a higher incidence of graft loss in this cohort.,HLA-DQB1*06,graft loss,positive,,1
63436961,HLA-eplet,DSA,Recipients carrying HLA-eplet showed a higher incidence of donor-specific antibodies in this cohort.,HLA-eplet,donor-specific antibodies,positive,,3
63813150,HLA-A*01:01,acute_rejection,Recipients carrying HLA-A*01:01 showed a higher incidence of acute rejection in this cohort.,HLA-A*01:01,acute rejection,positive,,2
63813150,HLA-B*08,acute_rejection,Recipients carrying HLA-B*08 showed a higher incidence of biopsy-proven acute rejection in this cohort.,HLA-B*08,biopsy-proven acute rejection,positive,,3
63813150,HLA-DRB1*04,complement_activation,Recipients carrying HLA-DRB1*04 showed a higher incidence of C1q-binding DSA in this cohort.,HLA-DRB1*04,C1q-binding DSA,positive,,1
63813150,HLA-DRB1*15,graft_loss,Recipients carrying HLA-DRB1*15 showed a higher incidence of death-censored graft loss in this cohort.,HLA-DRB1*15,death-censored graft loss,positive,,8
64105718,HLA-A*02:01,acute_rejection,Recipients carrying HLA-A*02:01 showed a higher incidence of acute rejection in this cohort.,HLA-A*02:01,acute rejection,positive,,1
64142310,HLA-A*01:01,acute_rejection,Recipients carrying HLA-A*01:01 showed a higher incidence of biopsy-proven acute rejection in this cohort.,HLA-A*01:01,biopsy-proven acute rejection,positive,,7
64142310,HLA-DQB1*02,acute_rejection,Recipients carrying HLA-DQB1*02 showed a higher incidence of acute rejection in this cohort.,HLA-DQB1*02,acute rejection,positive,,0
64142310,HLA-DQB1*06:02,acute_rejection,Recipients carrying HLA-DQB1*06:02 showed a higher incidence of acute rejection in this cohort.,HLA-DQB1*06:02,acute rejection,positive,,8
64406548,HLA-A*01,CMV,We found no significant association between HLA-A*01 and CMV disease in this cohort.,HLA-A*01,CMV disease,negated,no significant,1
64406548,HLA-DQB1*06,DGF,Recipients carrying HLA-DQB1*06 showed a higher incidence of delayed graft function in this cohort.,HLA-DQB1*06,delayed graft function,positive,,0
64888712,HLA-B*08,acute_rejection,We found no significant association between HLA-B*08 and acute rejection in this cohort.,HLA-B*08,acute rejection,negated,no significant,1
65148727,HLA-A*01:02,graft_loss,Recipients carrying HLA-A*01:02 showed a higher incidence of graft loss in this cohort.,HLA-A*01:02,graft loss,positive,,1
65148727,HLA-DPB1*04,HLA_mismatch_outcome,Recipients carrying HLA-DPB1*04 showed a higher incidence of eplet mismatch load in this cohort.,HLA-DPB1*04,eplet mismatch load,positive,,4
65197277,HLA-A*02,CMV,Recipients carrying HLA-A*02 showed a higher incidence of CMV disease in this cohort.,HLA-A*02,CMV disease,positive,,5
65559839,HLA-B*07,IgA_nephropathy,Recipients carrying HLA-B*07 showed a higher incidence of recurrent IgA nephropathy in this cohort.,HLA-B*07,recurrent IgA nephropathy,positive,,5
65559839,HLA-B*07,acute_rejection,Recipients carrying HLA-B*07 showed a higher incidence of biopsy-proven acute rejection in this cohort.,HLA-B*07,biopsy-proven acute rejection,positive,,7
65559839,HLA-DQB1*06,graft_loss,We found no significant association between HLA-DQB1*06 and graft loss in this cohort.,HLA-DQB1*06,graft loss,negated,no significant,6
65564671,HLA-A*02:01,acute_rejection,Recipients carrying HLA-A*02:01 showed a higher incidence of acute rejection in this cohort.,HLA-A*02:01,acute rejection,positive,,4
65564671,HLA-DRB1*04,acute_rejection,Recipients carrying HLA-DRB1*04 showed a higher incidence of acute rejection in this cohort.,HLA-DRB1*04,acute rejection,positive,,6
65684858,HLA-A*02:02,graft_loss,Recipients carrying HLA-A*02:02 showed a higher incidence of allograft failure in this cohort.,HLA-A*02:02,allograft failure,positive,,2
65684858,HLA-DRB1*15,acute_rejection,Recipients carrying HLA-DRB1*15 showed a higher incidence of biopsy-proven acute rejection in this cohort.,HLA-DRB1*15,biopsy-proven acute rejection,positive,,1
65904597,HLA-A*02:01,DGF,Recipients carrying HLA-A*02:01 showed a higher incidence of DGF in this cohort.,HLA-A*02:01,DGF,positive,,7
65904597,HLA-DQB1*02,acute_rejection,We found no significant association between HLA-DQB1*02 and acute rejection in this cohort.,HLA-DQB1*02,acute rejection,negated,no significant,2
65904597,HLA-DQB1*02:01,graft_loss,Recipients carrying HLA-DQB1*02:01 showed a higher incidence of death-censored graft loss in this cohort.,HLA-DQB1*02:01,death-censored graft loss,positive,,3
66015266,HLA-A*01:01,acute_rejection,Recipients carrying HLA-A*01:01 showed a higher incidence of acute rejection in this cohort.,HLA-A*01:01,acute rejection,positive,,2
66072388,HLA-B*08,chronic_rejection,Recipients carrying HLA-B*08 showed a higher incidence of interstitial fibrosis and tubular atrophy in this cohort.,HLA-B*08,interstitial fibrosis and tubular atrophy,positive,,7
66072388,HLA-DPB1*01,DGF,We found no significant association between HLA-DPB1*01 and delayed graft function in this cohort.,HLA-DPB1*01,delayed graft function,negated,no significant,9
66072388,HLA-DPB1*04,complement_activation,Recipients carrying HLA-DPB1*04 showed a higher incidence of C4d deposition in this cohort.,HLA-DPB1*04,C4d deposition,positive,,2
66072388,HLA-DQB1*06,sensitization,Recipients carrying HLA-DQB1*06 showed a higher incidence of HLA sensitization in this cohort.,HLA-DQB1*06,HLA sensitization,positive,,0
66081482,HLA-A*01:02,graft_loss,Recipients carrying HLA-A*01:02 showed a higher incidence of death-censored graft loss in this cohort.,HLA-A*01:02,death-censored graft loss,positive,,4
66081482,HLA-B*08,acute_rejection,Recipients carrying HLA-B*08 showed a higher incidence of acute rejection in this cohort.,HLA-B*08,acute rejection,positive,,7
66081482,HLA-DQB1*06,DGF,We found no significant association between HLA-DQB1*06 and DGF in this cohort.,HLA-DQB1*06,DGF,negated,no significant,2
66133052,HLA-B*07,DGF,Recipients carrying HLA-B*07 showed a higher incidence of DGF in this cohort.,HLA-B*07,DGF,positive,,9
66763408,HLA-A*01,eGFR,Recipients carrying HLA-A*01 showed a higher incidence of reduced estimated GFR in this cohort.,HLA-A*01,reduced estimated GFR,positive,,6
66791272,HLA-DQB1*02,DGF,Recipients carrying HLA-DQB1*02 showed a higher incidence of DGF in this cohort.,HLA-DQB1*02,DGF,positive,,4
66791272,HLA-DQB1*02,acute_rejection,We found no significant association between HLA-DQB1*02 and acute rejection in this cohort.,HLA-DQB1*02,acute rejection,negated,no significant,6
66975380,HLA-A*01,graft_loss,Recipients carrying HLA-A*01 showed a higher incidence of allograft failure in this cohort.,HLA-A*01,allograft failure,positive,,5
66975380,HLA-A*01,sensitization,Recipients carrying HLA-A*01 showed a higher incidence of HLA sensitization in this cohort.,HLA-A*01,HLA sensitization,positive,,9
66975380,HLA-A*02,CMV,Recipients carrying HLA-A*02 showed a higher incidence of CMV viremia in this cohort.,HLA-A*02,CMV viremia,positive,,6
66975380,HLA-B*07,acute_rejection,Recipients carrying HLA-B*07 showed a higher incidence of acute rejection in this cohort.,HLA-B*07,acute rejection,positive,,2
66975380,HLA-B*07:01,graft_loss,We found no significant association between HLA-B*07:01 and graft loss in this cohort.,HLA-B*07:01,graft loss,negated,no significant,0
67529530,HLA-DPB1*01,NODAT,Recipients carrying HLA-DPB1*01 showed a higher incidence of NODAT in this cohort.,HLA-DPB1*01,NODAT,positive,,7
67723010,HLA-B*08,graft_loss,Recipients carrying HLA-B*08 showed a higher incidence of allograft failure in this cohort.,HLA-B*08,allograft failure,positive,,0
67723010,HLA-DRB1*04,HLA_mismatch_outcome,Recipients carrying HLA-DRB1*04 showed a higher incidence of antigen mismatch in this cohort.,HLA-DRB1*04,antigen mismatch,positive,,5
67796900,HLA-A*02:01,DGF,Recipients carrying HLA-A*02:01 showed a higher incidence of DGF in this cohort.,HLA-A*02:01,DGF,positive,,1
67835429,HLA-A*01,graft_survival,Recipients carrying HLA-A*01 showed a higher incidence of graft survival in this cohort.,HLA-A*01,graft survival,positive,,3
67835429,HLA-B*07,acute_rejection,We found no significant association between HLA-B*07 and acute rejection in this cohort.,HLA-B*07,acute rejection,negated,no significant,1
68720256,HLA-A*02,CMV,Recipients carrying HLA-A*02 showed a higher incidence of CMV viremia in this cohort.,HLA-A*02,CMV viremia,positive,,5
68720256,HLA-A*02,DGF,Recipients carrying HLA-A*02 showed a higher incidence of DGF in this cohort.,HLA-A*02,DGF,positive,,9
68750274,HLA-A*01,HLA_mismatch_outcome,Recipients carrying HLA-A*01 showed a higher incidence of eplet mismatch load in this cohort.,HLA-A*01,eplet mismatch load,positive,,1
68750274,HLA-A*01:01,DGF,We found no significant association between HLA-A*01:01 and DGF in this cohort.,HLA-A*01:01,DGF,negated,no significant,7
68750274,HLA-A*01:02,graft_loss,Recipients carrying HLA-A*01:02 showed a higher incidence of allograft failure in this cohort.,HLA-A*01:02,allograft failure,positive,,0
69670203,HLA-A*02,CMV,Recipients carrying HLA-A*02 showed a higher incidence of CMV viremia in this cohort.,HLA-A*02,CMV viremia,positive,,3
69670203,HLA-DQB1*03,acute_rejection,Recipients carrying HLA-DQB1*03 showed a higher incidence of biopsy-proven acute rejection in this cohort.,HLA-DQB1*03,biopsy-proven acute rejection,positive,,1
69670203,HLA-DQB1*06,acute_rejection,Recipients carrying HLA-DQB1*06 showed a higher incidence of acute rejection in this cohort.,HLA-DQB1*06,acute rejection,positive,,2
69735865,HLA-A*01:01,acute_rejection,Recipients carrying HLA-A*01:01 showed a higher incidence of acute rejection in this cohort.,HLA-A*01:01,acute rejection,positive,,5
69735865,HLA-DPB1*01,DGF,Recipients carrying HLA-DPB1*01 showed a higher incidence of delayed graft function in this cohort.,HLA-DPB1*01,delayed graft function,positive,,9
69735865,HLA-DRB1*04,acute_rejection,Recipients carrying HLA-DRB1*04 showed a higher incidence of biopsy-proven acute rejection in this cohort.,HLA-DRB1*04,biopsy-proven acute rejection,positive,,6
69735865,HLA-mismatch,acute_rejection,Recipients carrying HLA-mismatch showed a higher incidence of acute rejection in this cohort.,HLA-mismatch,acute rejection,positive,,1
69762583,HLA-DPB1*01:01,graft_survival,We found no significant association between HLA-DPB1*01:01 and death-censored graft survival in this cohort.,HLA-DPB1*01:01,death-censored graft survival,negated,no significant,4
69816445,HLA-A*01,chronic_rejection,We found no significant association between HLA-A*01 and chronic rejection in this cohort.,HLA-A*01,chronic rejection,negated,no significant,8
69816445,HLA-A*02:01,graft_loss,Recipients carrying HLA-A*02:01 showed a higher incidence of allograft failure in this cohort.,HLA-A*02:01,allograft failure,positive,,2
69816445,HLA-B*08,graft_loss,Recipients carrying HLA-B*08 showed a higher incidence of graft loss in this cohort.,HLA-B*08,graft loss,positive,,6
69816445,HLA-DRB1*04,graft_survival,Recipients carrying HLA-DRB1*04 showed a higher incidence of graft survival in this cohort.,HLA-DRB1*04,graft survival,positive,,3
69831384,HLA-B*07:01,acute_rejection,Recipients carrying HLA-B*07:01 showed a higher incidence of acute rejection in this cohort.,HLA-B*07:01,acute rejection,positive,,0
69831384,HLA-DPB1*04,chronic_rejection,Recipients carrying HLA-DPB1*04 showed a higher incidence of IFTA in this cohort.,HLA-DPB1*04,IFTA,positive,,7
69831384,HLA-DQB1*02,DSA,Recipients carrying HLA-DQB1*02 showed a higher incidence of donor-specific antibodies in this cohort.,HLA-DQB1*02,donor-specific antibodies,positive,,1
69845276,HLA-DQB1*02:01,DSA,We found no significant association between HLA-DQB1*02:01 and donor-specific antibodies in this cohort.,HLA-DQB1*02:01,donor-specific antibodies,negated,no significant,7
69985944,HLA-DPB1*04,CMV,Recipients carrying HLA-DPB1*04 showed a higher incidence of CMV disease in this cohort.,HLA-DPB1*04,CMV disease,positive,,7
69985944,HLA-DRB1*15,graft_loss,Recipients carrying HLA-DRB1*15 showed a higher incidence of death-censored graft loss in this cohort.,HLA-DRB1*15,death-censored graft loss,positive,,9
70228445,HLA-DRB1*04,CMV,We found no significant association between HLA-DRB1*04 and CMV infection in this cohort.,HLA-DRB1*04,CMV infection,negated,no significant,1
70228445,HLA-eplet,NODAT,Recipients carrying HLA-eplet showed a higher incidence of NODAT in this cohort.,HLA-eplet,NODAT,positive,,6
70286467,HLA-DQB1*02,DSA,Recipients carrying HLA-DQB1*02 showed a higher incidence of DSA in this cohort.,HLA-DQB1*02,DSA,positive,,2
70286467,HLA-DQB1*03,graft_loss,Recipients carrying HLA-DQB1*03 showed a higher incidence of death-censored graft loss in this cohort.,HLA-DQB1*03,death-censored graft loss,positive,,0
70291054,HLA-A*01:02,graft_loss,Recipients carrying HLA-A*01:02 showed a higher incidence of allograft failure in this cohort.,HLA-A*01:02,allograft failure,positive,,6
70291054,HLA-DQB1*02,IgA_nephropathy,We found no significant association between HLA-DQB1*02 and IgA nephropathy in this cohort.,HLA-DQB1*02,IgA nephropathy,negated,no significant,9
70291054,HLA-DRB1*04,HLA_mismatch_outcome,Recipients carrying HLA-DRB1*04 showed a higher incidence of antigen mismatch in this cohort.,HLA-DRB1*04,antigen mismatch,positive,,1
70364921,HLA-DPB1*04,HLA_mismatch_outcome,Recipients carrying HLA-DPB1*04 showed a higher incidence of eplet mismatch load in this cohort.,HLA-DPB1*04,eplet mismatch load,positive,,1
70724380,HLA-B*08,sensitization,Recipients carrying HLA-B*08 showed a higher incidence of sensitization in this cohort.,HLA-B*08,sensitization,positive,,7
70899748,HLA-A*01,CMV,Recipients carrying HLA-A*01 showed a higher incidence of CMV disease in this cohort.,HLA-A*01,CMV disease,positive,,2
70899748,HLA-DRB1*04,graft_survival,Recipients carrying HLA-DRB1*04 showed a higher incidence of graft survival in this cohort.,HLA-DRB1*04,graft survival,positive,,9
71114408,HLA-A*01,graft_survival,Recipients carrying HLA-A*01 showed a higher incidence of graft survival in this cohort.,HLA-A*01,graft survival,positive,,9
71114408,HLA-B*07,acute_rejection,Recipients carrying HLA-B*07 showed a higher incidence of biopsy-proven acute rejection in this cohort.,HLA-B*07,biopsy-proven acute rejection,positive,,7
71114408,HLA-B*08,graft_loss,Recipients carrying HLA-B*08 showed a higher incidence of death-censored graft loss in this cohort.,HLA-B*08,death-censored graft loss,positive,,6
71114408,HLA-B*08,sensitization,Recipients carrying HLA-B*08 showed a higher incidence of broad sensitization in this cohort.,HLA-B*08,broad sensitization,positive,,4
71533194,HLA-DPB1*04,complement_activation,Recipients carrying HLA-DPB1*04 showed a higher incidence of complement activation in this cohort.,HLA-DPB1*04,complement activation,positive,,1
71533194,HLA-DQB1*02:01,HLA_mismatch_outcome,Recipients carrying HLA-DQB1*02:01 showed a higher incidence of eplet mismatch load in this cohort.,HLA-DQB1*02:01,eplet mismatch load,positive,,7
71836850,HLA-A*02:02,DGF,We found no significant association between HLA-A*02:02 and DGF in this cohort.,HLA-A*02:02,DGF,negated,no significant,5
71836850,HLA-B*08,graft_loss,Recipients carrying HLA-B*08 showed a higher incidence of graft loss in this cohort.,HLA-B*08,graft loss,positive,,7
71912488,HLA-DRB1*03,acute_rejection,Recipients carrying HLA-DRB1*03 showed a higher incidence of biopsy-proven acute rejection in this cohort.,HLA-DRB1*03,biopsy-proven acute rejection,positive,,0
72458605,HLA-DQB1*02:01,graft_loss,Recipients carrying HLA-DQB1*02:01 showed a higher incidence of graft loss in this cohort.,HLA-DQB1*02:01,graft loss,positive,,6
72458605,HLA-DQB1*06,DGF,Recipients carrying HLA-DQB1*06 showed a higher incidence of delayed graft function in this cohort.,HLA-DQB1*06,delayed graft function,positive,,5
72639147,HLA-A*01,sensitization,Recipients carrying HLA-A*01 showed a higher incidence of broad sensitization in this cohort.,HLA-A*01,broad sensitization,positive,,0
72639147,HLA-B*08,sensitization,We found no significant association between HLA-B*08 and sensitization in this cohort.,HLA-B*08,sensitization,negated,no significant,3
72639147,HLA-DPB1*04,eGFR,Recipients carrying HLA-DPB1*04 showed a higher incidence of reduced estimated GFR in this cohort.,HLA-DPB1*04,reduced estimated GFR,positive,,6
73280554,HLA-DQB1*02,graft_loss,Recipients carrying HLA-DQB1*02 showed a higher incidence of graft loss in this cohort.,HLA-DQB1*02,graft loss,positive,,9
73404979,HLA-DPB1*04,sensitization,Recipients carrying HLA-DPB1*04 showed a higher incidence of sensitization in this cohort.,HLA-DPB1*04,sensitization,positive,,2
73868130,HLA-A*02:02,acute_rejection,We found no significant association between HLA-A*02:02 and biopsy-proven acute rejection in this cohort.,HLA-A*02:02,biopsy-proven acute rejection,negated,no significant,9
73868130,HLA-B*08,sensitization,Recipients carrying HLA-B*08 showed a higher incidence of sensitization in this cohort.,HLA-B*08,sensitization,positive,,6
73921605,HLA-DPB1*04,eGFR,Recipients carrying HLA-DPB1*04 showed a higher incidence of eGFR decline in this cohort.,HLA-DPB1*04,eGFR decline,positive,,8
73921605,HLA-DQB1*02,acute_rejection,Recipients carrying HLA-DQB1*02 showed a higher incidence of acute rejection in this cohort.,HLA-DQB1*02,acute rejection,positive,,3
74513622,HLA-A*01,graft_survival,Recipients carrying HLA-A*01 showed a higher incidence of death-censored graft survival in this cohort.,HLA-A*01,death-censored graft survival,positive,,0
74582407,HLA-B*07:01,acute_rejection,Recipients carrying HLA-B*07:01 showed a higher incidence of acute rejection in this cohort.,HLA-B*07:01,acute rejection,positive,,7
74582407,HLA-B*08,chronic_rejection,Recipients carrying HLA-B*08 showed a higher incidence of interstitial fibrosis and tubular atrophy in this cohort.,HLA-B*08,interstitial fibrosis and tubular atrophy,positive,,2
75208604,HLA-A*01,graft_survival,Recipients carrying HLA-A*01 showed a higher incidence of death-censored graft survival in this cohort.,HLA-A*01,death-censored graft survival,positive,,5
75208604,HLA-DQB1*02,graft_loss,Recipients carrying HLA-DQB1*02 showed a higher incidence of graft loss in this cohort.,HLA-DQB1*02,graft loss,positive,,3
75208604,HLA-DRB1*04,eGFR,We found no significant association between HLA-DRB1*04 and eGFR decline in this cohort.,HLA-DRB1*04,eGFR decline,negated,no significant,2
75243366,HLA-A*01,complement_activation,Recipients carrying HLA-A*01 showed a higher incidence of C4d deposition in this cohort.,HLA-A*01,C4d deposition,positive,,2
75243366,HLA-A*02:01,DGF,Recipients carrying HLA-A*02:01 showed a higher incidence of delayed graft function in this cohort.,HLA-A*02:01,delayed graft function,positive,,5
75243366,HLA-DRB1*04,complement_activation,Recipients carrying HLA-DRB1*04 showed a higher incidence of C4d deposition in this cohort.,HLA-DRB1*04,C4d deposition,positive,,8
75243366,HLA-DRB1*04,sensitization,Recipients carrying HLA-DRB1*04 showed a higher incidence of sensitization in this cohort.,HLA-DRB1*04,sensitization,positive,,7
75826121,HLA-DPB1*04,complement_activation,Recipients carrying HLA-DPB1*04 showed a higher incidence of C1q-binding DSA in this cohort.,HLA-DPB1*04,C1q-binding DSA,positive,,6
75826121,HLA-DQB1*02,acute_rejection,Recipients carrying HLA-DQB1*02 showed a higher incidence of acute rejection in this cohort.,HLA-DQB1*02,acute rejection,positive,,4
75826121,HLA-DQB1*03,graft_loss,Recipients carrying HLA-DQB1*03 showed a higher incidence of graft loss in this cohort.,HLA-DQB1*03,graft loss,positive,,7
75826121,HLA-mismatch,acute_rejection,Recipients carrying HLA-mismatch showed a higher incidence of biopsy-proven acute rejection in this cohort.,HLA-mismatch,biopsy-proven acute rejection,positive,,9
75960711,HLA-A*01,IgA_nephropathy,Recipients carrying HLA-A*01 showed a higher incidence of recurrent IgA nephropathy in this cohort.,HLA-A*01,recurrent IgA nephropathy,positive,,6
76080806,HLA-DPB1*04,chronic_rejection,Recipients carrying HLA-DPB1*04 showed a higher incidence of IFTA in this cohort.,HLA-DPB1*04,IFTA,positive,,1
76080806,HLA-DRB1*04,sensitization,Recipients carrying HLA-DRB1*04 showed a higher incidence of sensitization in this cohort.,HLA-DRB1*04,sensitization,positive,,3
76080806,HLA-mismatch,acute_rejection,Recipients carrying HLA-mismatch showed a higher incidence of acute rejection in this cohort.,HLA-mismatch,acute rejection,positive,,5
76719940,HLA-B*08,acute_rejection,Recipients carrying HLA-B*08 showed a higher incidence of biopsy-proven acute rejection in this cohort.,HLA-B*08,biopsy-proven acute rejection,positive,,4
76719940,HLA-DRB1*04,HLA_mismatch_outcome,Recipients carrying HLA-DRB1*04 showed a higher incidence of HLA mismatch in this cohort.,HLA-DRB1*04,HLA mismatch,positive,,5
76936024,HLA-A*01,HLA_mismatch_outcome,Recipients carrying HLA-A*01 showed a higher incidence of eplet mismatch load in this cohort.,HLA-A*01,eplet mismatch load,positive,,1
76936024,HLA-DRB1*04,HLA_mismatch_outcome,We found no significant association between HLA-DRB1*04 and eplet mismatch load in this cohort.,HLA-DRB1*04,eplet mismatch load,negated,no significant,0
76964850,HLA-A*01:02,DGF,Recipients carrying HLA-A*01:02 showed a higher incidence of DGF in this cohort.,HLA-A*01:02,DGF,positive,,6
76964850,HLA-eplet,DSA,Recipients carrying HLA-eplet showed a higher incidence of de novo DSA in this cohort.,HLA-eplet,de novo DSA,positive,,0
77119320,HLA-B*07:01,DGF,Recipients carrying HLA-B*07:01 showed a higher incidence of DGF in this cohort.,HLA-B*07:01,DGF,positive,,9
77249653,HLA-A*01,graft_survival,We found no significant association between HLA-A*01 and graft survival in this cohort.,HLA-A*01,graft survival,negated,no significant,3
77249653,HLA-DPB1*04,graft_survival,We found no significant association between HLA-DPB1*04 and graft survival in this cohort.,HLA-DPB1*04,graft survival,negated,no significant,6
77249653,HLA-DQB1*02:01,DSA,Recipients carrying HLA-DQB1*02:01 showed a higher incidence of donor-specific antibodies in this cohort.,HLA-DQB1*02:01,donor-specific antibodies,positive,,4
77276832,HLA-DRB1*04,graft_survival,Recipients carrying HLA-DRB1*04 showed a higher incidence of death-censored graft survival in this cohort.,HLA-DRB1*04,death-censored graft survival,positive,,3
77276832,HLA-DRB1*04,sensitization,Recipients carrying HLA-DRB1*04 showed a higher incidence of HLA sensitization in this cohort.,HLA-DRB1*04,HLA sensitization,positive,,4
77303492,HLA-DPB1*04,graft_survival,Recipients carrying HLA-DPB1*04 showed a higher incidence of death-censored graft survival in this cohort.,HLA-DPB1*04,death-censored graft survival,positive,,1
77303492,HLA-DRB1*04,HLA_mismatch_outcome,Recipients carrying HLA-DRB1*04 showed a higher incidence of antigen mismatch in this cohort.,HLA-DRB1*04,antigen mismatch,positive,,2
77326285,HLA-B*07:01,acute_rejection,Recipients carrying HLA-B*07:01 showed a higher incidence of biopsy-proven acute rejection in this cohort.,HLA-B*07:01,biopsy-proven acute rejection,positive,,2
77326285,HLA-DRB1*15,IgA_nephropathy,We found no significant association between HLA-DRB1*15 and IgA nephropathy in this cohort.,HLA-DRB1*15,IgA nephropathy,negated,no significant,7
77340900,HLA-A*01,NODAT,Recipients carrying HLA-A*01 showed a higher incidence of new-onset diabetes after transplantation in this cohort.,HLA-A*01,new-onset diabetes after transplantation,positive,,1
77340900,HLA-A*01,chronic_rejection,We found no significant association between HLA-A*01 and IFTA in this cohort.,HLA-A*01,IFTA,negated,no significant,9
78969993,HLA-A*01:02,acute_rejection,Recipients carrying HLA-A*01:02 showed a higher incidence of acute rejection in this cohort.,HLA-A*01:02,acute rejection,positive,,1
78969993,HLA-B*07:01,DGF,Recipients carrying HLA-B*07:01 showed a higher incidence of DGF in this cohort.,HLA-B*07:01,DGF,positive,,3
78969993,HLA-DQB1*02,acute_rejection,Recipients carrying HLA-DQB1*02 showed a higher incidence of acute rejection in this cohort.,HLA-DQB1*02,acute rejection,positive,,7
79172559,HLA-A*01,CMV,We found no significant association between HLA-A*01 and CMV disease in this cohort.,HLA-A*01,CMV disease,negated,no significant,7
79172559,HLA-A*01,graft_loss,Recipients carrying HLA-A*01 showed a higher incidence of graft loss in this cohort.,HLA-A*01,graft loss,positive,,5
79244185,HLA-A*01:02,acute_rejection,Recipients carrying HLA-A*01:02 showed a higher incidence of acute rejection in this cohort.,HLA-A*01:02,acute rejection,positive,,1
79490249,HLA-DPB1*04,graft_survival,Recipients carrying HLA-DPB1*04 showed a higher incidence of graft survival in this cohort.,HLA-DPB1*04,graft survival,positive,,6
79490249,HLA-DPB1*04,sensitization,Recipients carrying HLA-DPB1*04 showed a higher incidence of broad sensitization in this cohort.,HLA-DPB1*04,broad sensitization,positive,,8
79490249,HLA-DQB1*02,DSA,Recipients carrying HLA-DQB1*02 showed a higher incidence of de novo DSA in this cohort.,HLA-DQB1*02,de novo DSA,positive,,5
79490249,HLA-DQB1*06,graft_loss,Recipients carrying HLA-DQB1*06 showed a higher incidence of death-censored graft loss in this cohort.,HLA-DQB1*06,death-censored graft loss,positive,,9
79761254,HLA-B*07,graft_loss,Recipients carrying HLA-B*07 showed a higher incidence of death-censored graft loss in this cohort.,HLA-B*07,death-censored graft loss,positive,,8
79761254,HLA-B*08,DGF,Recipients carrying HLA-B*08 showed a higher incidence of delayed graft function in this cohort.,HLA-B*08,delayed graft function,positive,,9
79800523,HLA-DPB1*04,complement_activation,Recipients carrying HLA-DPB1*04 showed a higher incidence of C4d deposition in this cohort.,HLA-DPB1*04,C4d deposition,positive,,1
80250319,HLA-A*01,complement_activation,Recipients carrying HLA-A*01 showed a higher incidence of C4d deposition in this cohort.,HLA-A*01,C4d deposition,positive,,7
80250319,HLA-DPB1*01,DGF,Recipients carrying HLA-DPB1*01 showed a higher incidence of DGF in this cohort.,HLA-DPB1*01,DGF,positive,,2
80250319,HLA-DPB1*04,complement_activation,Recipients carrying HLA-DPB1*04 showed a higher incidence of C1q-binding DSA in this cohort.,HLA-DPB1*04,C1q-binding DSA,positive,,1
80265183,HLA-DRB1*04,chronic_rejection,Recipients carrying HLA-DRB1*04 showed a higher incidence of IFTA in this cohort.,HLA-DRB1*04,IFTA,positive,,9
80298247,HLA-A*01:02,acute_rejection,Recipients carrying HLA-A*01:02 showed a higher incidence of acute rejection in this cohort.,HLA-A*01:02,acute rejection,positive,,3
80298247,HLA-A*02:02,graft_loss,Recipients carrying HLA-A*02:02 showed a higher incidence of allograft failure in this cohort.,HLA-A*02:02,allograft failure,positive,,8
80298247,HLA-eplet,DSA,Recipients carrying HLA-eplet showed a higher incidence of DSA in this cohort.,HLA-eplet,DSA,positive,,9
80658723,HLA-A*01:01,acute_rejection,Recipients carrying HLA-A*01:01 showed a higher incidence of biopsy-proven acute rejection in this cohort.,HLA-A*01:01,biopsy-proven acute rejection,positive,,8
80658723,HLA-A*02,acute_rejection,Recipients carrying HLA-A*02 showed a higher incidence of acute rejection in this cohort.,HLA-A*02,acute rejection,positive,,7
80658723,HLA-DQB1*06,graft_loss,Recipients carrying HLA-DQB1*06 showed a higher incidence of graft loss in this cohort.,HLA-DQB1*06,graft loss,positive,,3
80658723,HLA-DRB1*04,acute_rejection,Recipients carrying HLA-DRB1*04 showed a higher incidence of acute rejection in this cohort.,HLA-DRB1*04,acute rejection,positive,,2
80658723,HLA-DRB1*15,DGF,Recipients carrying HLA-DRB1*15 showed a higher incidence of delayed graft function in this cohort.,HLA-DRB1*15,delayed graft function,positive,,6
81184297,HLA-DPB1*04,HLA_mismatch_outcome,Recipients carrying HLA-DPB1*04 showed a higher incidence of antigen mismatch in this cohort.,HLA-DPB1*04,antigen mismatch,positive,,2
81184297,HLA-DPB1*04,complement_activation,Recipients carrying HLA-DPB1*04 showed a higher incidence of C4d deposition in this cohort.,HLA-DPB1*04,C4d deposition,positive,,8
81184297,HLA-DRB1*04,chronic_rejection,Recipients carrying HLA-DRB1*04 showed a higher incidence of chronic rejection in this cohort.,HLA-DRB1*04,chronic rejection,positive,,4
81184297,HLA-DRB1*15,DGF,Recipients carrying HLA-DRB1*15 showed a higher incidence of DGF in this cohort.,HLA-DRB1*15,DGF,positive,,9
81216573,HLA-DQB1*02:01,DSA,Recipients carrying HLA-DQB1*02:01 showed a higher incidence of donor-specific antibodies in this cohort.,HLA-DQB1*02:01,donor-specific antibodies,positive,,5
81216573,HLA-DRB1*15,graft_loss,Recipients carrying HLA-DRB1*15 showed a higher incidence of allograft failure in this cohort.,HLA-DRB1*15,allograft failure,positive,,9
81441519,HLA-eplet,DSA,Recipients carrying HLA-eplet showed a higher incidence of donor-specific antibodies in this cohort.,HLA-eplet,donor-specific antibodies,positive,,6
81810948,HLA-DPB1*04:02,CMV,Recipients carrying HLA-DPB1*04:02 showed a higher incidence of CMV infection in this cohort.,HLA-DPB1*04:02,CMV infection,positive,,0
81810948,HLA-DRB1*04,sensitization,Recipients carrying HLA-DRB1*04 showed a higher incidence of broad sensitization in this cohort.,HLA-DRB1*04,broad sensitization,positive,,4
81927860,HLA-A*02,DGF,Recipients carrying HLA-A*02 showed a higher incidence of delayed graft function in this cohort.,HLA-A*02,delayed graft function,positive,,1
81927860,HLA-B*08,acute_rejection,We found no significant association between HLA-B*08 and acute rejection in this cohort.,HLA-B*08,acute rejection,negated,no significant,4
81927860,HLA-DQB1*03,DGF,We found no significant association between HLA-DQB1*03 and delayed graft function in this cohort.,HLA-DQB1*03,delayed graft function,negated,no significant,5
81927860,HLA-DQB1*03:02,graft_loss,Recipients carrying HLA-DQB1*03:02 showed a higher incidence of death-censored graft loss in this cohort.,HLA-DQB1*03:02,death-censored graft loss,positive,,8
82091897,HLA-DPB1*04,CMV,Recipients carrying HLA-DPB1*04 showed a higher incidence of CMV disease in this cohort.,HLA-DPB1*04,CMV disease,positive,,5
82091897,HLA-DQB1*03,graft_loss,Recipients carrying HLA-DQB1*03 showed a higher incidence of allograft failure in this cohort.,HLA-DQB1*03,allograft failure,positive,,4
82091897,HLA-DRB1*04,chronic_rejection,Recipients carrying HLA-DRB1*04 showed a higher incidence of chronic rejection in this cohort.,HLA-DRB1*04,chronic rejection,positive,,8
82091897,HLA-DRB1*15,DGF,Recipients carrying HLA-DRB1*15 showed a higher incidence of delayed graft function in this cohort.,HLA-DRB1*15,delayed graft function,positive,,7
82176148,HLA-DQB1*06:02,complement_activation,Recipients carrying HLA-DQB1*06:02 showed a higher incidence of C1q-binding DSA in this cohort.,HLA-DQB1*06:02,C1q-binding DSA,positive,,7
82176148,HLA-DRB1*15,acute_rejection,Recipients carrying HLA-DRB1*15 showed a higher incidence of biopsy-proven acute rejection in this cohort.,HLA-DRB1*15,biopsy-proven acute rejection,positive,,6
82209870,HLA-A*02:02,DGF,Recipients carrying HLA-A*02:02 showed a higher incidence of DGF in this cohort.,HLA-A*02:02,DGF,positive,,5
82209870,HLA-DPB1*04,chronic_rejection,Recipients carrying HLA-DPB1*04 showed a higher incidence of interstitial fibrosis and tubular atrophy in this cohort.,HLA-DPB1*04,interstitial fibrosis and tubular atrophy,positive,,4
82337519,HLA-DPB1*04,complement_activation,Recipients carrying HLA-DPB1*04 showed a higher incidence of C4d deposition in this cohort.,HLA-DPB1*04,C4d deposition,positive,,6
82337519,HLA-DPB1*04,sensitization,Recipients carrying HLA-DPB1*04 showed a higher incidence of HLA sensitization in this cohort.,HLA-DPB1*04,HLA sensitization,positive,,9
82808690,HLA-A*01:02,graft_loss,Recipients carrying HLA-A*01:02 showed a higher incidence of graft loss in this cohort.,HLA-A*01:02,graft loss,positive,,1
83286377,HLA-A*02:01,graft_loss,Recipients carrying HLA-A*02:01 showed a higher incidence of allograft failure in this cohort.,HLA-A*02:01,allograft failure,positive,,3
83286377,HLA-DRB1*03,ABMR,Recipients carrying HLA-DRB1*03 showed a higher incidence of acute ABMR in this cohort.,HLA-DRB1*03,acute ABMR,positive,,4
83435357,HLA-A*01:02,acute_rejection,Recipients carrying HLA-A*01:02 showed a higher incidence of biopsy-proven acute rejection in this cohort.,HLA-A*01:02,biopsy-proven acute rejection,positive,,0
83435357,HLA-DPB1*04,CMV,Recipients carrying HLA-DPB1*04 showed a higher incidence of CMV disease in this cohort.,HLA-DPB1*04,CMV disease,positive,,1
83860588,HLA-B*08,sensitization,Recipients carrying HLA-B*08 showed a higher incidence of sensitization in this cohort.,HLA-B*08,sensitization,positive,,7
84311410,HLA-A*01,chronic_rejection,Recipients carrying HLA-A*01 showed a higher incidence of chronic rejection in this cohort.,HLA-A*01,chronic rejection,positive,,9
84311410,HLA-A*01:02,DGF,Recipients carrying HLA-A*01:02 showed a higher incidence of DGF in this cohort.,HLA-A*01:02,DGF,positive,,7
84311410,HLA-A*01:02,acute_rejection,Recipients carrying HLA-A*01:02 showed a higher incidence of biopsy-proven acute rejection in this cohort.,HLA-A*01:02,biopsy-proven acute rejection,positive,,5
84311410,HLA-B*08,DGF,Recipients carrying HLA-B*08 showed a higher incidence of DGF in this cohort.,HLA-B*08,DGF,positive,,0
84377548,HLA-A*01:02,DGF,Recipients carrying HLA-A*01:02 showed a higher incidence of delayed graft function in this cohort.,HLA-A*01:02,delayed graft function,positive,,1
84377548,HLA-DPB1*01,DGF,Recipients carrying HLA-DPB1*01 showed a higher incidence of DGF in this cohort.,HLA-DPB1*01,DGF,positive,,3
84377548,HLA-DPB1*04,complement_activation,Recipients carrying HLA-DPB1*04 showed a higher incidence of complement activation in this cohort.,HLA-DPB1*04,complement activation,positive,,6
84377548,HLA-DQB1*06,acute_rejection,Recipients carrying HLA-DQB1*06 showed a higher incidence of biopsy-proven acute rejection in this cohort.,HLA-DQB1*06,biopsy-proven acute rejection,positive,,0
84502610,HLA-DRB1*15,graft_loss,Recipients carrying HLA-DRB1*15 showed a higher incidence of death-censored graft loss in this cohort.,HLA-DRB1*15,death-censored graft loss,positive,,6
84536479,HLA-DRB1*04,CMV,Recipients carrying HLA-DRB1*04 showed a higher incidence of CMV viremia in this cohort.,HLA-DRB1*04,CMV viremia,positive,,4
84721440,HLA-DPB1*01,acute_rejection,Recipients carrying HLA-DPB1*01 showed a higher incidence of biopsy-proven acute rejection in this cohort.,HLA-DPB1*01,biopsy-proven acute rejection,positive,,7
84721440,HLA-DPB1*04,complement_activation,Recipients carrying HLA-DPB1*04 showed a higher incidence of complement activation in this cohort.,HLA-DPB1*04,complement activation,positive,,6
85102924,HLA-DPB1*04,complement_activation,Recipients carrying HLA-DPB1*04 showed a higher incidence of C1q-binding DSA in this cohort.,HLA-DPB1*04,C1q-binding DSA,positive,,5
85280948,HLA-A*01:02,graft_loss,Recipients carrying HLA-A*01:02 showed a higher incidence of death-censored graft loss in this cohort.,HLA-A*01:02,death-censored graft loss,positive,,8
85280948,HLA-B*07,complement_activation,Recipients carrying HLA-B*07 showed a higher incidence of C4d deposition in this cohort.,HLA-B*07,C4d deposition,positive,,4
85280948,HLA-DPB1*04,DGF,Recipients carrying HLA-DPB1*04 showed a higher incidence of DGF in this cohort.,HLA-DPB1*04,DGF,positive,,5
85295643,HLA-A*01,HLA_mismatch_outcome,Recipients carrying HLA-A*01 showed a higher incidence of HLA mismatch in this cohort.,HLA-A*01,HLA mismatch,positive,,7
85295643,HLA-A*02:01,acute_rejection,Recipients carrying HLA-A*02:01 showed a higher incidence of acute rejection in this cohort.,HLA-A*02:01,acute rejection,positive,,1
85295643,HLA-DPB1*04,complement_activation,Recipients carrying HLA-DPB1*04 showed a higher incidence of C1q-binding DSA in this cohort.,HLA-DPB1*04,C1q-binding DSA,positive,,2
85295643,HLA-DPB1*04,graft_survival,We found no significant association between HLA-DPB1*04 and graft survival in this cohort.,HLA-DPB1*04,graft survival,negated,no significant,5
85387867,HLA-DRB1*04,eGFR,Recipients carrying HLA-DRB1*04 showed a higher incidence of impaired eGFR in this cohort.,HLA-DRB1*04,impaired eGFR,positive,,9
85387867,HLA-DRB1*15,acute_rejection,Recipients carrying HLA-DRB1*15 showed a higher incidence of acute rejection in this cohort.,HLA-DRB1*15,acute rejection,positive,,8
85493830,HLA-A*01:01,DGF,Recipients carrying HLA-A*01:01 showed a higher incidence of delayed graft function in this cohort.,HLA-A*01:01,delayed graft function,positive,,3
85726861,HLA-DQB1*02:01,acute_rejection,We found no significant association between HLA-DQB1*02:01 and acute rejection in this cohort.,HLA-DQB1*02:01,acute rejection,negated,no significant,8
85887023,HLA-DPB1*04,graft_survival,Recipients carrying HLA-DPB1*04 showed a higher incidence of death-censored graft survival in this cohort.,HLA-DPB1*04,death-censored graft survival,positive,,8
85887023,HLA-DQB1*06:01,IgA_nephropathy,Recipients carrying HLA-DQB1*06:01 showed a higher incidence of recurrent IgA nephropathy in this cohort.,HLA-DQB1*06:01,recurrent IgA nephropathy,positive,,6
86276344,HLA-B*08,acute_rejection,Recipients carrying HLA-B*08 showed a higher incidence of acute rejection in this cohort.,HLA-B*08,acute rejection,positive,,4
86350455,HLA-DPB1*04,HLA_mismatch_outcome,Recipients carrying HLA-DPB1*04 showed a higher incidence of eplet mismatch load in this cohort.,HLA-DPB1*04,eplet mismatch load,positive,,6
86350455,HLA-DQB1*02,DGF,Recipients carrying HLA-DQB1*02 showed a higher incidence of DGF in this cohort.,HLA-DQB1*02,DGF,positive,,5
86507818,HLA-DPB1*04,sensitization,Recipients carrying HLA-DPB1*04 showed a higher incidence of HLA sensitization in this cohort.,HLA-DPB1*04,HLA sensitization,positive,,5
86507818,HLA-DRB1*03,ABMR,Recipients carrying HLA-DRB1*03 showed a higher incidence of antibody-mediated rejection in this cohort.,HLA-DRB1*03,antibody-mediated rejection,positive,,6
86710258,HLA-A*01,complement_activation,Recipients carrying HLA-A*01 showed a higher incidence of complement activation in this cohort.,HLA-A*01,complement activation,positive,,4
86710258,HLA-A*02:01,acute_rejection,Recipients carrying HLA-A*02:01 showed a higher incidence of biopsy-proven acute rejection in this cohort.,HLA-A*02:01,biopsy-proven acute rejection,positive,,7
86748329,HLA-A*01,eGFR,Recipients carrying HLA-A*01 showed a higher incidence of reduced estimated GFR in this cohort.,HLA-A*01,reduced estimated GFR,positive,,1
86748329,HLA-A*01:02,graft_loss,We found no significant association between HLA-A*01:02 and graft loss in this cohort.,HLA-A*01:02,graft loss,negated,no significant,9
86748329,HLA-A*02:02,DGF,Recipients carrying HLA-A*02:02 showed a higher incidence of delayed graft function in this cohort.,HLA-A*02:02,delayed graft function,positive,,7
86748329,HLA-DPB1*01,DGF,Recipients carrying HLA-DPB1*01 showed a higher incidence of DGF in this cohort.,HLA-DPB1*01,DGF,positive,,0
86866717,HLA-DPB1*04,eGFR,Recipients carrying HLA-DPB1*04 showed a higher incidence of eGFR decline in this cohort.,HLA-DPB1*04,eGFR decline,positive,,6
86868410,HLA-B*08,graft_survival,Recipients carrying HLA-B*08 showed a higher incidence of death-censored graft survival in this cohort.,HLA-B*08,death-censored graft survival,positive,,2
86884584,HLA-DQB1*02,acute_rejection,Recipients carrying HLA-DQB1*02 showed a higher incidence of acute rejection in this cohort.,HLA-DQB1*02,acute rejection,positive,,0
87002404,HLA-A*02,acute_rejection,Recipients carrying HLA-A*02 showed a higher incidence of acute rejection in this cohort.,HLA-A*02,acute rejection,positive,,0
87002404,HLA-DQB1*06:02,complement_activation,Recipients carrying HLA-DQB1*06:02 showed a higher incidence of C1q-binding DSA in this cohort.,HLA-DQB1*06:02,C1q-binding DSA,positive,,7
87161840,HLA-DPB1*01:02,ABMR,Recipients carrying HLA-DPB1*01:02 showed a higher incidence of acute ABMR in this cohort.,HLA-DPB1*01:02,acute ABMR,positive,,3
87161840,HLA-DPB1*04,DGF,Recipients carrying HLA-DPB1*04 showed a higher incidence of delayed graft function in this cohort.,HLA-DPB1*04,delayed graft function,positive,,5
87161840,HLA-DQB1*03,acute_rejection,Recipients carrying HLA-DQB1*03 showed a higher incidence of biopsy-proven acute rejection in this cohort.,HLA-DQB1*03,biopsy-proven acute rejection,positive,,4
87422596,HLA-DQB1*02:01,DSA,Recipients carrying HLA-DQB1*02:01 showed a higher incidence of donor-specific antibodies in this cohort.,HLA-DQB1*02:01,donor-specific antibodies,positive,,4
87464756,HLA-A*01:01,sensitization,Recipients carrying HLA-A*01:01 showed a higher incidence of sensitization in this cohort.,HLA-A*01:01,sensitization,positive,,6
87490324,HLA-B*07:01,DGF,Recipients carrying HLA-B*07:01 showed a higher incidence of DGF in this cohort.,HLA-B*07:01,DGF,positive,,4
87556758,HLA-B*07,graft_loss,Recipients carrying HLA-B*07 showed a higher incidence of allograft failure in this cohort.,HLA-B*07,allograft failure,positive,,3
87632976,HLA-A*01:02,acute_rejection,Recipients carrying HLA-A*01:02 showed a higher incidence of acute rejection in this cohort.,HLA-A*01:02,acute rejection,positive,,0
87632976,HLA-DPB1*01,DGF,Recipients carrying HLA-DPB1*01 showed a higher incidence of DGF in this cohort.,HLA-DPB1*01,DGF,positive,,6
87926229,HLA-A*02:01,acute_rejection,Recipients carrying HLA-A*02:01 showed a higher incidence of biopsy-proven acute rejection in this cohort.,HLA-A*02:01,biopsy-proven acute rejection,positive,,6
87926229,HLA-DQB1*03,acute_rejection,Recipients carrying HLA-DQB1*03 showed a higher incidence of acute rejection in this cohort.,HLA-DQB1*03,acute rejection,positive,,5
88449352,HLA-A*01,HLA_mismatch_outcome,Recipients carrying HLA-A*01 showed a higher incidence of HLA mismatch in this cohort.,HLA-A*01,HLA mismatch,positive,,6
88786294,HLA-B*07,acute_rejection,Recipients carrying HLA-B*07 showed a higher incidence of biopsy-proven acute rejection in this cohort.,HLA-B*07,biopsy-proven acute rejection,positive,,6
88786294,HLA-DPB1*04,CMV,Recipients carrying HLA-DPB1*04 showed a higher incidence of CMV disease in this cohort.,HLA-DPB1*04,CMV disease,positive,,7
88786294,HLA-DRB1*03:02,recurrent_GN,Recipients carrying HLA-DRB1*03:02 showed a higher incidence of GN recurrence in this cohort.,HLA-DRB1*03:02,GN recurrence,positive,,5
88894973,HLA-DQB1*06,acute_rejection,Recipients carrying HLA-DQB1*06 showed a higher incidence of biopsy-proven acute rejection in this cohort.,HLA-DQB1*06,biopsy-proven acute rejection,positive,,6
89034501,HLA-A*01:01,acute_rejection,Recipients carrying HLA-A*01:01 showed a higher incidence of acute rejection in this cohort.,HLA-A*01:01,acute rejection,positive,,8
89727494,HLA-A*01:01,acute_rejection,Recipients carrying HLA-A*01:01 showed a higher incidence of biopsy-proven acute rejection in this cohort.,HLA-A*01:01,biopsy-proven acute rejection,positive,,3
89727494,HLA-DRB1*04,eGFR,Recipients carrying HLA-DRB1*04 showed a higher incidence of reduced estimated GFR in this cohort.,HLA-DRB1*04,reduced estimated GFR,positive,,8
90111922,HLA-B*07,acute_rejection,Recipients carrying HLA-B*07 showed a higher incidence of biopsy-proven acute rejection in this cohort.,HLA-B*07,biopsy-proven acute rejection,positive,,4
90111922,HLA-DPB1*04,sensitization,We found no significant association between HLA-DPB1*04 and HLA sensitization in this cohort.,HLA-DPB1*04,HLA sensitization,negated,no significant,0
90111922,HLA-DRB1*03:02,HLA_mismatch_outcome,Recipients carrying HLA-DRB1*03:02 showed a higher incidence of antigen mismatch in this cohort.,HLA-DRB1*03:02,antigen mismatch,positive,,8
90233330,HLA-A*01,chronic_rejection,Recipients carrying HLA-A*01 showed a higher incidence of chronic rejection in this cohort.,HLA-A*01,chronic rejection,positive,,6
90246882,HLA-A*01,graft_survival,Recipients carrying HLA-A*01 showed a higher incidence of death-censored graft survival in this cohort.,HLA-A*01,death-censored graft survival,positive,,1
90481940,HLA-A*01,sensitization,We found no significant association between HLA-A*01 and sensitization in this cohort.,HLA-A*01,sensitization,negated,no significant,1
90481940,HLA-B*07:01,graft_loss,Recipients carrying HLA-B*07:01 showed a higher incidence of death-censored graft loss in this cohort.,HLA-B*07:01,death-censored graft loss,positive,,8
90481940,HLA-DQB1*06,acute_rejection,We found no significant association between HLA-DQB1*06 and acute rejection in this cohort.,HLA-DQB1*06,acute rejection,negated,no significant,3
90481940,HLA-DQB1*06:02,mixed_rejection,Recipients carrying HLA-DQB1*06:02 showed a higher incidence of mixed rejection in this cohort.,HLA-DQB1*06:02,mixed rejection,positive,,2
90576371,HLA-DPB1*01,DGF,Recipients carrying HLA-DPB1*01 showed a higher incidence of DGF in this cohort.,HLA-DPB1*01,DGF,positive,,5
90576371,HLA-DPB1*01,acute_rejection,Recipients carrying HLA-DPB1*01 showed a higher incidence of biopsy-proven acute rejection in this cohort.,HLA-DPB1*01,biopsy-proven acute rejection,positive,,4
90576371,HLA-DQB1*02,mixed_rejection,Recipients carrying HLA-DQB1*02 showed a higher incidence of mixed rejection in this cohort.,HLA-DQB1*02,mixed rejection,positive,,7
90771151,HLA-B*07:01,graft_loss,Recipients carrying HLA-B*07:01 showed a higher incidence of graft loss in this cohort.,HLA-B*07:01,graft loss,positive,,3
91465696,HLA-A*02:02,graft_loss,Recipients carrying HLA-A*02:02 showed a higher incidence of graft loss in this cohort.,HLA-A*02:02,graft loss,positive,,1
91465696,HLA-B*08,DGF,We found no significant association between HLA-B*08 and DGF in this cohort.,HLA-B*08,DGF,negated,no significant,9
91465696,HLA-DRB1*04,sensitization,Recipients carrying HLA-DRB1*04 showed a higher incidence of HLA sensitization in this cohort.,HLA-DRB1*04,HLA sensitization,positive,,5
91465696,HLA-DRB1*15,acute_rejection,Recipients carrying HLA-DRB1*15 showed a higher incidence of acute rejection in this cohort.,HLA-DRB1*15,acute rejection,positive,,6
91659860,HLA-DRB1*03,acute_rejection,We found no significant association between HLA-DRB1*03 and biopsy-proven acute rejection in this cohort.,HLA-DRB1*03,biopsy-proven acute rejection,negated,no significant,5
91737913,HLA-A*02:02,graft_loss,Recipients carrying HLA-A*02:02 showed a higher incidence of death-censored graft loss in this cohort.,HLA-A*02:02,death-censored graft loss,positive,,3
92074794,HLA-DPB1*04,eGFR,Recipients carrying HLA-DPB1*04 showed a higher incidence of impaired eGFR in this cohort.,HLA-DPB1*04,impaired eGFR,positive,,6
92074794,HLA-DRB1*04,graft_survival,Recipients carrying HLA-DRB1*04 showed a higher incidence of death-censored graft survival in this cohort.,HLA-DRB1*04,death-censored graft survival,positive,,7
92128314,HLA-A*01,eGFR,Recipients carrying HLA-A*01 showed a higher incidence of eGFR decline in this cohort.,HLA-A*01,eGFR decline,positive,,6
92128314,HLA-DQB1*02,acute_rejection,We found no significant association between HLA-DQB1*02 and acute rejection in this cohort.,HLA-DQB1*02,acute rejection,negated,no significant,3
92128314,HLA-DRB1*03,acute_rejection,Recipients carrying HLA-DRB1*03 showed a higher incidence of acute rejection in this cohort.,HLA-DRB1*03,acute rejection,positive,,1
92293489,HLA-A*01,graft_survival,We found no significant association between HLA-A*01 and death-censored graft survival in this cohort.,HLA-A*01,death-censored graft survival,negated,no significant,5
92293489,HLA-DPB1*04,CMV,Recipients carrying HLA-DPB1*04 showed a higher incidence of CMV infection in this cohort.,HLA-DPB1*04,CMV infection,positive,,2
92293489,HLA-DPB1*04,eGFR,Recipients carrying HLA-DPB1*04 showed a higher incidence of eGFR decline in this cohort.,HLA-DPB1*04,eGFR decline,positive,,8
92293489,HLA-DQB1*02:01,graft_loss,We found no significant association between HLA-DQB1*02:01 and death-censored graft loss in this cohort.,HLA-DQB1*02:01,death-censored graft loss,negated,no significant,1
92405066,HLA-DQB1*02,acute_rejection,Recipients carrying HLA-DQB1*02 showed a higher incidence of acute rejection in this cohort.,HLA-DQB1*02,acute rejection,positive,,0
92405066,HLA-DRB1*04,CMV,Recipients carrying HLA-DRB1*04 showed a higher incidence of CMV infection in this cohort.,HLA-DRB1*04,CMV infection,positive,,6
92405066,HLA-DRB1*15,acute_rejection,Recipients carrying HLA-DRB1*15 showed a higher incidence of biopsy-proven acute rejection in this cohort.,HLA-DRB1*15,biopsy-proven acute rejection,positive,,4
92410355,HLA-DRB1*03,ABMR,Recipients carrying HLA-DRB1*03 showed a higher incidence of antibody-mediated rejection in this cohort.,HLA-DRB1*03,antibody-mediated rejection,positive,,2
93290380,HLA-DQB1*02:01,DSA,Recipients carrying HLA-DQB1*02:01 showed a higher incidence of de novo DSA in this cohort.,HLA-DQB1*02:01,de novo DSA,positive,,0
93290380,HLA-DQB1*06,DGF,Recipients carrying HLA-DQB1*06 showed a higher incidence of DGF in this cohort.,HLA-DQB1*06,DGF,positive,,5
93290380,HLA-DRB1*04:02,DGF,Recipients carrying HLA-DRB1*04:02 showed a higher incidence of DGF in this cohort.,HLA-DRB1*04:02,DGF,positive,,9
93898287,HLA-A*02,acute_rejection,Recipients carrying HLA-A*02 showed a higher incidence of biopsy-proven acute rejection in this cohort.,HLA-A*02,biopsy-proven acute rejection,positive,,6
94180238,HLA-A*01,CMV,Recipients carrying HLA-A*01 showed a higher incidence of CMV infection in this cohort.,HLA-A*01,CMV infection,positive,,7
94191586,HLA-A*01:01,acute_rejection,Recipients carrying HLA-A*01:01 showed a higher incidence of acute rejection in this cohort.,HLA-A*01:01,acute rejection,positive,,7
94191586,HLA-B*07:01,graft_loss,Recipients carrying HLA-B*07:01 showed a higher incidence of death-censored graft loss in this cohort.,HLA-B*07:01,death-censored graft loss,positive,,4
94191586,HLA-DPB1*01:01,NODAT,Recipients carrying HLA-DPB1*01:01 showed a higher incidence of new-onset diabetes after transplantation in this cohort.,HLA-DPB1*01:01,new-onset diabetes after transplantation,positive,,3
94191586,HLA-DPB1*04,graft_survival,Recipients carrying HLA-DPB1*04 showed a higher incidence of death-censored graft survival in this cohort.,HLA-DPB1*04,death-censored graft survival,positive,,8
94288202,HLA-A*01,HLA_mismatch_outcome,Recipients carrying HLA-A*01 showed a higher incidence of HLA mismatch in this cohort.,HLA-A*01,HLA mismatch,positive,,8
94288202,HLA-DQB1*06,sensitization,We found no significant association between HLA-DQB1*06 and HLA sensitization in this cohort.,HLA-DQB1*06,HLA sensitization,negated,no significant,5
94571826,HLA-A*01:01,acute_rejection,We found no significant association between HLA-A*01:01 and acute rejection in this cohort.,HLA-A*01:01,acute rejection,negated,no significant,9
94571826,HLA-DPB1*04:02,CMV,Recipients carrying HLA-DPB1*04:02 showed a higher incidence of CMV disease in this cohort.,HLA-DPB1*04:02,CMV disease,positive,,5
94697764,HLA-DPB1*04,eGFR,Recipients carrying HLA-DPB1*04 showed a higher incidence of impaired eGFR in this cohort.,HLA-DPB1*04,impaired eGFR,positive,,8
94697764,HLA-DQB1*02:01,DSA,Recipients carrying HLA-DQB1*02:01 showed a higher incidence of donor-specific antibodies in this cohort.,HLA-DQB1*02:01,donor-specific antibodies,positive,,7
94879557,HLA-A*01,eGFR,Recipients carrying HLA-A*01 showed a higher incidence of impaired eGFR in this cohort.,HLA-A*01,impaired eGFR,positive,,8
94879557,HLA-DRB1*04,CMV,Recipients carrying HLA-DRB1*04 showed a higher incidence of CMV disease in this cohort.,HLA-DRB1*04,CMV disease,positive,,3
95063153,HLA-DPB1*04,chronic_rejection,Recipients carrying HLA-DPB1*04 showed a higher incidence of IFTA in this cohort.,HLA-DPB1*04,IFTA,positive,,0
95063153,HLA-DPB1*04,sensitization,Recipients carrying HLA-DPB1*04 showed a higher incidence of sensitization in this cohort.,HLA-DPB1*04,sensitization,positive,,3
95063153,HLA-DRB1*03:02,skin_cancer,Recipients carrying HLA-DRB1*03:02 showed a higher incidence of cutaneous squamous cell carcinoma in this cohort.,HLA-DRB1*03:02,cutaneous squamous cell carcinoma,positive,,8
95381661,HLA-B*07,BK_nephropathy,Recipients carrying HLA-B*07 showed a higher incidence of BK viremia in this cohort.,HLA-B*07,BK viremia,positive,,7
95381661,HLA-DQB1*02,DSA,Recipients carrying HLA-DQB1*02 showed a higher incidence of de novo DSA in this cohort.,HLA-DQB1*02,de novo DSA,positive,,1
95381661,HLA-DRB1*04,complement_activation,Recipients carrying HLA-DRB1*04 showed a higher incidence of C4d deposition in this cohort.,HLA-DRB1*04,C4d deposition,positive,,8
95482292,HLA-DQB1*02:01,ABMR,We found no significant association between HLA-DQB1*02:01 and ABMR in this cohort.,HLA-DQB1*02:01,ABMR,negated,no significant,2
95592608,HLA-A*02,CMV,Recipients carrying HLA-A*02 showed a higher incidence of CMV disease in this cohort.,HLA-A*02,CMV disease,positive,,4
95592608,HLA-B*07,acute_rejection,Recipients carrying HLA-B*07 showed a higher incidence of biopsy-proven acute rejection in this cohort.,HLA-B*07,biopsy-proven acute rejection,positive,,5
95729393,HLA-DPB1*01,acute_rejection,We found no significant association between HLA-DPB1*01 and acute rejection in this cohort.,HLA-DPB1*01,acute rejection,negated,no significant,4
95729393,HLA-DQB1*03,acute_rejection,Recipients carrying HLA-DQB1*03 showed a higher incidence of biopsy-proven acute rejection in this cohort.,HLA-DQB1*03,biopsy-proven acute rejection,positive,,1
95729393,HLA-DRB1*04,sensitization,Recipients carrying HLA-DRB1*04 showed a higher incidence of HLA sensitization in this cohort.,HLA-DRB1*04,HLA sensitization,positive,,9
95758290,HLA-A*02:01,HLA_mismatch_outcome,Recipients carrying HLA-A*02:01 showed a higher incidence of eplet mismatch load in this cohort.,HLA-A*02:01,eplet mismatch load,positive,,7
95758290,HLA-DPB1*01,acute_rejection,Recipients carrying HLA-DPB1*01 showed a higher incidence of acute rejection in this cohort.,HLA-DPB1*01,acute rejection,positive,,8
95758290,HLA-DPB1*04,graft_survival,Recipients carrying HLA-DPB1*04 showed a higher incidence of death-censored graft survival in this cohort.,HLA-DPB1*04,death-censored graft survival,positive,,1
95758290,HLA-DQB1*03,graft_loss,Recipients carrying HLA-DQB1*03 showed a higher incidence of death-censored graft loss in this cohort.,HLA-DQB1*03,death-censored graft loss,positive,,6
95831286,HLA-B*07:01,IgA_nephropathy,Recipients carrying HLA-B*07:01 showed a higher incidence of IgA nephropathy in this cohort.,HLA-B*07:01,IgA nephropathy,positive,,0
95918360,HLA-A*01:02,graft_loss,Recipients carrying HLA-A*01:02 showed a higher incidence of graft loss in this cohort.,HLA-A*01:02,graft loss,positive,,1
95918360,HLA-eplet,DSA,Recipients carrying HLA-eplet showed a higher incidence of DSA in this cohort.,HLA-eplet,DSA,positive,,3
96087848,HLA-A*01,CMV,Recipients carrying HLA-A*01 showed a higher incidence of CMV disease in this cohort.,HLA-A*01,CMV disease,positive,,1
96087848,HLA-DQB1*02,graft_loss,Recipients carrying HLA-DQB1*02 showed a higher incidence of death-censored graft loss in this cohort.,HLA-DQB1*02,death-censored graft loss,positive,,7
96087848,HLA-DRB1*15,IgA_nephropathy,We found no significant association between HLA-DRB1*15 and recurrent IgA nephropathy in this cohort.,HLA-DRB1*15,recurrent IgA nephropathy,negated,no significant,5
96126771,HLA-DRB1*03:02,recurrent_GN,We found no significant association between HLA-DRB1*03:02 and GN recurrence in this cohort.,HLA-DRB1*03:02,GN recurrence,negated,no significant,5
96298460,HLA-A*01,CMV,Recipients carrying HLA-A*01 showed a higher incidence of CMV disease in this cohort.,HLA-A*01,CMV disease,positive,,5
96298460,HLA-A*01,complement_activation,Recipients carrying HLA-A*01 showed a higher incidence of C1q-binding DSA in this cohort.,HLA-A*01,C1q-binding DSA,positive,,4
96298460,HLA-DRB1*04,chronic_rejection,Recipients carrying HLA-DRB1*04 showed a higher incidence of interstitial fibrosis and tubular atrophy in this cohort.,HLA-DRB1*04,interstitial fibrosis and tubular atrophy,positive,,0
96298460,HLA-DRB1*04,sensitization,Recipients carrying HLA-DRB1*04 showed a higher incidence of HLA sensitization in this cohort.,HLA-DRB1*04,HLA sensitization,positive,,2
96368203,HLA-DQB1*06,graft_loss,We found no significant association between HLA-DQB1*06 and death-censored graft loss in this cohort.,HLA-DQB1*06,death-censored graft loss,negated,no significant,9
96368203,HLA-DRB1*04,HLA_mismatch_outcome,We found no significant association between HLA-DRB1*04 and eplet mismatch load in this cohort.,HLA-DRB1*04,eplet mismatch load,negated,no significant,8
97229186,HLA-DRB1*04,chronic_rejection,Recipients carrying HLA-DRB1*04 showed a higher incidence of interstitial fibrosis and tubular atrophy in this cohort.,HLA-DRB1*04,interstitial fibrosis and tubular atrophy,positive,,2
97688458,HLA-DPB1*01,DGF,Recipients carrying HLA-DPB1*01 showed a higher incidence of delayed graft function in this cohort.,HLA-DPB1*01,delayed graft function,positive,,3
97688458,HLA-DQB1*02,DGF,Recipients carrying HLA-DQB1*02 showed a higher incidence of delayed graft function in this cohort.,HLA-DQB1*02,delayed graft function,positive,,0
97694240,HLA-A*01,CMV,Recipients carrying HLA-A*01 showed a higher incidence of CMV viremia in this cohort.,HLA-A*01,CMV viremia,positive,,0
97694240,HLA-DPB1*04,sensitization,Recipients carrying HLA-DPB1*04 showed a higher incidence of sensitization in this cohort.,HLA-DPB1*04,sensitization,positive,,1
97754868,HLA-A*02:01,DGF,Recipients carrying HLA-A*02:01 showed a higher incidence of DGF in this cohort.,HLA-A*02:01,DGF,positive,,3
97754868,HLA-DRB1*04,HLA_mismatch_outcome,Recipients carrying HLA-DRB1*04 showed a higher incidence of eplet mismatch load in this cohort.,HLA-DRB1*04,eplet mismatch load,positive,,2
97758252,HLA-A*02:01,DGF,Recipients carrying HLA-A*02:01 showed a higher incidence of delayed graft function in this cohort.,HLA-A*02:01,delayed graft function,positive,,2
97758252,HLA-DPB1*04,graft_survival,Recipients carrying HLA-DPB1*04 showed a higher incidence of graft survival in this cohort.,HLA-DPB1*04,graft survival,positive,,7
97758252,HLA-DQB1*06:01,skin_cancer,We found no significant association between HLA-DQB1*06:01 and skin cancer in this cohort.,HLA-DQB1*06:01,skin cancer,negated,no significant,1
97758252,HLA-DRB1*04,eGFR,Recipients carrying HLA-DRB1*04 showed a higher incidence of eGFR decline in this cohort.,HLA-DRB1*04,eGFR decline,positive,,4
97766064,HLA-DQB1*02,DSA,Recipients carrying HLA-DQB1*02 showed a higher incidence of DSA in this cohort.,HLA-DQB1*02,DSA,positive,,7
97766064,HLA-DRB1*04,sensitization,Recipients carrying HLA-DRB1*04 showed a higher incidence of sensitization in this cohort.,HLA-DRB1*04,sensitization,positive,,9
97949650,HLA-A*01,eGFR,We found no significant association between HLA-A*01 and reduced estimated GFR in this cohort.,HLA-A*01,reduced estimated GFR,negated,no significant,3
97949650,HLA-DPB1*04,eGFR,Recipients carrying HLA-DPB1*04 showed a higher incidence of impaired eGFR in this cohort.,HLA-DPB1*04,impaired eGFR,positive,,9
97949650,HLA-DQB1*06,acute_rejection,We found no significant association between HLA-DQB1*06 and biopsy-proven acute rejection in this cohort.,HLA-DQB1*06,biopsy-proven acute rejection,negated,no significant,6
98256603,HLA-A*02:02,acute_rejection,Recipients carrying HLA-A*02:02 showed a higher incidence of acute rejection in this cohort.,HLA-A*02:02,acute rejection,positive,,3
98256603,HLA-DRB1*15,DGF,Recipients carrying HLA-DRB1*15 showed a higher incidence of delayed graft function in this cohort.,HLA-DRB1*15,delayed graft function,positive,,4
98393430,HLA-A*01,CMV,Recipients carrying HLA-A*01 showed a higher incidence of CMV disease in this cohort.,HLA-A*01,CMV disease,positive,,8
98393430,HLA-DPB1*04,CMV,Recipients carrying HLA-DPB1*04 showed a higher incidence of CMV viremia in this cohort.,HLA-DPB1*04,CMV viremia,positive,,9
98393430,HLA-DQB1*03:01,sensitization,Recipients carrying HLA-DQB1*03:01 showed a higher incidence of sensitization in this cohort.,HLA-DQB1*03:01,sensitization,positive,,0
98487646,HLA-A*01,HLA_mismatch_outcome,Recipients carrying HLA-A*01 showed a higher incidence of antigen mismatch in this cohort.,HLA-A*01,antigen mismatch,positive,,7
98487646,HLA-B*08:02,IgA_nephropathy,We found no significant association between HLA-B*08:02 and recurrent IgA nephropathy in this cohort.,HLA-B*08:02,recurrent IgA nephropathy,negated,no significant,6
98514011,HLA-A*01,eGFR,We found no significant association between HLA-A*01 and eGFR decline in this cohort.,HLA-A*01,eGFR decline,negated,no significant,8
98514011,HLA-DPB1*04,complement_activation,Recipients carrying HLA-DPB1*04 showed a higher incidence of C1q-binding DSA in this cohort.,HLA-DPB1*04,C1q-binding DSA,positive,,3
98632237,HLA-DQB1*03,graft_loss,Recipients carrying HLA-DQB1*03 showed a higher incidence of graft loss in this cohort.,HLA-DQB1*03,graft loss,positive,,3
98632237,HLA-DRB1*04,graft_survival,Recipients carrying HLA-DRB1*04 showed a higher incidence of death-censored graft survival in this cohort.,HLA-DRB1*04,death-censored graft survival,positive,,7
98728736,HLA-A*02,acute_rejection,Recipients carrying HLA-A*02 showed a higher incidence of acute rejection in this cohort.,HLA-A*02,acute rejection,positive,,4
98728736,HLA-DPB1*04,chronic_rejection,Recipients carrying HLA-DPB1*04 showed a higher incidence of chronic rejection in this cohort.,HLA-DPB1*04,chronic rejection,positive,,6
98728736,HLA-DQB1*03,DGF,Recipients carrying HLA-DQB1*03 showed a higher incidence of delayed graft function in this cohort.,HLA-DQB1*03,delayed graft function,positive,,7
98732634,HLA-A*02,acute_rejection,Recipients carrying HLA-A*02 showed a higher incidence of acute rejection in this cohort.,HLA-A*02,acute rejection,positive,,4
98732634,HLA-DPB1*04,HLA_mismatch_outcome,Recipients carrying HLA-DPB1*04 showed a higher incidence of antigen mismatch in this cohort.,HLA-DPB1*04,antigen mismatch,positive,,0
98732634,HLA-DPB1*04,chronic_rejection,Recipients carrying HLA-DPB1*04 showed a higher incidence of interstitial fibrosis and tubular atrophy in this cohort.,HLA-DPB1*04,interstitial fibrosis and tubular atrophy,positive,,6
98916958,HLA-A*01:01,graft_loss,Recipients carrying HLA-A*01:01 showed a higher incidence of allograft failure in this cohort.,HLA-A*01:01,allograft failure,positive,,4
98916958,HLA-DRB1*04,HLA_mismatch_outcome,Recipients carrying HLA-DRB1*04 showed a higher incidence of antigen mismatch in this cohort.,HLA-DRB1*04,antigen mismatch,positive,,7
99041184,HLA-B*07,DGF,Recipients carrying HLA-B*07 showed a higher incidence of delayed graft function in this cohort.,HLA-B*07,delayed graft function,positive,,3
99041184,HLA-DRB1*04,HLA_mismatch_outcome,Recipients carrying HLA-DRB1*04 showed a higher incidence of HLA mismatch in this cohort.,HLA-DRB1*04,HLA mismatch,positive,,5
99301859,HLA-B*07,acute_rejection,Recipients carrying HLA-B*07 showed a higher incidence of biopsy-proven acute rejection in this cohort.,HLA-B*07,biopsy-proven acute rejection,positive,,2
99301859,HLA-mismatch,acute_rejection,Recipients carrying HLA-mismatch showed a higher incidence of acute rejection in this cohort.,HLA-mismatch,acute rejection,positive,,4
99416497,HLA-A*01:01,DGF,Recipients carrying HLA-A*01:01 showed a higher incidence of DGF in this cohort.,HLA-A*01:01,DGF,positive,,6
99416497,HLA-DPB1*04,chronic_rejection,Recipients carrying HLA-DPB1*04 showed a higher incidence of IFTA in this cohort.,HLA-DPB1*04,IFTA,positive,,7
99416497,HLA-DPB1*04,complement_activation,We found no significant association between HLA-DPB1*04 and C1q-binding DSA in this cohort.,HLA-DPB1*04,C1q-binding DSA,negated,no significant,8
99416497,HLA-eplet,NODAT,Recipients carrying HLA-eplet showed a higher incidence of new-onset diabetes after transplantation in this cohort.,HLA-eplet,new-onset diabetes after transplantation,positive,,0
99447205,HLA-DRB1*04,chronic_rejection,We found no significant association between HLA-DRB1*04 and IFTA in this cohort.,HLA-DRB1*04,IFTA,negated,no significant,8
99635939,HLA-A*01,graft_loss,Recipients carrying HLA-A*01 showed a higher incidence of death-censored graft loss in this cohort.,HLA-A*01,death-censored graft loss,positive,,8
99635939,HLA-B*07,DGF,Recipients carrying HLA-B*07 showed a higher incidence of DGF in this cohort.,HLA-B*07,DGF,positive,,2
99635939,HLA-B*07,acute_rejection,Recipients carrying HLA-B*07 showed a higher incidence of biopsy-proven acute rejection in this cohort.,HLA-B*07,biopsy-proven acute rejection,positive,,1
99945021,HLA-A*02:02,graft_loss,Recipients carrying HLA-A*02:02 showed a higher incidence of allograft failure in this cohort.,HLA-A*02:02,allograft failure,positive,,5
99945021,HLA-DPB1*01,graft_loss,Recipients carrying HLA-DPB1*01 showed a higher incidence of graft loss in this cohort.,HLA-DPB1*01,graft loss,positive,,6
